-0.11977995157988741,0.00851203886207831
-0.1197799570569267,0.008512038895398255
-0.11977997661017399,0.008512038867514
-0.11977998754402176,0.008512038841440464
-0.11977999394142275,0.008512038842879883
-0.11977999541762771,0.008512038845467836
-0.11977998788303895,0.008512038866737813
-0.11977997008149634,0.008512038916137474
-0.11977994495977487,0.008512038830307081
-0.11977994801726269,0.00851203893716687
-0.1197799544108714,0.008512038822657542
-0.11862523045382249,0.008512035533303222
-0.11631513574182402,0.008512031375538909
-0.1128495122682607,0.008512025043244555
-0.10822843097620036,0.00851201985727687
-0.10245188419446731,0.008512016416031262
-0.09565572739108932,0.008512267931991743
-0.08885957720707544,0.00851369284883221
-0.08206293468300732,0.008516783103240003
-0.07526575740211718,0.008520781916069874
-0.06846828691171297,0.008525919034179985
-0.06167014314809471,0.008531832306489935
-0.054870940296827146,0.008536549323025723
-0.04807155087212481,0.008539059304974974
-0.041272450698529715,0.008541109463714436
-0.03447339897370699,0.008544964531599093
-0.027673634842663778,0.008550648606576667
-0.020873005546519385,0.008556586681981806
-0.014071619363750846,0.008560961203408258
-0.007270103511607781,0.00856356922110195
-0.00046872318552522983,0.008565768933436147
0.00633257635050044,0.008569539813395654
0.01313448919423815,0.008575159870073082
0.01993728582220671,0.00858116499431126
0.02674086505221442,0.008585563531054037
0.033544531816783706,0.0085881343261639
0.04034803313904614,0.00859032760789569
0.04715145784808421,0.008594099508504031
0.05395547940109974,0.008599697816573229
0.0607600442070516,0.008605690953819902
0.06756434059832216,0.008610121803788458
0.07436728569105872,0.008612660307477432
0.0811685267749924,0.008614805685386666
0.08796814080699868,0.00861857048466927
0.094766821680759,0.008624189268020058
0.10156479328050375,0.008630180333849189
0.10836231708911898,0.008634557236007942
0.1151589227127766,0.00863709191977066
0.12195516697386845,0.008639302644371783
0.12875129233875865,0.00864309177045022
0.13554808022848983,0.00864868327390896
0.14234577117147912,0.008654637496528231
0.1491442755630327,0.008659057797556187
0.1559429038987444,0.008661631507875224
0.1627413934345356,0.008663861087721726
0.16953983074300732,0.008667639779852904
0.17633889863267677,0.008673250462104173
0.18313884921144505,0.00867925615145762
0.18993958429551683,0.008683672144745004
0.19674040884344016,0.008686256683424032
0.20354104534017345,0.008688458028040321
0.2103415653079093,0.008692250492503783
0.21714298062162188,0.00869787269245533
0.22394495563921754,0.008704272659716373
0.23074748532559877,0.008711177977904461
0.23755098928265747,0.008717042101217187
0.24435488124029273,0.008720867220533718
0.2511582109943026,0.008724051030027904
0.2579606528352097,0.008728987278001159
0.2647627612925008,0.008735861417164308
0.2715643352618266,0.008743021137593026
0.2783651018193814,0.008748538326889467
0.2851644286476409,0.00875226645752317
0.29196243577571884,0.008755642282203213
0.2987593816916977,0.008760582718442014
0.30555630300715353,0.008767340505552768
0.3123538738513345,0.008774492627189958
0.3191522975458553,0.008780060858600417
0.3259509804815531,0.008783798513618631
0.33274965393147665,0.008787183825622963
0.3395484057342413,0.008792124015675204
0.34634791586152,0.008798897272931941
0.3531484365116299,0.008806065946257583
0.3599498828019805,0.008811651868822386
0.3667515676995424,0.00881540396757329
0.3735532289427014,0.008818761579916299
0.38035487600591517,0.008823689452356776
0.3871571771770874,0.00883006684033697
0.3939600883996931,0.008834786672868213
0.4007621037857582,0.008837059022541213
0.4075627538726416,0.008839143192458874
0.41436235402114796,0.00884310899537157
0.42116152232366366,0.008848744796899649
0.427960527621171,0.008854627914736037
0.4347594898699537,0.008859063896261225
0.44155801634710984,0.008861667811029017
0.4483560650812033,0.008863854706458353
0.45515393831378476,0.008867594394269481
0.46195254616897785,0.008873223892221282
0.4687522155946763,0.008879221413879897
0.47555281760891455,0.008883636285618312
0.4823536531929551,0.0088862210955334
0.4891548189309438,0.008888029490355814
0.4959565115942612,0.008888931387433853
0.5027580271706527,0.008888794201420335
0.509558767404627,0.008889851376097565
0.5163594537231662,0.008893234781692922
0.5231604766188135,0.008897064667591995
0.5299614321134483,0.0088990266515631
0.5367615683184292,0.008899193035763173
0.5435607810195378,0.008899136083209686
0.550359289592899,0.008900613327667268
0.5571578459245863,0.00890382534343405
0.563956858797718,0.008907454242027515
0.5707564399994686,0.008909569267238791
0.5775560202332606,0.008909834823368025
0.584355414819684,0.008909677676144838
0.5911551243593689,0.00891072748179343
0.5979560736799069,0.00891113133740064
0.6047573089889402,0.008909029927998153
0.6115579108098605,0.008906198699169976
0.6183581051906949,0.008905404331048623
0.6251586853726581,0.008906514453247227
0.6319596160870601,0.008907747788034392
0.6387606065821541,0.008907390539470185
0.645561091456655,0.008905379828567627
0.6523608046631845,0.008902935436438785
0.6591597975971455,0.00890200536829494
0.665958850259366,0.008902932261642352
0.672758329118207,0.0089042694443773
0.6795582196879397,0.008904020601981368
0.6863579218804712,0.008901915928519185
0.6931576227673256,0.008899046101122462
0.6999577370694084,0.008895273911079282
0.7067581473711559,0.008890064519108285
0.7135586627217619,0.008883613390057242
0.7203590122198563,0.008876556967610602
0.7271589395873843,0.0088707901573072
0.7339590970318842,0.008867070738886386
0.7407594918839767,0.00886421454526411
0.7475599579789242,0.008861742746232268
0.7543607559888943,0.008858194306420736
0.7611612952381626,0.008852714274208435
0.7679610225635256,0.00884659960490985
0.7747601099509257,0.008842153700671063
0.7815594123759307,0.008839694140970515
0.7883591801762997,0.008837472919602563
0.7951593341208496,0.008833694401878834
0.8019592761985874,0.008828114545695815
0.8087591731908702,0.008821768244979883
0.8155593844999367,0.008814477621869253
0.8223597704629924,0.008805750144324753
0.829160173488494,0.008795795939481136
0.8359603507514066,0.008785244236071934
0.842760064863369,0.008775971671341535
0.8495599986362232,0.008768734873652439
0.8563605096260304,0.008761969745268577
0.8631614111275413,0.008753532278120573
0.8699619002848376,0.008743211240725262
0.8767617699949466,0.00873257357980782
0.8835611285102065,0.008723548929517759
0.8903609861770142,0.00871589741534632
0.8971615268477778,0.008706544340252469
0.9039616532804043,0.008694851784710186
0.9107614401933374,0.008682573653576237
0.9175615628979807,0.008669609214435424
0.9243618689931482,0.008655065876621027
0.9311620485147176,0.008639190828039964
0.9379619599922386,0.008622795850963672
0.9447614554706502,0.008607758740898854
0.9515612044325522,0.008594659358789078
0.9583615637834924,0.008582033472941668
0.9651623648262532,0.008567756978935755
0.9719628496964945,0.008551618990300505
0.9787627626489619,0.008535159909215988
0.9855622359841971,0.00852024919036064
0.9923622431520643,0.008506776524671165
0.9991629715376038,0.008491596785151217
1.0059632489808978,0.008474068682323949
1.0127631640977859,0.008455942398865284
1.019563342468027,0.008437150082858632
1.0263636490786412,0.008416767191944324
1.0331637577244257,0.008395039934247426
1.0399635690143965,0.008372796232503067
1.0467629239114664,0.008351932998992107
1.0535625252512828,0.008333014601455023
1.0603627584683712,0.008314550420822065
1.0671634419950733,0.008294415574895795
1.0739638496903965,0.008272446692372634
1.080763728091895,0.008250160291467499
1.0875635444897895,0.008229023231987119
1.0943641767496062,0.008207194977769736
1.1011647392577428,0.008182916302025592
1.107964790882669,0.008157522208553527
1.1147649472329884,0.008131654436110686
1.121565302363794,0.008104425583520565
1.1283654789146846,0.008075693733055804
1.1351655779811585,0.00804597050702495
1.1419654335607516,0.008015625993101233
1.148764722977041,0.007986434328402322
1.1555641951960791,0.00795935363601282
1.1623643343179617,0.007932804434273093
1.1691649336011467,0.007904463555042174
1.1759652375031375,0.007874286018342946
1.1827650147356978,0.007843844953124362
1.1895647690235316,0.007814550168556167
1.196365382120652,0.00778453725846938
1.2031659383766349,0.007752079783308979
1.2099659966870926,0.00771853148700813
1.2167661681521338,0.007684479922256873
1.2235665269907914,0.007649067340208795
1.230366729890208,0.007612159252367888
1.2371664957755477,0.007574652605931651
1.2439657414198768,0.007538636415543139
1.2507652404682033,0.00750456326346467
1.257565327815769,0.007470909748983706
1.2643658224211065,0.0074355553293003595
1.271166029942145,0.007398439359304627
1.277965740347095,0.007360956264861768
1.2847650550502732,0.0073250264152728475
1.291564968113158,0.007290509329327727
1.298365660115948,0.0072543299528083855
1.3051659668339621,0.007215778258877871
1.3119659313889693,0.007176629735168766
1.3187661892685183,0.00713681342822728
1.3255665645913448,0.007095407935953688
1.3323667450158485,0.007052662860941147
1.3391669125277397,0.007009018701598243
1.345967164409948,0.0069642322943771345
1.3527670396459042,0.006918522068225224
1.359566235556054,0.0068741449058172905
1.3663656669213113,0.006831984062683338
1.3731657519282836,0.006790208878280702
1.379966209632962,0.006746654727296996
1.3867663187487094,0.006701317674546801
1.393566290336849,0.006655299259834188
1.4003664824295967,0.006608320456346998
1.4071666997866608,0.006559874364828217
1.4139667938093148,0.006510208921323875
1.4207668937353317,0.006459563451343542
1.427567054569578,0.006407727270681568
1.4343671948227938,0.006354624013073637
1.4411669673204321,0.0063007706635565125
1.4479661577651235,0.006248323546618737
1.454765595790695,0.006197911915116502
1.4615656623799924,0.006147950236566002
1.4683661214270638,0.006096253269551213
1.4751662379634418,0.006042750718283268
1.481965853014225,0.0059889175517012835
1.4887653960169782,0.005936282328851301
1.495565786477639,0.005882942003319707
1.5023660881035157,0.005827112727019049
1.509165940354635,0.005770204018193137
1.5159659358632853,0.005712795004579386
1.5227661468540308,0.005654022560721761
1.5295662180363532,0.005593757899751799
1.5363658625292687,0.005532911731674254
1.543165016355205,0.005473518959598796
1.549964412208094,0.005416093446917101
1.5567643691373103,0.005359067771928771
1.563564719035627,0.005300386052919676
1.570364774261068,0.005239891437665663
1.57716429482474,0.005179066759269472
1.5839634407594143,0.005119811707007789
1.5907631968084832,0.005061917369276544
1.5975637285747237,0.005002387027470337
1.6043638530751645,0.0049404594256566275
1.6111636425674625,0.0048779612619254155
1.617963720163266,0.004814802304871715
1.6247638679086902,0.0047500184007172345
1.6315638126126646,0.004683915520299991
1.6383637262476767,0.004616921904607602
1.645163733635747,0.004548781081911054
1.6519633777358724,0.00447971528647917
1.6587623831357527,0.004411987564157975
1.6655616472050925,0.004346470450020801
1.6723615854685066,0.00428135280090595
1.6791619152499622,0.0042144299085358885
1.6859618845885171,0.004145738826784063
1.69276169894357,0.004076357123685206
1.6995617089448862,0.004006039401711961
1.7063617065396817,0.003934218898064012
1.7131615773694298,0.003861196023940688
1.7199614561345675,0.0037871980036128486
1.7267613933505679,0.0037120051074338873
1.7335609642104117,0.003635947995777971
1.7403599243931063,0.003561237774924565
1.747159139433232,0.003488686554777911
1.7539589947913057,0.0034165447167735746
1.7607592374758607,0.003342652881967844
1.7675591068860637,0.0032669580379723886
1.7743584908811376,0.003190963614618976
1.7811574823880605,0.0031165427442647765
1.7879570829823974,0.0030434773567000603
1.7947574462305345,0.0029687345138570383
1.8015574072230938,0.002891642731140039
1.808357034430028,0.0028139628188548014
1.8151569554988938,0.002735598928360917
1.8219569694878797,0.0026556605843416473
1.8287567572087036,0.002574377666221967
1.8355561678638457,0.0024926088782635768
1.8423550991579365,0.002412144495948357
1.849154224908154,0.002333686208421513
1.8559539472957136,0.002255648533140735
1.8627541101071894,0.00217597910197154
1.8695539620443673,0.0020944456826190645
1.8763532942536987,0.0020125912897608384
1.8831522507194374,0.001932322725548626
1.8899518234661175,0.0018534215108774177
1.896752142478477,0.001772851875372888
1.9035520365720202,0.0016899105644777547
1.9103515627138428,0.0016064060807101054
1.9171513772743263,0.0015222158309182738
1.9239512859198573,0.0014364207042862384
1.9307509975774941,0.001349307616377264
1.93755035756696,0.0012616990698296519
1.9443492417932349,0.0011753912371029822
1.9511483363139002,0.001091087097768363
1.95794800979637,0.0010072478855955315
1.9647480814628073,0.0009216991000397235
1.9715478485339717,0.0008343375696969228
1.9783470749982004,0.0007466487558849693
1.9851459376464045,0.0006605491133354142
1.9919454212864123,0.0005757968497100826
1.998745671099791,0.0004894089216650612
2.0055455033983876,0.0004006161413825332
2.012344984278785,0.00031127043789159304
2.0191447489378755,0.00022124086199819598
2.025944590998695,0.00012961413560337592
2.032743872071693,3.704584457728638e-05
2.0395425524557815,-5.3936448210079227e-05
2.046341584686056,-0.0001427521366962331
2.0531409015002287,-0.00023089780173504007
2.0599403334165167,-0.0003187025945079886
2.0667402793569485,-0.0004074460626876382
2.0735401651583323,-0.0004981402626599766
2.0803394155582553,-0.0005895339717571569
2.0871385014707338,-0.0006795897870761155
2.0939385082029895,-0.0007701946800808033
2.1007384790598485,-0.0008633944369533056
2.107537893214462,-0.0009577362566157837
2.114337107048656,-0.001052105058585792
2.1211359921703776,-0.001145317643409293
2.1279349770209155,-0.0012368095853116173
2.1347345023936364,-0.0013276657822725141
2.1415345395311913,-0.0014201000847017572
2.1483342755665995,-0.0015144976293346246
2.1551334109443476,-0.0016092203730895523
2.1619321673243976,-0.001702326304422244
2.168731219058256,-0.0017936382213208028
2.1755307599294618,-0.0018846090332450007
2.1823307061607946,-0.001977130978433261
2.189130399044087,-0.00207144437981435
2.1959299110679833,-0.0021665678509268974
2.2027295939072813,-0.0022626037492420293
2.2095293145370913,-0.0023600728286076672
2.2163285750853956,-0.0024583644610548377
2.223127236449793,-0.002555209387380321
2.22992618979455,-0.002649928290052808
2.236725741021111,-0.002744300472770144
2.2435256604885807,-0.0028403748103937093
2.2503252512120504,-0.002938232428629833
2.257124361890887,-0.003036395130059994
2.2639230990867736,-0.003133027874043939
2.2707221066745094,-0.0032278847298515124
2.2775213041024656,-0.003321913433335752
2.2843206654152532,-0.0034154540489488173
2.2911205668960637,-0.0035100173496482737
2.2979203287480408,-0.0036066180453802016
2.3047197712516967,-0.003704243373516966
2.3115193449350366,-0.003802613968485025
2.318318701878958,-0.003901894171361428
2.3251173732593164,-0.004000125141009382
2.331916247809278,-0.004096031924075184
2.3387158068733753,-0.004191462218098792
2.345515762809027,-0.004288709948028417
2.3523153372098307,-0.004387802136876482
2.3591143940973494,-0.004487115167971838
2.3659131171416248,-0.004584884085716676
2.3727121051631213,-0.004680917057372245
2.3795116069118447,-0.004776522115594213
2.3863115349260573,-0.004873696056253665
2.393111173363543,-0.004972715865034498
2.399910610479084,-0.005072517231830573
2.4067098696059808,-0.005172816974152018
2.413508579511243,-0.005272046041009013
2.4203074241710762,-0.005369265197552459
2.427106915416475,-0.00546589502077533
2.433906883819674,-0.005564213881043802
2.4407064899484894,-0.0056644997181049105
2.4475055412373226,-0.005765010315858196
2.4543042309189023,-0.005863952409422101
2.461103203956991,-0.005961134753759977
2.4679026570700326,-0.006057932197514773
2.474702532842461,-0.006156271115613004
2.4815021508520814,-0.006256432005493909
2.488301246357303,-0.00635700964503021
2.495099942262733,-0.006455969136128356
2.5018989238711415,-0.00655310023187972
2.5086984309000626,-0.006649873293510479
2.5154983087676683,-0.006748258690334778
2.5222978965950036,-0.006848417748079213
2.5290969668873213,-0.00694898577489713
2.535895631154659,-0.007047940063589003
2.5426945864581763,-0.007145090032131761
2.5494940735173697,-0.0072418752010052585
2.5562939704568945,-0.007340230543148303
2.563093599548107,-0.00744039131589248
2.569892710392165,-0.007540954995817314
2.576691399501802,-0.007639899302031834
2.583490362972107,-0.007737064703041776
2.5902898489550603,-0.007833829736336433
2.5970897126028976,-0.007932205775848005
2.6038893072181906,-0.008032376616123129
2.6106887176754885,-0.008133332088425822
2.6174879699847677,-0.008234786212552813
2.6242866890858396,-0.00833520647491455
2.6310855395031774,-0.008433589563117606
2.637885039924851,-0.008531376703679492
2.644684979300721,-0.008630893520863716
2.651484556145151,-0.008732323214295127
2.6582835760177614,-0.008834009059751109
2.6650822387795348,-0.008934110295812155
2.6718811817880685,-0.009032447892668433
2.678680634410668,-0.009130424238480548
2.685480506890355,-0.009229903055983504
2.6922801090016826,-0.009331253524783244
2.699079188073368,-0.009432976030754122
2.705877873551585,-0.009533106679757002
2.712676844140168,-0.00963141937593467
2.71947631569698,-0.009729381742075794
2.726276176200324,-0.009828892898619379
2.7330757521914286,-0.00993022918094043
2.7398747930846996,-0.010031937555001293
2.7466734510995185,-0.010132074149407744
2.7534723991384342,-0.01023040112614627
2.760271882808622,-0.010328325661854442
2.7670717730254677,-0.01042785187283808
2.773871372068571,-0.010529201119915156
2.7806704505266024,-0.010630922531064086
2.787469106092051,-0.010731034937303896
2.794268035445033,-0.010829365473672387
2.801067496200481,-0.010927320896376345
2.8078673690100557,-0.011026846062671633
2.8146669700622278,-0.011128175215731156
2.8214660511543097,-0.011229897763030492
2.8282647238013543,-0.011330012955625064
2.835063673429306,-0.011428339225198026
2.8418631344442837,-0.011526290730618
2.8486629873740545,-0.011625803759635627
2.8554625646634766,-0.011727141565990465
2.862261631726197,-0.011828837861504776
2.869060305536248,-0.01192901275777874
2.875859272634669,-0.012027313652008528
2.8826587555774816,-0.012125259643234335
2.889458642681582,-0.01222476699282768
2.896258218032363,-0.012326115242518304
2.903057599625308,-0.012428237977319831
2.909856825914207,-0.012530844412885832
2.9166555215294054,-0.012632426651117244
2.923454345912292,-0.012731997411665372
2.9302538217192473,-0.012830921551680976
2.9370537430483443,-0.012931630586565867
2.9438532990988175,-0.013034220618237556
2.950652303967677,-0.013137072482856426
2.9574509500976025,-0.013238333957225396
2.964249884727689,-0.013337842216001459
2.9710493256047736,-0.013436990112760991
2.977849189318382,-0.013537620259880118
2.984648782296451,-0.013640136618128343
2.9914481863187277,-0.01374343416796677
2.9982477506978826,-0.013847619418342927
3.0050469911006226,-0.013952843163037703
3.011845527997601,-0.01405685229986983
3.0186442935840345,-0.014158551905324782
3.0254437623867143,-0.014259830689280831
3.0322436151908163,-0.014362952117028626
3.0390430987086083,-0.014467857757345628
3.0458421052108084,-0.014572992686246069
3.0526407636402664,-0.014676617809513676
3.0594396879215764,-0.014778485256561922
3.066239103292291,-0.014879936055052015
3.073038939112117,-0.014982915534691854
3.079838472536913,-0.01508775823724178
3.0866378009576643,-0.01519339133268659
3.0934372991175443,-0.01529990467981287
3.1002365024868346,-0.015407477915381234
3.1070350049821784,-0.015513809817940715
3.1138337556871996,-0.015617848707559341
3.1206332196051387,-0.01572146626329457
3.1274330756624344,-0.015826925927613183
3.1342325422103112,-0.015934159936980243
3.1410315102068034,-0.016041657954045673
3.147830102233232,-0.01614757464691712
3.1546289566981254,-0.016251782190869035
3.1614282959625513,-0.01635557429649797
3.1682280768976874,-0.016460889293698325
3.1750275836185313,-0.016568063495594816
3.1818265589595747,-0.016675627504463997
3.1886254785658954,-0.016781999723293643
3.1954252686573055,-0.016889034575616604
3.202224998422251,-0.016998566833040768
3.2090241991065613,-0.01710920259190401
3.215823193038614,-0.017219907509637398
3.222621813375037,-0.017329478669310342
3.2294205296969376,-0.017437303498563535
3.2362198020845105,-0.017544498004051442
3.2430195787578886,-0.017653288741347917
3.249819043863757,-0.017764029058051498
3.2566179456783364,-0.017875108464536608
3.263416487180258,-0.017984531510156294
3.270215322934851,-0.018092187256203877
3.2770146398237445,-0.018199498185910972
3.2838143532963695,-0.018308335097822714
3.2906137817308645,-0.018419001319714728
3.297413038077548,-0.01853046778999538
3.3042124678587994,-0.018642830303076036
3.311011931482102,-0.018756643573253493
3.317811257764105,-0.01887169316315123
3.324610232102958,-0.018987355133794126
3.331408658130262,-0.019101655637641983
3.3382073101458274,-0.01921398289752604
3.345006567512467,-0.019325845291670165
3.3518062492056084,-0.019439406092627048
3.3586056043245134,-0.019554788379150402
3.3654044458236885,-0.01967049032814296
3.372202922624335,-0.019784610757099776
3.3790016687812967,-0.01989695647343715
3.385800905919104,-0.020008917017044513
3.392600561560023,-0.020122408888079493
3.3993999068537493,-0.020237765792892565
3.406199079583771,-0.020353904158659467
3.412998430758571,-0.020470931079297854
3.419797816198199,-0.020589416297675273
3.4265970600510087,-0.020709139357432776
3.4333962867504866,-0.02082986676251834
3.440195197073767,-0.020951330883050293
3.4469935061144654,-0.02107161229140577
3.453792025723141,-0.02118972468494951
3.460591213634124,-0.021307391058002056
3.4673908207788537,-0.02142677676999474
3.4741900638712067,-0.021548040129058678
3.480988804367627,-0.021669556161435875
3.4877875210620175,-0.02178992793381322
3.4945870593897848,-0.021910999581987604
3.501386503767294,-0.022034540131122736
3.508185442848027,-0.02215916093427487
3.5149845186849573,-0.022284286994167818
3.5217837898308395,-0.022410782840215155
3.5285829120135164,-0.022538759486265703
3.535381605120589,-0.022667313585734622
3.542179817065926,-0.022794419872648422
3.548978308929462,-0.02291955557738484
3.5557773880601986,-0.02304428428488124
3.562576844844775,-0.023170683546271945
3.5693759628587123,-0.023298891311072337
3.576174567617429,-0.023427441672651362
3.5829727726884553,-0.023554413334912764
3.589771591306941,-0.023680000135228557
3.5965711510976623,-0.023807284761361534
3.603370302857943,-0.023936897964211876
3.610169107980701,-0.02406711599890315
3.6169682028074095,-0.024197996769505556
3.6237673854378882,-0.02433049002769025
3.630566361312205,-0.02446430686290782
3.637365314390943,-0.024599020217367266
3.6441643595637103,-0.02473488123064677
3.6509633343471504,-0.02487205995020869
3.6577618893364545,-0.025009981213113437
3.6645598808919972,-0.025146516943488056
3.67135812546035,-0.0252809271994281
3.678156994830642,-0.025414979043221243
3.6849562461973795,-0.02555074315948537
3.6917551646328133,-0.025688296218315945
3.6985539227227537,-0.025826572502689996
3.7053528796361492,-0.025965781688847337
3.712151849779955,-0.026106465754140537
3.718950675323557,-0.026248368933707498
3.72574947749623,-0.026391261013126496
3.732548305348965,-0.026535335335360434
3.7393470850242307,-0.026680675803888013
3.746145790095587,-0.026827149103398774
3.7529444971828996,-0.026974744551034335
3.759743195135101,-0.02712353377792644
3.7665415299341776,-0.02727310737577547
3.7733392941068202,-0.027421337140927843
3.780137324753576,-0.027567438136144016
3.7869359896175223,-0.02771314353415567
3.7937350296089063,-0.027860568757123016
3.800533687048346,-0.02800982117805884
3.807332180706618,-0.02815976395030961
3.814130868541772,-0.02831064300935735
3.8209295648548034,-0.028463005001183993
3.82772811846673,-0.028616577622353343
3.83452667263861,-0.028771145870615595
3.841325257055866,-0.028926898501539806
3.848123781311174,-0.029083918074300285
3.854922229312047,-0.02924205686411464
3.861720677027065,-0.029401332132887693
3.8685191089125492,-0.029561796242699175
3.8753175076370594,-0.029723444420410226
3.8821158863768197,-0.02988623720166489
3.8889142559905228,-0.030050196183043276
3.895712599067634,-0.03021534210674297
3.9025108903696966,-0.030381645797140307
3.90930914062872,-0.030549103826856536
3.91610736339084,-0.030717744650472216
3.92290555639697,-0.030887546356018415
3.9297037282948826,-0.031058514683770563
3.9365018820091837,-0.03123064851609215
3.9433000166262606,-0.03140395457369814
3.950098111721254,-0.031578435159021624
3.9568961691834468,-0.03175408256771793
3.9636941777712513,-0.031930878577604044
3.9704921609640484,-0.032108859964266816
3.977290114043095,-0.032287997518311275
3.984087714950196,-0.032467904122408145
3.9908850836602157,-0.03264687372971835
3.9976832635285358,-0.032826278282172786
4.004481470647375,-0.03300805109610471
4.011279145938895,-0.03319112069609007
4.018076867840556,-0.03337465110208907
4.024874808378778,-0.03355946184440662
4.031672593947731,-0.03374580098492838
4.038470254701236,-0.03393315746452806
4.045267979604514,-0.034121522450910255
4.0520657196486916,-0.03431117765285604
4.058863361205371,-0.034502065099468286
4.065660955846435,-0.03469403911317719
4.072458531413371,-0.03488715068751111
4.079256074190631,-0.03508149476432204
4.08605356711403,-0.035276990341196066
4.092851042233551,-0.03547362836940174
4.099648501383479,-0.035671441540555404
4.1064459310888575,-0.03587043643686832
4.113243333786422,-0.036070605774338335
4.120040679578891,-0.036271909482299844
4.126837990179716,-0.03647440912227257
4.133635256193387,-0.036678075853358666
4.140432478723059,-0.036882893544727846
4.147229679234514,-0.03708888424656653
4.1540268541946395,-0.03729604336769381
4.160824003249161,-0.03750437251142473
4.167621107737139,-0.03771387498004574
4.1744181687489625,-0.037924545265301604
4.181215174392154,-0.03813636413345389
4.188012148497887,-0.03834936775335837
4.194809086839469,-0.038563527476270246
4.201605997272909,-0.03877885523788119
4.2084028808221845,-0.03899534906559778
4.215199737301782,-0.039213013264260105
4.221996566434906,-0.039431859936481906
4.228793343477633,-0.039651849861005554
4.235590081413336,-0.039873024968458855
4.2423867571225715,-0.04009535042516553
4.249183396228469,-0.040318860240095095
4.255979987008157,-0.0405435309563144
4.262776552132582,-0.04076937368347668
4.26957308324053,-0.040996375232584766
4.2763695816810126,-0.041224545623820184
4.2831660511566305,-0.04145388196976536
4.289962491461379,-0.04168438407577915
4.2967588854808,-0.04191606638950422
4.30355522643698,-0.04214891292086705
4.31035150680562,-0.04238290475059603
4.317147757367688,-0.04261808816043617
4.323943944784202,-0.04285441636198798
4.330740110259236,-0.043091922622116904
4.337536244983166,-0.043330612386461076
4.344332344800399,-0.04357045275442509
4.3511284081890125,-0.043811461462282576
4.357924439051731,-0.044053638317380774
4.364720433576163,-0.04429699597024681
4.371516361488411,-0.04454149454733895
4.378312247600951,-0.04478718145770494
4.385108073188875,-0.04503401853047843
4.391903854036568,-0.04528203713317372
4.398699598534858,-0.04553121230256697
4.405495310520097,-0.045781553729948604
4.412290989419419,-0.04603307585822163
4.41908663388079,-0.046285760465969945
4.425882239544771,-0.04653960370278709
4.432677794666608,-0.04679460568477682
4.439473297073295,-0.047050797565025435
4.446268747936541,-0.04730815376068613
4.453064135749641,-0.04756665880748932
4.459859483871998,-0.04782634963458596
4.466654788266943,-0.048087196921460205
4.4734500568390585,-0.04834921213514112
4.480245290711215,-0.048612393130450265
4.4870404895256675,-0.04887674393241535
4.49383565297401,-0.04914227616725412
4.500630765318571,-0.04940895475117871
4.507425827980759,-0.04967681204742048
4.514220820137366,-0.049945812352750495
4.521015764554055,-0.050216004162850714
4.527810649582884,-0.05048735328544359
4.534605500861284,-0.0507598746001715
4.541400310036767,-0.051033555127377506
4.548195078440976,-0.05130840516746468
4.55498980984558,-0.0515844219559625
4.561784504080313,-0.05186160519933105
4.568579155569797,-0.0521399729758818
4.5753737351980615,-0.05241948356596366
4.582168258410666,-0.05270017409074533
4.588962729875464,-0.052982034509488435
4.595757137662085,-0.05326504197054825
4.60255150928982,-0.05354922609165034
4.609345842185045,-0.05383459225011949
4.61614013227678,-0.0541211074985041
4.622934377883592,-0.054408789758110275
4.629728582887953,-0.05469763929968034
4.63652274333768,-0.054987669373560186
4.6433168292600735,-0.055278840440422895
4.650110865136324,-0.05557120045672499
4.656904832530752,-0.055864711232508746
4.663698747075684,-0.05615940418898482
4.670492617378851,-0.05645525419374502
4.677286447235403,-0.05675227066042024
4.684080235949367,-0.057050467701625945
4.6908739824021985,-0.057349826707599055
4.697667682212643,-0.05765034344141962
4.704461336602698,-0.057952028360261525
4.711254935218411,-0.05825488899778297
4.718048457366795,-0.0585588921349174
4.724841925660829,-0.05886408464968951
4.731635333969556,-0.05917044133059688
4.7384286811938985,-0.05947795064508951
4.745221987494538,-0.05978663209561944
4.752015250980275,-0.06009647999693935
4.758808471269014,-0.060407498502494
4.76560164810303,-0.060719699231805355
4.77239474558215,-0.06103303740098115
4.779187787699681,-0.0613475648839401
4.785980769262102,-0.06166324282191341
4.79277369251152,-0.06198010076805423
4.799566568177467,-0.062298115364962645
4.80635939949151,-0.06261729549410153
4.813152186000556,-0.06293764500814542
4.819944927418629,-0.06325917557368693
4.826737608255386,-0.06358185207235832
4.833530229656391,-0.06390570712058978
4.840322771119574,-0.06423070500754975
4.847115255029158,-0.06455689459206473
4.853907676351046,-0.06488423531303052
4.860700047619236,-0.06521276102455441
4.86749236764376,-0.0655424390439457
4.874284637310175,-0.06587328601736325
4.8810768604135335,-0.0662052988894374
4.887869036816706,-0.06653847721021251
4.894661165721036,-0.06687283568439627
4.901453225641331,-0.06720834791413383
4.908245224007797,-0.06754503526703552
4.915037139198293,-0.06788286409273452
4.92182899152597,-0.06822188462583627
4.928620786074232,-0.06856205400903409
4.935412533369312,-0.06890341090597321
4.942204228348064,-0.06924591702033762
4.948995869217193,-0.06958959034671874
4.955787459902212,-0.06993443119758964
4.962578988710941,-0.0702804492264072
4.969370442898782,-0.07062761432965624
4.976161835636588,-0.07097596462957173
4.982953156815892,-0.07132546066893652
4.989744427866052,-0.07167615435201495
4.9965356455128,-0.07202799286830783
5.003326807529162,-0.07238099789363478
5.01011791781242,-0.0727351693204485
5.0169089646502,-0.07309051661739803
5.023699925166954,-0.07344700448454206
5.0304908310008996,-0.0738046861818903
5.03728165900746,-0.0741635127588053
5.044072441921952,-0.07452352836858117
5.050863169368622,-0.07488469349876081
5.057653839501675,-0.07524702594495039
5.064444456237055,-0.07561052587711348
5.07123502072745,-0.07597519193474099
5.078025518302058,-0.076341035955474
5.0848159332861655,-0.0767080374332543
5.091606271514258,-0.07707619924334923
5.098396546630964,-0.07744553779845274
5.105187063427578,-0.07781646427096922
5.111978001472091,-0.07819105870005619
5.118768510005049,-0.07857005429735359
5.12555823171524,-0.07895183990836836
5.132347505065696,-0.07933415790374375
5.139137074602002,-0.07971700351833873
5.145926706242111,-0.08010152749670985
5.152716019681061,-0.0804874095326442
5.159505245828712,-0.0808741607794215
5.166294531881021,-0.08126201191893605
5.173084040454326,-0.08165166587823729
5.179873886388548,-0.08204495790260684
5.186663312689802,-0.08244255343672369
5.193452300713651,-0.08284337025480072
5.20024127721233,-0.08324732333456342
5.207030137244492,-0.08365501204431346
5.21381865142608,-0.08406632561495281
5.2206069303843465,-0.08448098655118368
5.2273950551836075,-0.08489910207335129
5.234182942351319,-0.08532078907427816
5.240970574115948,-0.08574599333930397
5.247758005244086,-0.086174614007653
5.254545238165714,-0.08660675183290681
5.261332246022116,-0.08704241185248617
5.268119032578928,-0.08748155021353335
5.274905607932278,-0.08792419087211899
5.281691946283679,-0.08837033023585703
5.2884780439838845,-0.0888199815356975
5.295263887397658,-0.08927307676621521
5.302049502341299,-0.08972971426888875
5.308834866245399,-0.0901898142624507
5.315620005617925,-0.09065345137554301
5.322404914546277,-0.09112054319946326
5.329189587229783,-0.09159113154221006
5.335974024993685,-0.09206521631188867
5.342758227963832,-0.09254279247353898
5.349542190341039,-0.09302387526046638
5.356325885737239,-0.09350844263107765
5.36310932894917,-0.09399651623891692
5.369892500988226,-0.09448807036751543
5.376675406180228,-0.09498312224055745
5.3834580677208095,-0.0954816668818376
5.390240477593317,-0.0959837240875927
5.397022638458595,-0.09648928584577199
5.403804544151106,-0.09699831555953353
5.410586192742021,-0.09751084619304255
5.417367570365899,-0.09802688934843805
5.4241486611206495,-0.09854637835332904
5.430929488958768,-0.09906940723664176
5.437710029936634,-0.09959588899180245
5.444490312044427,-0.10012589086263081
5.451270330621877,-0.1006593965767147
5.458050079520358,-0.10119636946917919
5.464829556766129,-0.10173684387093287
5.471608755521714,-0.10228081520902704
5.478387655797873,-0.10282827755706105
5.485166269600241,-0.10337925058380057
5.491944581859331,-0.10393368464519218
5.498722620270799,-0.10449164070468406
5.5055003808618075,-0.10505310066064029
5.512277857588678,-0.10561802623053923
5.51905504835616,-0.10618645053730377
5.525831938999687,-0.1067583852967819
5.532608514571638,-0.10733376361459258
5.539384797697608,-0.10791267994016535
5.546160765823681,-0.1084950470743237
5.552936445541259,-0.10908093280042397
5.5597118331497075,-0.10967032077950295
5.566486922488628,-0.11026317423761163
5.573261711346827,-0.11085952738243397
5.580036202391069,-0.11145937229628322
5.5868103777686136,-0.11206272729224419
5.593584221135368,-0.11266953557983785
5.600357740399301,-0.11327987178450914
5.607130942514718,-0.11389369590947149
5.613903817238934,-0.1145109863017223
5.620676388106062,-0.11513177328008091
5.627448646326428,-0.1157560507092172
5.6342205902036495,-0.11638385103168691
5.640992219431803,-0.11701510123178499
5.647763527109487,-0.11764984215382941
5.65453449588153,-0.11828809453525162
5.661305119858595,-0.11892978777702125
5.668075407468291,-0.11957500787899192
5.67484535440431,-0.12022368584840118
5.681614962736706,-0.12087589317948708
5.6883842406104375,-0.12153156782024749
5.6951531901446,-0.12219073139823741
5.70192180985572,-0.1228533822401935
5.708690092582416,-0.12351953673591273
5.71545804239549,-0.12418918819769992
5.722225641658044,-0.12486229594484174
5.72899289049923,-0.12553891460588854
5.735759770272611,-0.12621897241520955
5.742526287489245,-0.12690256109944395
5.749292452180376,-0.12758961643229735
5.756058263838659,-0.12828016715256058
5.762823724746939,-0.12897418854361664
5.769588835940579,-0.1296716988167255
5.776353597453237,-0.1303726942478471
5.7831182981010025,-0.1310776415832041
5.789882979234321,-0.1317885661782312
5.796646737189334,-0.13250622017991762
5.803409597179908,-0.13322931887695055
5.810172068839501,-0.13395784899997784
5.816934000509806,-0.13469245806579894
5.823695160739583,-0.1354330294461883
5.83045568369187,-0.13617920037259482
5.8372156549333205,-0.13693113600411652
5.843974953032843,-0.13768900847747725
5.850733546186298,-0.13845267619183554
5.857491490902759,-0.13922203355387114
5.864248786152216,-0.13999724390104593
5.871005405183049,-0.14077826899469859
5.877761353328418,-0.1415650777201781
5.884516644797689,-0.14235767448593784
5.891271260564321,-0.14315608888642184
5.898025172353509,-0.14396031390642897
5.904778383502888,-0.1447703436270235
5.911530891640207,-0.14558612648544197
5.918282688514252,-0.14640774189945763
5.925033784772849,-0.14723513567806878
5.931784177465976,-0.14806832627836095
5.938533863845878,-0.148907310407396
5.945282832302359,-0.14975208962454514
5.952031078385669,-0.15060268793722692
5.9587785893924865,-0.1514590232256939
5.965525352162924,-0.15232118732477495
5.972271356237415,-0.15318910929628296
5.979016607987917,-0.15406285626514815
5.9857610975525475,-0.1549423846019644
5.9925048421128055,-0.1558277154562446
5.999247832709526,-0.15671881453317002
6.005990061052425,-0.15761571889502282
6.012731527701977,-0.15851841354727647
6.019472227926282,-0.15942689682295488
6.026212137066874,-0.16034118483000953
6.032951249219383,-0.16126122147465768
6.039689554589284,-0.1621870712186204
6.046427055457608,-0.16311871194283348
6.053163749764102,-0.16405609464154602
6.059899642384106,-0.16499928462247346
6.066634724941652,-0.1659482829208979
6.073369005924137,-0.1669030258608335
6.08010246908054,-0.16786355819238713
6.0868351135862655,-0.1688298807646963
6.093566933862692,-0.16980197661128585
6.100297892282148,-0.17077987744073433
6.107028007974392,-0.1717635641680929
6.113757266202053,-0.17275298359241106
6.120485659316112,-0.17374822586051814
6.127213199396143,-0.17474922755753972
6.133939891100406,-0.1757560066703504
6.140665712857937,-0.17676857503022794
6.147390677482927,-0.17778691923893963
6.15411477504059,-0.17881101120398568
6.160837995700667,-0.17984088922241798
6.167560327054134,-0.18087653904896092
6.174281754755342,-0.18191795446352166
6.181002274548532,-0.18296515767642066
6.187721879508217,-0.18401809888525064
6.194440569959798,-0.185076843790752
6.201158361506431,-0.18614134687721645
6.207875247208441,-0.18721162137221625
6.214591216390182,-0.18828766815718553
6.2213062614440915,-0.18936951140903158
6.228020392527277,-0.19045708311267054
6.234733582529839,-0.1915504125053734
6.241445810795205,-0.19264953046820754
6.248157080751366,-0.19375442491990777
6.254867399897095,-0.1948650264034308
6.261576751070389,-0.19598142833276458
6.268285153296309,-0.19710356225768527
6.274992594348443,-0.1982314694294806
6.28169907531386,-0.1993651362714694
6.28840459144411,-0.200504562500998
6.295109123951501,-0.2016497629201949
6.30181268438837,-0.20280072517857864
6.308515252526201,-0.2039574096295969
6.315216807917725,-0.2051198787803807
6.32191734826195,-0.20628809296021614
6.328616875291986,-0.20746205498927686
6.335315385099389,-0.2086417993349964
6.342012876326498,-0.2098272422887656
6.348709359902252,-0.21101845527492447
6.355404814840718,-0.21221543164621678
6.362099253503286,-0.21341815762825467
6.36879266808514,-0.2146266053048196
6.375485047265378,-0.21584081335332417
6.382176392212094,-0.2170607677613645
6.388866692006016,-0.2182864605247325
6.3955559171209,-0.2195179160891815
6.402244078255032,-0.22075511678423115
6.408931163796928,-0.22199802668564989
6.415617162028576,-0.2232467083040263
6.422302081901698,-0.22450115117428407
6.428985931636769,-0.22576127998213974
6.435668700679524,-0.22702717231291245
6.442350391332703,-0.22829880162244054
6.449030998924877,-0.22957616606222225
6.45571050427563,-0.23085927940207515
6.462388918862607,-0.23214812882981045
6.469066235954781,-0.23344268582926408
6.4757424411448135,-0.23474297264971328
6.482417496232381,-0.23604901533858558
6.489091422871148,-0.23736079828523243
6.495764217348467,-0.23867825601611606
6.502435854278947,-0.24000148199783278
6.509106366280425,-0.24133042259818008
6.515775729386449,-0.24266511012788175
6.5224439575760105,-0.24400552798052969
6.529111044687034,-0.24535164656020436
6.535776978107744,-0.24670350338957908
6.542441759226235,-0.2480610831051533
6.549105383380477,-0.24942438357841368
6.555767815147975,-0.2507934104466476
6.562429057540689,-0.2521681729181973
6.569089361975131,-0.2535490392546427
6.575748563021124,-0.25493822859359294
6.582405697438401,-0.2563362758286865
6.589060687813432,-0.2577415445403708
6.595714149394815,-0.2591518570619312
6.6023668898757295,-0.2605672602766
6.6090184671997045,-0.26198890432749916
6.615668568152309,-0.26341646259822893
6.622317460722443,-0.264849410485157
6.6289652585833725,-0.26628799592481595
6.635611733931326,-0.26773251409517723
6.642256911512755,-0.26918269935559874
6.648900880377969,-0.2706384793904623
6.655543631684909,-0.27210000919221383
6.662185105950267,-0.2735672847264907
6.668825553345977,-0.27504068701068635
6.675464826056434,-0.27652234201040965
6.682101910618578,-0.27801286274233794
6.6887369796239025,-0.2795110010630546
6.695370514073742,-0.2810167215662345
6.702002282217115,-0.2825306725994886
6.70863203119873,-0.2840527855544869
6.715259970360212,-0.28558263600913475
6.721886137216743,-0.28712044111447393
6.728510438330854,-0.2886663222329915
6.735132845094285,-0.2902201523778027
6.7417534144756885,-0.29178187927004723
6.748372108656613,-0.2933516080880276
6.7549889202441165,-0.29492928059384027
6.761603815424967,-0.2965148813676912
6.768216783370785,-0.2981084254698571
6.774827830126626,-0.2997099380131447
6.781436939602097,-0.3013193724127984
6.788044097666078,-0.3029367735860852
6.794649331458241,-0.3045620785333556
6.801252607994312,-0.30619534641847906
6.807853926714194,-0.3078365511619471
6.81445328101579,-0.3094856904110641
6.821050640864271,-0.3111427786325
6.827646015931215,-0.3128077903702411
6.83423939128107,-0.31448070008195605
6.8408307282176475,-0.3161615526635848
6.84742002940479,-0.3178503357444587
6.854007286829337,-0.3195470041048918
6.860592488629779,-0.3212516305520257
6.8671756448773795,-0.32296411361354305
6.873756746041431,-0.3246845363699513
6.880335764830031,-0.3264128843757032
6.886912714228179,-0.3281491322417047
6.893487589988476,-0.32989326461125545
6.900060366912608,-0.33164532064388375
6.906631043920597,-0.3334052796205879
6.913199611988928,-0.33517313951446903
6.9197660231456615,-0.3369488913962722
6.926330284267086,-0.33873256708435806
6.932892406717947,-0.3405240634895699
6.939452341301352,-0.3423234804568396
6.9460101231104545,-0.34413077548886273
6.952565696621427,-0.3459459581279334
6.959119105511802,-0.3477690176804262
6.965670329298598,-0.34959995555669654
6.972219358210225,-0.35143876879409774
6.978766162027523,-0.35328546896580326
6.985310753560666,-0.3551400314826805
6.991853129595771,-0.3570024399156862
6.998393264477375,-0.35887272555061656
7.004931107807301,-0.36075087511953635
7.011466683807011,-0.3626369061659014
7.017999996382932,-0.36453073429329014
7.024530999716202,-0.36643245654753037
7.031059734035196,-0.3683420112787189
7.037586175131916,-0.37025942484444446
7.0441103175566635,-0.37218468504729285
7.050632149730018,-0.37411779169887505
7.057151631614609,-0.3760587573458933
7.063668801967672,-0.37800750543014183
7.070183598459541,-0.3799641215106494
7.076696045101873,-0.38192854524295433
7.083206092492441,-0.3839008037940293
7.089713789038396,-0.38588089022876987
7.096219111456294,-0.38786880177804317
7.102722048109792,-0.3898645379607726
7.10922255795202,-0.39186811187530984
7.115720383529887,-0.39387895039463716
7.122216097696564,-0.39589513174308955
7.12871048257328,-0.39791599612087325
7.135203214863737,-0.39994281326608294
7.141693970662529,-0.4019755949544109
7.148183306041678,-0.40401414638225025
7.154670656557846,-0.4060606377945942
7.161155093128731,-0.40811603176809763
7.167636918898246,-0.4101788252860498
7.174116520577195,-0.4122489492493895
7.180593651315183,-0.41432711822151075
7.187068082432184,-0.41641331804192494
7.193540055589897,-0.41850705335837907
7.200009306263312,-0.4206080294351329
7.2064763522544775,-0.42271442059967274
7.212941977360683,-0.42482551099992766
7.21940593572872,-0.42694241347445444
7.2258678422772915,-0.4290652775077544
7.2323278702517895,-0.43119343249838493
7.238786191729291,-0.43332700296986504
7.245242957582129,-0.435466742769953
7.251697402900882,-0.43761460842034566
7.2581488746072695,-0.439770953080184
7.2645977090673535,-0.44193470666596896
7.271044166797087,-0.44410588662310835
7.277488017836848,-0.4462851066724946
7.283928843875955,-0.44847171165837313
7.290367420658299,-0.45066333206617065
7.296804667674356,-0.4528596004400326
7.303240055030183,-0.45506190650671124
7.309673286732479,-0.4572700558063043
7.316104591268785,-0.45948338874456024
7.322534148468567,-0.4617021551542545
7.328961761994305,-0.46392661336961033
7.335387387800866,-0.4661566215051803
7.341811357452609,-0.4683925166770183
7.348233143655343,-0.47063649916256045
7.35465170846036,-0.472889071429823
7.3610674514752015,-0.4751489602846194
7.36748058430344,-0.47741568783738997
7.3738912837300665,-0.47968791651725345
7.380300332317534,-0.48196493848493616
7.386707596286235,-0.48424766707419287
7.393112699956994,-0.4865361746046231
7.3995157421531985,-0.4888300252140397
7.405916939472849,-0.4911292521962064
7.4123161820538925,-0.49343405779259925
7.41871336321667,-0.4957444298698321
7.425108590965198,-0.49806020881207297
7.431501875590139,-0.5003814770559429
7.437893315093421,-0.5027087755396283
7.444282483029504,-0.5050441060322357
7.45066834570891,-0.5073878919617866
7.457051028198387,-0.5097385098754327
7.463431471982012,-0.5120938597127652
7.469810414450431,-0.5144541903356237
7.476187317270718,-0.5168204975347526
7.482561870383935,-0.5191924618053414
7.48893449257429,-0.5215695501479203
7.495305219507487,-0.5239521117087833
7.501673828853734,-0.5263403253539458
7.508040335569082,-0.5287339689826238
7.514404821843334,-0.531133014680731
7.520767285731798,-0.5335375067093704
7.527127612403361,-0.5359475359698439
7.5334858605582955,-0.5383630015832944
7.539842060644327,-0.540783861068854
7.54619616733689,-0.543210233562458
7.552548180280158,-0.545642070201478
7.558898127791991,-0.5480793237850221
7.565245986853043,-0.5505220463664788
7.571591753421016,-0.5529702271051095
7.577935425636289,-0.5554238543469753
7.584276969809101,-0.5578829439607584
7.590616415111636,-0.5603474340257367
7.59695370536866,-0.5628173964887223
7.60328886827226,-0.5652928024142725
7.609621912471115,-0.5677736030999431
7.615952828681571,-0.5702598631298961
7.622281587279518,-0.57275159102519
7.628608240583417,-0.5752487138265424
7.634932751098703,-0.5777512747298577
7.641255117847774,-0.5802592733763433
7.647575312322178,-0.5827727286917217
7.653893361328675,-0.5852915414173797
7.660209216195435,-0.5878158189785444
7.666522909559065,-0.5903454983653358
7.672834396903151,-0.5928806060200887
7.679143731503645,-0.5954211290630773
7.685450892030908,-0.5979670680789451
7.6917558540248185,-0.6005184374688526
7.6980586359795335,-0.6030752250232766
7.704359239985151,-0.6056373977362717
7.710657644046861,-0.6082049931768061
7.716953821061812,-0.6107780139527899
7.723247798397912,-0.6133563796522181
7.729539525871192,-0.6159401882827615
7.735829051999918,-0.6185293700848064
7.742116321461065,-0.6211239815748147
7.7484013850531674,-0.6237239740939581
7.754684224857117,-0.6263293651483035
7.760964833750663,-0.6289401547488924
7.767243178199267,-0.6315563686945598
7.773519311265847,-0.6341779346957408
7.779793183645702,-0.636804869199868
7.78606476257072,-0.6394372185753396
7.792334080144134,-0.6420749501048431
7.798601134332563,-0.6447180276249359
7.804865897535775,-0.6473665280181179
7.8111284096977736,-0.650020370109171
7.817388642766303,-0.6526796028824323
7.82364660138575,-0.655344211850542
7.829902281455994,-0.6580141949052191
7.836155655795851,-0.6606895656687847
7.842406743355493,-0.6633703122948184
7.848655535204174,-0.6660563730050524
7.8549019791008865,-0.6687478388769257
7.8611461101120605,-0.6714446690678769
7.867387933938289,-0.6741468021476392
7.873627399992443,-0.6768543434670116
7.879864558114,-0.6795672153546852
7.886099395668494,-0.6822854460606459
7.892331885300628,-0.6850090454326724
7.898562046953976,-0.6877380016639505
7.90478988386244,-0.690472280963315
7.911015372659897,-0.6932119209338006
7.917238517752934,-0.6959569075895068
7.923459284909461,-0.6987072643070298
7.9296777057582215,-0.7014628955600416
7.935893722309868,-0.7042239079975399
7.942107352770802,-0.7069902659317151
7.948318623953192,-0.7097619030879312
7.954527484878031,-0.7125389131662989
7.96073398304374,-0.7153212273696453
7.966938090957409,-0.7181088832543809
7.973139814169749,-0.720901866609437
7.979339149132068,-0.7237001747893725
7.98553606599479,-0.7265038212464225
7.991730585797344,-0.7293127943166607
7.99792270504245,-0.7321270516005688
8.004112384636057,-0.7349466570742654
8.01029965398834,-0.7377715182181513
8.016484450818592,-0.7406017346466621
8.022666810365838,-0.7434372648295219
8.028846759402816,-0.7462780731157745
8.035024270022358,-0.7491241939423039
8.041199342017736,-0.7519756269927641
8.0473719748977,-0.7548323642885343
8.05354216027445,-0.7576944059735722
8.059709858303977,-0.7605617474932538
8.065875085726539,-0.7634343956740612
8.072037859790168,-0.7663122728573994
8.078198127194565,-0.7691954937455082
8.08435593564222,-0.7720839586710311
8.090511246311092,-0.774977739621624
8.096664080009587,-0.7778768136707518
8.102814444196836,-0.7807811445238072
8.108962313917958,-0.7836907700728705
8.11510769405625,-0.7866056766189438
8.121250580749793,-0.7895258617419785
8.12739093403148,-0.7924513429493388
8.133528794811545,-0.7953820462811099
8.139664093381024,-0.7983180527532879
8.145796865605213,-0.8012593293928797
8.151927125813936,-0.8042058120967781
8.158054815302714,-0.8071576064813998
8.16417999321311,-0.8101146427106145
8.170302640764573,-0.8130769387636837
8.176422754413167,-0.8160444919193042
8.182540305994788,-0.8190173160272375
8.188655312432317,-0.8219953997649573
8.194767782103918,-0.8249787077438204
8.200877686816419,-0.8279672680812934
8.206985005194694,-0.8309610876239762
8.213089743897456,-0.8339601289671427
8.21919189777896,-0.8369644116186785
8.225291450180308,-0.8399739465798147
8.231388433053727,-0.8429886795092991
8.237482806015134,-0.8460086846487999
8.243574592376195,-0.8490339259381576
8.249663801751874,-0.852064370768297
8.255750408261285,-0.8551000564321879
8.26183441693932,-0.8581409688108246
8.267915823897768,-0.8611871050649401
8.273994602279567,-0.8642384785844438
8.28007076257518,-0.8672950509967392
8.286144276725429,-0.8703568593158733
8.29221517693817,-0.8734238229296566
8.298283394588514,-0.8764960404010269
8.304348984550945,-0.8795734489406146
8.310411924066253,-0.8826560712616235
8.316472228358188,-0.8857438946422032
8.322529890305727,-0.8888369241892757
8.328584883376381,-0.8919351723103559
8.334637222523346,-0.8950386273743903
8.340686918018523,-0.8981472523461618
8.346733943224267,-0.9012610840184465
8.352778290536104,-0.9043801019987949
8.358819948645705,-0.9075043035106342
8.364858901444027,-0.9106337031730841
8.37089517970307,-0.9137682384556662
8.37692872247037,-0.9169079966751403
8.382959596964628,-0.9200529173790858
8.388987779746989,-0.9232030189830072
8.395013263164364,-0.9263583019244078
8.401036011438459,-0.9295187938293467
8.407056079835103,-0.9326844056669354
8.413073397451305,-0.9358552254939511
8.419088009769196,-0.9390311467533051
8.425099853865882,-0.9422122891939192
8.431108982695523,-0.945398555748428
8.43711538420344,-0.9485899924829814
8.443119050943679,-0.9517865896987213
8.449119947273386,-0.9549883745855184
8.4551181286881,-0.9581952580218053
8.461113523037461,-0.9614073286077941
8.467106177945428,-0.9646244803314243
8.473096028686433,-0.9678468345405933
8.479083128400909,-0.9710742949059162
8.4850674651542,-0.9743069084123177
8.491049031695947,-0.977544665851162
8.497027792362298,-0.9807875949349462
8.503003806219777,-0.9840356201714346
8.508977027314392,-0.9872887733236949
8.514947433026608,-0.9905470778764239
8.520915055522684,-0.9938104582820595
8.526879824911953,-0.9970789964249207
8.532841783254803,-1.0003526696442142
8.53880095861669,-1.0036314054795326
8.54475731245436,-1.0069152806156598
8.55071085531419,-1.0102042707664147
8.556661583401926,-1.0134983734675107
8.562609471350813,-1.0167976025922811
8.568554530047944,-1.0201019478266262
8.57449676922789,-1.0234113394957258
8.580436114585803,-1.0267258767690568
8.586372614119314,-1.0300455137819011
8.592306272076524,-1.0333702007755872
8.598237045537232,-1.036700035029045
8.604164989888654,-1.0400349246802016
8.610090070757261,-1.0433749100675775
8.616012288163361,-1.0467199895829158
8.62193164238592,-1.0500701549136104
8.627848125505716,-1.0534254060435813
8.633761705592235,-1.0567857477720122
8.639672402961638,-1.0601511372621604
8.645580199304241,-1.063521601413647
8.651485079470964,-1.0668971488552077
8.6573870719389,-1.0702777268689532
8.66328604372137,-1.0736629176326535
8.669182811276343,-1.0770506868319984
8.675078529123358,-1.0804407587971323
8.680972583746167,-1.0838343114524853
8.686864516044924,-1.0872311978932765
8.692754722108354,-1.0906308201288184
8.698643394111011,-1.0940333474541952
8.70453018901484,-1.0974391360568407
8.710415150801463,-1.100847946487828
8.716298418039013,-1.1042597033108466
8.722179984894698,-1.10767449104601
8.72805974621295,-1.1110923746407477
8.733937732353597,-1.1145132628108063
8.739813975563472,-1.1179371588548408
8.745688462024217,-1.1213640809268581
8.751561136228354,-1.1247940710481994
8.757432050581475,-1.1282270469540034
8.763301205310084,-1.1316630779488484
8.769168601336567,-1.1351021181494216
8.775034223585191,-1.1385441905664315
8.780898084322397,-1.1419892855294123
8.786760152085213,-1.1454374200295279
8.792620446266922,-1.1488885272178746
8.798478929869155,-1.1523426855711962
8.804335644417506,-1.1557998481733516
8.810190578528124,-1.159260049338386
8.81604374549725,-1.1627232443242013
8.821895130181897,-1.166189462518973
8.827744738560162,-1.1696586981347274
8.833592541515808,-1.1731309632527283
8.839438559777484,-1.176606191669785
8.845282762903237,-1.1800844750626343
8.851125174778797,-1.1835657419186867
8.856965796864877,-1.187050044857701
8.862804639613191,-1.190537335670313
8.868641687772682,-1.1940276430728645
8.874476947507763,-1.1975209601575498
8.880310392975794,-1.2010173113080809
8.886142048392113,-1.2045166021777522
8.891971870337134,-1.2080189378149502
8.897799903057027,-1.2115242386358285
8.903626107299443,-1.215032590749059
8.909450530660674,-1.2185439074872755
8.91527314726067,-1.2220582320478495
8.921093963244786,-1.2255755582002088
8.926912949916838,-1.2290958978906623
8.932730127972308,-1.2326191853045514
8.9385454663411,-1.2361455124873146
8.944358989379428,-1.2396748071703738
8.950170698339045,-1.2432071219657674
8.95598060378827,-1.2467424091857
8.961788690289186,-1.2502806971856384
8.967594964056905,-1.2538219791780516
8.97339942029072,-1.257366246949158
8.979202022559251,-1.2609135211847815
8.985002798091712,-1.264463777229402
8.99080174717794,-1.2680169707022193
8.996598843098823,-1.2715732106323676
9.002394133724533,-1.2751324001772486
9.008187592990053,-1.2786945825322087
9.013979227072344,-1.282259751727015
9.01976900956971,-1.2858279329190145
9.025556965657469,-1.289399032152916
9.031343050826024,-1.2929731550168921
9.037127310154505,-1.2965502217403995
9.042909703311635,-1.300130318742005
9.048690279108413,-1.303713358753982
9.054469011219384,-1.3072993844114629
9.060245905902304,-1.3108883889773226
9.066020958411382,-1.3144803642180913
9.071794132045424,-1.3180753308910198
9.077565454308273,-1.3216732643812763
9.08333492502171,-1.3252741306342684
9.089102523740056,-1.3288780112656682
9.094868287303907,-1.3324848336343844
9.100632194450483,-1.3360946346015667
9.106394251539715,-1.3397074079064686
9.112154453827385,-1.3433231458141062
9.11791276448378,-1.3469418693837738
9.12366921117193,-1.3505635540288907
9.129423793921152,-1.3541881653284749
9.135176492136468,-1.3578157845894505
9.140927343011583,-1.3614463384587707
9.146676325268189,-1.3650798630841645
9.15242344537303,-1.3687163515529654
9.158168698666431,-1.372355795582205
9.163912048209932,-1.3759982159916424
9.169653521782976,-1.3796435881968978
9.17539311942955,-1.3832918780828902
9.181130820111951,-1.3869431676540627
9.18686666117361,-1.390597384265576
9.192600621065019,-1.394254564756077
9.198332706197851,-1.3979147028395498
9.20406291538741,-1.4015777972837262
9.209791211676228,-1.4052438612993592
9.215517610249455,-1.4089128713016856
9.221242132489484,-1.4125847879133653
9.22696473769883,-1.4162596880761165
9.23268546996595,-1.4199375148879796
9.238404308444345,-1.4236182970868034
9.244121260198005,-1.4273020278273123
9.249836324107422,-1.4309887055242951
9.255549463124783,-1.434678343317596
9.261260692473025,-1.4383709178590554
9.266970033578444,-1.4420663903709194
9.272677445211361,-1.4457648384221495
9.278382971642909,-1.4494662059641408
9.284086591750405,-1.453170522312978
9.289788312580082,-1.4568777810643543
9.295488133037276,-1.460587980769881
9.301186016059663,-1.464301134392517
9.306881977161531,-1.468017218164778
9.312576038032509,-1.4717361927704158
9.318268157258151,-1.4754581350891636
9.323958379478718,-1.4791829884022853
9.329646683518583,-1.4829107813851885
9.335333076502511,-1.486641507276358
9.341017557328003,-1.4903751645270495
9.346700093916073,-1.4941117794208694
9.35238071929539,-1.4978512606799637
9.358059385416976,-1.5015937038113587
9.363736120237634,-1.5053390806396303
9.36941094530948,-1.5090873425281475
9.375083836715017,-1.512838545360271
9.380754804540288,-1.5165926749749568
9.386423847790573,-1.5203497296958306
9.39209093440251,-1.52410973547688
9.397756035884532,-1.5278720974560727
9.403420021017673,-1.5316349797087705
9.409084057645888,-1.5353981760867847
9.414747540565823,-1.539162736162941
9.42040996930739,-1.5429285481532748
9.4260718276602,-1.546695037686265
9.431733249637398,-1.550462433221769
9.437393916286883,-1.5542310038318357
9.44305383417093,-1.558000533406848
9.448713185824198,-1.5617708960625063
9.454371902022645,-1.5655422956031027
9.460029936909049,-1.5693146977093952
9.465687319618196,-1.57308805373483
9.471344089351229,-1.57686237021457
9.477000216016766,-1.5806376837662715
9.48265567497089,-1.584413996180229
9.488310491268905,-1.5881912505278908
9.49396465267309,-1.591969484927777
9.499618155890902,-1.5957486603472835
9.50527099175682,-1.5995288381715402
9.510923180213862,-1.603309955489588
9.51657472164779,-1.6070920766295869
9.522225625862795,-1.6108751575350413
9.527875883662993,-1.6146592113722242
9.533525499342872,-1.6184442409736972
9.53917447349213,-1.6222302469053718
9.544822783989206,-1.6260172322104829
9.550470433473551,-1.6298051696999762
9.556117424835257,-1.6335940644279021
9.561763762314671,-1.637383949154117
9.567409443881232,-1.6411747721397552
9.573054485685187,-1.6449665794304213
9.578698873549424,-1.648759375300299
9.584342623187009,-1.6525531400025377
9.589985729987282,-1.6563478684942512
9.595628189750459,-1.660143570503562
9.601269995405366,-1.6639402469770683
9.60691113970461,-1.6677378712785373
9.612551623904467,-1.671536476341979
9.618191451165561,-1.6753360201833978
9.623830611811801,-1.6791365509273912
9.629469133422708,-1.6829380418352233
9.635107010781985,-1.6867405049390987
9.640744239232626,-1.690543945164058
9.64638081882569,-1.6943483698431303
9.652016759378215,-1.6981537506305673
9.657652031840367,-1.7019600818622824
9.66328663952979,-1.7057673861977658
9.668920593211386,-1.7095756654313468
9.674553891001962,-1.7133848830589693
9.680186543991335,-1.717195080652425
9.685818546707146,-1.7210062539601838
9.691449899395314,-1.7248184100856632
9.697080598249512,-1.728631502351168
9.702710638046808,-1.7324455855663108
9.70834001696468,-1.7362606033647257
9.71396873814924,-1.7400766102873801
9.719596802185519,-1.7438935549517236
9.725224219875363,-1.74771147929565
9.73085098579485,-1.751530379018483
9.73647710028557,-1.7553502610919534
9.742102573227674,-1.7591710974659391
9.74772737551342,-1.7629928823827774
9.753351510337167,-1.7668156385203129
9.758974986263237,-1.7706393617427565
9.764597803266293,-1.774464030298684
9.770219974977056,-1.7782896748577155
9.775841493876506,-1.7821162932622299
9.78146235995194,-1.7859438929097573
9.787082583002848,-1.7897724458844189
9.792702133866932,-1.7936019466266153
9.798321015672212,-1.797432418122977
9.803939236921597,-1.8012638564198427
9.809556797649316,-1.8050962398477446
9.815173711490836,-1.8089295991107268
9.820789970985329,-1.8127639319914675
9.826405576185776,-1.8165992457266251
9.832020537019712,-1.8204355122364786
9.837634824375776,-1.8242727257265796
9.843248441355074,-1.8281109089447807
9.84886139862818,-1.8319500639117852
9.854473694514862,-1.8357901541117243
9.860085339849746,-1.8396312211619226
9.865696329190529,-1.843473260885682
9.871306662759025,-1.847316280406429
9.87691635043143,-1.851160251972633
9.882525363029329,-1.855005169981504
9.888133703616951,-1.8588510573588515
9.89374138284638,-1.8626979162908537
9.899348399135556,-1.866545710267795
9.904954763325083,-1.8703944808488
9.910560470063011,-1.8742442237527814
9.916165519639636,-1.8780949458806815
9.92176992203306,-1.8819466193345415
9.927373648103046,-1.8857992382397717
9.932976700895642,-1.8896528252873346
9.938579091069924,-1.8935073826112896
9.944180817077196,-1.897362873639138
9.949781889637473,-1.901219339999421
9.955382303337563,-1.9050767775589967
9.960982058389002,-1.9089351934379906
9.966581164707716,-1.912794560013004
9.972179602614458,-1.916654873467763
9.977777363219277,-1.9205161654058667
9.983374454358682,-1.9243784041086591
9.9889708781687,-1.9282415960664785
9.994566648250384,-1.9321057542772015
10.000161756795299,-1.9359708826478559
10.005756205396331,-1.939836988455156
10.011349995632212,-1.9437040347762007
10.016943119092776,-1.947572040164441
10.022535569855805,-1.95144101382376
10.028127348807084,-1.9553109370182944
10.033718460197132,-1.9591818125233917
10.039308916538177,-1.9630536530765188
10.044898709899236,-1.9669264627657688
10.050487841830067,-1.9708002490216792
10.056076322328877,-1.9746749845232485
10.061664131684344,-1.9785506653329827
10.067251260964849,-1.9824273228319154
10.072837714288772,-1.9863049314933163
10.078423501824208,-1.9901834763186776
10.084008631455383,-1.9940629941477757
10.089593098150349,-1.9979434808378267
10.095176902202253,-2.0018249432268114
10.100760053675897,-2.005707353557704
10.106342532880497,-2.0095907077674893
10.111924330835038,-2.0134750372404584
10.117505451645131,-2.0173603164117657
10.123085905442544,-2.0212465303679434
10.128665699959027,-2.025133716194406
10.13424483008687,-2.029021869981016
10.139823296067876,-2.032910998832092
10.145401107959795,-2.0368010751400725
10.150978246093485,-2.0406920949241605
10.156554701494962,-2.044584089570731
10.162130482264688,-2.0484770272434423
10.167705590545967,-2.052370914356548
10.173280039879403,-2.056265764032421
10.178853822337162,-2.0601615801764086
10.184426939479234,-2.064058370049618
10.189999401413765,-2.0679561061023994
10.195571188470085,-2.071854784159319
10.201142291619496,-2.075754435540278
10.206712718927568,-2.0796550285459157
10.212282472459856,-2.083556569773596
10.217851565612152,-2.087459072600276
10.22341999040844,-2.0913625411558554
10.228987748382398,-2.095266982884164
10.234554849647958,-2.0991723704169463
10.24012127623233,-2.1030787090238627
10.245687026645506,-2.1069860154583107
10.251252094719376,-2.1108942500659613
10.25681647881866,-2.114803445353172
10.262380204764868,-2.1187135962775985
10.267943261107044,-2.1226247120312833
10.273505649444182,-2.126536799639742
10.279067380021575,-2.130449831501379
10.28462843315255,-2.1343638034616417
10.290188799717535,-2.1382787468563302
10.295748487888046,-2.142194629976139
10.301307499705471,-2.146111459498582
10.306865848502985,-2.150029248902386
10.312423526255646,-2.153948002323379
10.317980534521181,-2.157867727107612
10.323536883508126,-2.1617883958584567
10.329092555257768,-2.165710013719762
10.334647548271308,-2.16963259745811
10.340201856489173,-2.1735561073428755
10.345755484492793,-2.17748058510735
10.351308443833865,-2.181406001732063
10.35686073246781,-2.185332387056068
10.3624123504104,-2.18925974217557
10.36796330800607,-2.1931880397998187
10.373513585569022,-2.1971172756735124
10.379063173937208,-2.2010474809579783
10.384612081350951,-2.2049786241941414
10.390160309792794,-2.2089107120905154
10.39570787256543,-2.21284375812109
10.401254761615057,-2.2167777664519757
10.40680097852367,-2.220712744271781
10.412346533604929,-2.2246486641896692
10.417891416449658,-2.228585539643593
10.42343560954753,-2.2325233716199184
10.428979123080843,-2.236462124654092
10.434521948084257,-2.240401849291041
10.440064098763019,-2.2443424987772955
10.445605560094563,-2.2482841264789366
10.451146355678032,-2.2522266926742787
10.456686483214028,-2.2561702150185883
10.46222594304063,-2.260114693257713
10.467764680478686,-2.2640596158255177
10.473303669362108,-2.2680031347243426
10.478844077672177,-2.27194501523782
10.484385197868761,-2.275886397417439
10.489926606484223,-2.2798275919242017
10.495467845645392,-2.283769883495569
10.50100789203554,-2.287713708354164
10.506547062174503,-2.2916577298899834
10.512086820459356,-2.295600063871603
10.51762797143565,-2.2995410203327546
10.523169719146063,-2.3034820886898024
10.528710878247518,-2.3074246728746433
10.534250775622732,-2.3113685299051463
10.539790054330687,-2.315312411816351
10.545329855141047,-2.3192547824692746
10.550870919738717,-2.3231958154399615
10.556412598741595,-2.327136300914824
10.561954664163396,-2.331075949133464
10.567497520686262,-2.3350144075423755
10.573041193224748,-2.3389519239489354
10.57858542706015,-2.3428886035870864
10.58413028194963,-2.3468242958075844
10.589675875587645,-2.350758970235187
10.595222157561825,-2.354692728416632
10.600769078798068,-2.358625566795107
10.606316684424442,-2.3625574336387185
10.611864991544012,-2.366488348783425
10.617413979546297,-2.3704183278963242
10.622963625311028,-2.3743473505367927
10.628513945965336,-2.378275405268509
10.63406491168041,-2.382202512254126
10.639616570341472,-2.3861286560784074
10.645168869882395,-2.390053851656238
10.650721876745523,-2.3939780847324528
10.656275559059711,-2.3979013760478427
10.661829912484482,-2.401823723379231
10.667384945771479,-2.405745118218283
10.672940660626042,-2.409665565823551
10.678497058056823,-2.413585061784145
10.684054115010658,-2.4175035916268692
10.689611846874291,-2.421421162315237
10.695170222931516,-2.425337777512906
10.700729270915714,-2.4292534248547337
10.70628900006887,-2.4331681126416496
10.711849385283868,-2.437081856738442
10.717410452519523,-2.4409946465580785
10.72297219981482,-2.444906487716511
10.728534626597895,-2.4488173799661346
10.734097745667858,-2.4527273092949335
10.73966153751357,-2.4566362926173513
10.745225999867348,-2.460544328928105
10.7507911240998,-2.464451413281027
10.756356925852648,-2.468357515067705
10.761923378759247,-2.472262664678857
10.767490495267282,-2.4761668450044323
10.773058284998662,-2.4800700640099227
10.778626724972138,-2.4839723293763507
10.784195850536415,-2.48787364541237
10.789765660532565,-2.4917740062855884
10.795336154213835,-2.4956734061716035
10.800907313179513,-2.4995718656461787
10.806479146163818,-2.5034693700363713
10.81205164828016,-2.5073659177571375
10.81762481145267,-2.511261492962432
10.823198644593157,-2.5151561033724605
10.828773115901138,-2.5190497591813763
10.83434827583381,-2.5229424438341517
10.839924096104104,-2.5268341784419563
10.84550059394105,-2.5307249617095247
10.851077814081757,-2.5346153205601927
10.85665481383344,-2.5385070963803207
10.862230443266661,-2.54240048644066
10.867805284183223,-2.546293878171952
10.873380767213098,-2.550185613219375
10.878957537152596,-2.554076024815279
10.884534840240677,-2.557965934730549
10.890112495146393,-2.561854962030636
10.895690974546415,-2.5657427532657335
10.901270255175172,-2.569629623685296
10.90685009697123,-2.573515680627707
10.912430571768265,-2.5774007307763522
10.918011795611196,-2.5812847646414445
10.923593688529294,-2.5851678736966486
10.929176200848744,-2.5890500424120932
10.934759363173155,-2.59293122228722
10.940343228344458,-2.596811426604842
10.945927797439015,-2.6006912231425963
10.951512117618279,-2.6045724489144497
10.957095047092242,-2.608454738235602
10.96267813615831,-2.612335222870029
10.968262994613692,-2.616213824135286
10.973848519945058,-2.620092174180627
10.979434101882392,-2.623969853411866
10.985020489826189,-2.6278461350122777
10.990607842032048,-2.6317213997332463
10.996195713238127,-2.6355959748895685
11.001784140994356,-2.6394695524543073
11.007373352043958,-2.643342047376213
11.012963264046562,-2.647213623755899
11.018553763292477,-2.6510842950256865
11.024144899232468,-2.6549539631627033
11.029736812945494,-2.658823155654714
11.035328403155962,-2.662693311211732
11.040919542200506,-2.6665626664944666
11.046511982830722,-2.670430011188676
11.052105573535703,-2.6742965594826145
11.057699338270684,-2.6781626855527523
11.063293628688891,-2.682027618644704
11.068888850567319,-2.685891352089802
11.074484766597696,-2.6897542931137224
11.080081173017831,-2.693616373687925
11.08567828813017,-2.6974773740873528
11.091276203036196,-2.7013379275393343
11.096873849189484,-2.7051999879626756
11.102470112065232,-2.7090636424721124
11.108065603716522,-2.712927259104057
11.113661738821765,-2.71678920808188
11.119259137787466,-2.7206498781590818
11.124857050476336,-2.7245100386836647
11.130455341272887,-2.7283693038350165
11.136054451649127,-2.7322273436131703
11.141654353838796,-2.7360844592775964
11.14725481112435,-2.739940754596305
11.152855898271714,-2.7437960405300323
11.158457722968496,-2.747650314729677
11.164060219844558,-2.751503651910167
11.16966332324361,-2.75535604711127
11.175267118365477,-2.759207979659204
11.18087072224926,-2.7630613096401095
11.186472911915915,-2.766916297864851
11.192074348261242,-2.7707712633489443
11.19767642288428,-2.7746245541601966
11.203279789556555,-2.778476558072436
11.208883694435004,-2.78232807405735
11.214487957409528,-2.786178704073861
11.220093043004429,-2.790028097188518
11.225698923556104,-2.793876565467406
11.231305346411487,-2.7977242135775913
11.236912388592302,-2.801570841857067
11.242520138576486,-2.8054164376410538
11.24812856278764,-2.809261100353696
11.253737661190497,-2.813105324884156
11.259346484098284,-2.816950982099594
11.264953991230955,-2.820798249552978
11.270560754307706,-2.824645515157067
11.276168096602056,-2.8284911618951187
11.281776779348535,-2.8323354524897946
11.287385980376605,-2.8361792787201696
11.292995537892033,-2.840022205276076
11.298605889887947,-2.8438638994903696
11.304217034884118,-2.847704642534467
11.309828698302805,-2.8515445668274904
11.31544099119359,-2.8553834726404137
11.321054002594867,-2.8592213457828706
11.326667690863648,-2.863058308210784
11.33228205187359,-2.8668948674834263
11.337896216434029,-2.8707328095120284
11.34350904613473,-2.8745723744121543
11.349121083878341,-2.8784119823000833
11.354733734213553,-2.882249901715619
11.360347668102477,-2.8860864925811875
11.36596213231789,-2.8899225951399163
11.371576922248124,-2.89375779925508
11.377192528553726,-2.8975917596387473
11.382808929641032,-2.901424792171029
11.38842588223182,-2.9052570097224777
11.394043455829209,-2.9090882167859156
11.399661768573534,-2.9129184006953404
11.40528081184179,-2.91674817864332
11.4108995572059,-2.920579414708444
11.416516937895974,-2.92441222678411
11.422133569098213,-2.928245041940339
11.427750826471335,-2.9320761977616234
11.43336935725469,-2.935906052052304
11.43898847853418,-2.9397359429903096
11.444607073046333,-2.9435673429117055
11.450224421239424,-2.9473995218067115
11.455842028762088,-2.9512299126848216
11.461461282289356,-2.955058548131802
11.46708115025076,-2.958886887830198
11.47270114926342,-2.9627145072845233
11.478321965813453,-2.9665407477920627
11.483943686571632,-2.9703660120333852
11.489565942591401,-2.9741905372005477
11.495188752081724,-2.97801405903985
11.500812361053702,-2.9818370183915093
11.506435760037656,-2.9856614400888675
11.512057742140774,-2.9894875359358286
11.517678944930568,-2.9933136075485787
11.52330082253566,-2.9971379836708536
11.528923969960646,-3.0009610946874927
11.534547645969152,-3.004783706488108
11.540171667338866,-3.008605409295923
11.54579649287292,-3.0124258672689574
11.551422082481752,-3.016245392057806
11.557048222209623,-3.0200640848897593
11.56267497417386,-3.0238817614171993
11.568302461192564,-3.0276984169768175
11.573930668504207,-3.0315146832204287
11.579558619292474,-3.0353324041767094
11.58518524211229,-3.0391517045453864
11.590811135918745,-3.0429715453618935
11.596436701250125,-3.0467915754251815
11.60206240506266,-3.0506105073759593
11.60768928345383,-3.0544278326681504
11.613316965504442,-3.0582444639714064
11.618945016603114,-3.062060379746014
11.624573709141469,-3.0658751509218556
11.630203222102248,-3.0696888566821094
11.635833351480496,-3.073501716076206
11.64146403136015,-3.0773136211885737
11.647095478059251,-3.081125000835723
11.652726724332622,-3.0849378267267418
11.658356591244432,-3.0887523295481896
11.663985702109718,-3.092566815267117
11.669615447851957,-3.096379621629826
11.67524647527989,-3.100191146206063
11.68087804138605,-3.104002701232713
11.686509103869643,-3.107815720854949
11.692138956898686,-3.1116300793777785
11.697768153108978,-3.1154444918610604
11.70339786684334,-3.119257374757964
11.709028824943443,-3.1230688919623564
11.714660392533993,-3.1268798553670982
11.7202923018396,-3.130689968773806
11.72592496246944,-3.134498856995902
11.73155840458604,-3.138306765398343
11.737192414839631,-3.14211384332285
11.742827022637208,-3.145919924098073
11.748462411133794,-3.1497255016744643
11.754097597746922,-3.1535325438016897
11.759731407502034,-3.1573412509172427
11.76536444566846,-3.1611499562748366
11.77099813572986,-3.164956938168123
11.776633077591795,-3.1687626452435236
11.782268514277765,-3.172567843028851
11.787904303461264,-3.176372137417091
11.793540890070126,-3.1801751806777885
11.799178271672059,-3.183977295381522
11.80481619091432,-3.187778591871667
11.810454784492316,-3.1915793950307556
11.81609323756533,-3.195381562755594
11.82173035155447,-3.199185415679136
11.827366645184021,-3.20298928514779
11.833003548334808,-3.2067914658960075
11.838641744228305,-3.2105922966002973
11.844280530573728,-3.2143931700574737
11.849918754218104,-3.218195575017114
11.855555801470127,-3.221999302561396
11.86119223277228,-3.225803076160763
11.866829133972912,-3.2296053601470427
11.872467282813071,-3.233406210199277
11.878106016128122,-3.2372065170068094
11.88374509800241,-3.24100596381396
11.889384932146335,-3.2448042072571406
11.895025569980495,-3.2486014745405636
11.90066682933196,-3.252398443563948
11.90630781885038,-3.2561968134279176
11.911947533913699,-3.2599967491019113
11.91758649381985,-3.263796720040237
11.923226000858362,-3.267595062174519
11.928866793730728,-3.2713920150589852
11.934508196981202,-3.2751889951254
11.94014901087949,-3.2789875206409604
11.945788627049552,-3.2827868190276193
11.951428485860605,-3.2865843583100482
11.957070023678055,-3.2903801245822253
11.962712157061391,-3.2941756108034053
11.968354437163649,-3.2979703649460985
11.973997513281299,-3.301763745491374
11.979641472140381,-3.305556112581282
11.985286005291531,-3.3093482616765333
11.99093018121107,-3.3131418099535366
11.996573138682633,-3.3169368344107424
12.00221535545778,-3.3207319401206985
12.007858124771662,-3.324525430824447
12.01350216253396,-3.328317580252556
12.019146846363887,-3.3321097224300353
12.024790974843965,-3.335903423921818
12.030433856694563,-3.3396979058920633
12.03607698944571,-3.3434905876409515
12.041721766318032,-3.3472815187748934
12.047367125447709,-3.3510721484025097
12.053012626165268,-3.354862044333318
12.058658931825804,-3.35865054278046
12.06430619714695,-3.3624385838183155
12.069953103668619,-3.3662283021547856
12.07559858185675,-3.370019601181512
12.08124338788476,-3.3738108158443887
12.086888850992086,-3.3776003683372537
12.09253550192057,-3.381388677241873
12.098182695335312,-3.385176973640521
12.103829439419652,-3.388966719455406
12.1094749151536,-3.392757323087109
12.115120661756384,-3.396546121902452
12.120768031345829,-3.4003332020400325
12.126416041818459,-3.4041199504010917
12.132064156291664,-3.4079059790370883
12.137713105985984,-3.4116911422848557
12.143362134039117,-3.4154776635648045
12.149009614506697,-3.4192661086370526
12.154656252560327,-3.4230545053053603
12.16030362236478,-3.426841102435374
12.165952287211557,-3.4306264574507956
12.171601500793745,-3.434411870568549
12.177250152220331,-3.4381987750226104
12.182897664394849,-3.4419869802479077
12.188544509878886,-3.4457752477961034
12.194191809643137,-3.4495620124736996
12.199840354800191,-3.4533473547150813
12.205489511103675,-3.4571321520157894
12.2111390123899,-3.460916107063847
12.21678927378936,-3.4646988345462053
12.222440332730159,-3.468480600019412
12.228092008175167,-3.4722620747888926
12.233743448435824,-3.47604491768152
12.239393554994143,-3.4798293411992884
12.245042967501705,-3.4836143274112046
12.250692018383468,-3.487399538210745
12.256341233717814,-3.491183563853132
12.261991593691683,-3.494966048465446
12.26764283751303,-3.49874833019017
12.273293537365788,-3.5025323293732793
12.278942842761062,-3.506317217989801
12.28459248256096,-3.5101001643972314
12.290243807851095,-3.513881391084634
12.295895715372406,-3.517662341521026
12.301547707602818,-3.5214425713020905
12.307200516546203,-3.525221343964182
12.312854277816013,-3.528999667312985
12.318507664098478,-3.5327796816668364
12.324159616961692,-3.536561276097934
12.329810929638288,-3.5403427507147107
12.335462871638368,-3.5441226419470855
12.34111603724328,-3.5479012406813237
12.346769750598295,-3.5516798472603286
12.352423006289092,-3.55545989885707
12.358074970596652,-3.559240823154439
12.36372720394296,-3.5630198912278987
12.369381051936719,-3.5667972568902186
12.375035551326354,-3.570574290451324
12.38069023519889,-3.5743511485045967
12.386344830578484,-3.5781290170664213
12.391998352249702,-3.581908470146507
12.397650943081263,-3.5856881866612538
12.40330402340195,-3.589466192481867
12.408958501600187,-3.5932427097510957
12.414613570882963,-3.5970193498868754
12.420268081791946,-3.600797531969004
12.425921401045692,-3.6045770224166693
12.431574115118773,-3.6083565569645635
12.43722730203941,-3.6121345804555394
12.442881694881153,-3.615911212963112
12.44853669158274,-3.619687280567016
12.454192030792186,-3.6234624762039944
12.459848125881955,-3.6272364705804603
12.46550506778372,-3.6310100313767304
12.471161737764145,-3.634785128145856
12.476816987292048,-3.6385618681946723
12.482471551315667,-3.6423385198152842
12.48812669852294,-3.646113552960529
12.493783091008964,-3.649887268321378
12.49944004344083,-3.653660995265773
12.505096500082164,-3.6574362224316235
12.51075179471625,-3.6612127916691812
12.516406420321434,-3.6649894483205743
12.522061564029343,-3.6687645481746354
12.52771792520594,-3.672538263394293
12.533374862816046,-3.6763114162600927
12.53903214411931,-3.6800837298482274
12.544690224970038,-3.6838553216383496
12.550348249053533,-3.687628349702946
12.5560048603725,-3.6914031469895305
12.561660628606031,-3.695177957957331
12.567317096011589,-3.6989509932023705
12.572974840370582,-3.7027227487779837
12.578633125335386,-3.706494564208812
12.58429086442835,-3.710267855223152
12.589947424992213,-3.7140424693911487
12.595603367957853,-3.7178171423024935
12.601259768116138,-3.721590321721618
12.60691742766847,-3.725362100169891
12.61257568613742,-3.7291333236504065
12.618234273524259,-3.7329036911793354
12.623893654890344,-3.736673353350771
12.629553005088098,-3.740444405580061
12.635210857328767,-3.744217279690168
12.64086793350809,-3.7479901063502337
12.646525661415854,-3.751761215123321
12.652184699532546,-3.7555310231920647
12.65784427716755,-3.759300901889969
12.663503320721208,-3.7630722657018167
12.669161215190494,-3.7668449476239583
12.674818437161372,-3.770617690818831
12.680476137676813,-3.7743889127821797
12.686135073774107,-3.7781587321139516
12.691794615416397,-3.7819280029399103
12.697454501494617,-3.7856964377036912
12.703115210151998,-3.789464159710092
12.708775835512464,-3.7932333025680975
12.714435010841191,-3.7970042156788137
12.720093358142703,-3.800775130976942
12.725752391111028,-3.8045442462155252
12.731412694351013,-3.8083121130902455
12.737073555191985,-3.8120800405388615
12.742733911191015,-3.815849434494791
12.748393085156913,-3.819620191347925
12.754051629865993,-3.823391009283539
12.75971063391906,-3.827160314056959
12.76537088139048,-3.8309281774520207
12.771031769164294,-3.834696026119033
12.776692072928606,-3.838464886608594
12.782351996270258,-3.842232740084593
12.788013342908037,-3.845998525467991
12.793675761860651,-3.849764189143191
12.799337470099633,-3.8535318068044173
12.804997792973303,-3.8573007391911913
12.810657627056486,-3.86106950865979
12.81631804106856,-3.8648367724964054
12.821979536006065,-3.868602800086083
12.827641680979287,-3.8723687079834206
12.833303333088573,-3.8761361341919582
12.838963789206831,-3.8799049560845646
12.84462356439694,-3.8836738271397024
12.850283874390758,-3.8874411298990874
12.855945425476515,-3.891207074745517
12.86160755851045,-3.89497247420593
12.867270096479338,-3.8987375607568056
12.87293253691497,-3.9025037840859995
12.87859378058628,-3.9062716430318853
12.884254137251352,-3.910039649607433
12.889915018222815,-3.9138059707665462
12.895577248783939,-3.917570863128428
12.90124009434559,-3.9213358212941967
12.90690235886733,-3.925102347264801
12.912563448538465,-3.9288701862418165
12.91822393756081,-3.9326380635690144
12.923884915948253,-3.936404431808414
12.929547097205498,-3.940169425160108
12.935209927480187,-3.9439343651133876
12.940872172894952,-3.9477003060663898
12.946534039061033,-3.951465260483798
12.952197323217304,-3.9552281060203596
12.957861670290118,-3.9589908478389586
12.963525329349281,-3.962755527945871
12.969187572106417,-3.966521548674674
12.97484934082394,-3.970287391252653
12.980511694596478,-3.974051767236781
12.986175157773811,-3.9778148788346255
12.99183923530702,-3.9815778862226505
12.997502879790986,-3.9853423804783263
13.003165250749626,-3.9891082992747697
13.008826962512872,-3.9928742467510476
13.01448920600899,-3.9966386248111214
13.020152686954635,-4.0004016495979124
13.025816750343232,-4.004164129105291
13.031481232964078,-4.007926273183422
13.037145617765306,-4.011689592116562
13.042808779349459,-4.015454547294794
13.048471075723741,-4.019219650456749
13.054133908234796,-4.022983048823906
13.059798086563324,-4.026745020283967
13.06546284980469,-4.030507090781097
13.071127061986443,-4.034270697779316
13.076790126475817,-4.038035604547319
13.082452545375414,-4.041800572120776
13.088115434529017,-4.045564034895393
13.093779547829563,-4.0493260656622
13.099444318689292,-4.053088072925264
13.105108547641878,-4.056851644357445
13.110771526129936,-4.06061604372145
13.116434779464587,-4.064378615135632
13.122099667203399,-4.068139457770836
13.127765238559748,-4.071900520166437
13.133430022139237,-4.075663285334524
13.139093656515845,-4.079427191565966
13.14475674848695,-4.083191121154581
13.150420300895847,-4.086953593690188
13.15608502413813,-4.090714704568082
13.161750381160696,-4.094475205471517
13.167416181081947,-4.09823539188525
13.173081831331633,-4.1019967913000395
13.178746289338537,-4.105759791477311
13.184409878174977,-4.109522929196577
13.19007399769566,-4.113284393485131
13.195739461997091,-4.117044424965177
13.201405514883819,-4.120804546635826
13.20707102274818,-4.12456620202296
13.212735379963185,-4.128329162965197
13.21839909444886,-4.132092200104975
13.224063300941982,-4.13585367827652
13.229728686795847,-4.139613803006731
13.235394683237054,-4.143373350432517
13.24106106958549,-4.147132566689324
13.246727359267322,-4.15089296453167
13.252392471625953,-4.154654987796762
13.258056712707091,-4.158417198838857
13.263721520844353,-4.1621776618796105
13.2693876526526,-4.165936733266725
13.27505433634234,-4.169695881909318
13.280720501770793,-4.173456536709853
13.286385448298503,-4.177218528192679
13.29204980701139,-4.180980556645044
13.297714647272871,-4.18474108597361
13.303380693211857,-4.1885002498224955
13.309047423211247,-4.192259351553084
13.314713609760826,-4.1960200279847175
13.320378591952675,-4.199782045045212
13.326042899161374,-4.2035441072215685
13.331707742632087,-4.207304581196989
13.33737379687778,-4.211063718176014
13.34304048328146,-4.214822845307914
13.348706714896876,-4.218583474468178
13.354371680026318,-4.222345516254403
13.360036001454898,-4.2261075858521915
13.365700851045943,-4.229868054962714
13.371366893281461,-4.2336272015461125
13.377033516586154,-4.237385767489351
13.382700548984722,-4.241144025322385
13.388367500731137,-4.2449034440636515
13.394033282883067,-4.24866448380364
13.399698171177516,-4.252425725944869
13.405363627183942,-4.256185224521006
13.41103040875249,-4.2599433318000575
13.416697742246404,-4.263701517385457
13.4223645412282,-4.267461201629131
13.428030148679888,-4.271222209557759
13.433695130521825,-4.274983271976636
13.43936060363844,-4.27874281671703
13.445027301614397,-4.282500982097435
13.450694605316652,-4.2862585810428655
13.456362316118856,-4.290015883606492
13.46202992878252,-4.293774332356088
13.467696336099399,-4.297534409479866
13.473361859906678,-4.301294646329953
13.47902791738346,-4.305053182409254
13.48469531153135,-4.308810298598651
13.490363321301965,-4.31256746767163
13.496030753052008,-4.316326207297329
13.501697009614977,-4.320086264005857
13.507362664450572,-4.3238463598328405
13.51302880830444,-4.327604945297255
13.518696162116294,-4.33136216228476
13.524364159290586,-4.335119322709096
13.530031660649245,-4.338878025140296
13.535697903732167,-4.342638100966723
13.54136350677627,-4.346398184704969
13.547029636709013,-4.350156733160229
13.55269696824727,-4.3539139401299645
13.558364970993367,-4.357671091546753
13.564032455441097,-4.361429806324353
13.569698727957217,-4.365189891909983
13.57536436492189,-4.368950002424773
13.58103050016257,-4.372708564259518
13.586697843467542,-4.37646575914306
13.59236580720455,-4.380222924676391
13.59803329785269,-4.383981616356459
13.603699562991157,-4.38774169226021
13.60936519106849,-4.391501803387577
13.615031334756472,-4.395260361938905
13.620698685773906,-4.399017561826203
13.626366654139472,-4.402774730480874
13.632034154409508,-4.406533411015353
13.637700388471886,-4.410293479348858
13.643366010878994,-4.414053573679968
13.649032132388557,-4.41781215922727
13.654699499763176,-4.421569344865592
13.660367501243845,-4.425326516060269
13.666034990010665,-4.429085240687749
13.671701272675303,-4.432845309638026
13.677366883588878,-4.436605431888424
13.683033022971582,-4.440363952124514
13.688700354159485,-4.4441211491712425
13.69436832119685,-4.447878301054039
13.700035791418568,-4.451637006840475
13.705702063679448,-4.455397073483721
13.711367684249243,-4.459157201141741
13.717033837248891,-4.462915766912731
13.722701214107518,-4.466672965024427
13.728369233521663,-4.470430116985388
13.734036688126302,-4.474188841314908
13.739702955362299,-4.4779489045066
13.745368546621991,-4.481709018599553
13.75103467439528,-4.485467554193416
13.756702018789671,-4.489224736072356
13.762370001642168,-4.4929819046247745
13.768037484483626,-4.4967406207078024
13.773703776187888,-4.500500694131287
13.779369410179811,-4.504260811413345
13.785035535226035,-4.508019393020872
13.7907028921332,-4.5117765573363515
13.796370874602424,-4.51553371169693
13.802038343741796,-4.519292410596265
13.807704603944805,-4.523052483670231
13.813370249339624,-4.526812580030846
13.819036380487617,-4.530571167825595
13.824703737162366,-4.534328366691703
13.830371741160633,-4.538085518428171
13.836039190155693,-4.541844231724193
13.841705449211283,-4.545604292034964
13.847371063487312,-4.549364387885203
13.85303719639352,-4.553122945312095
13.85870454979444,-4.556880145346414
13.864372552798322,-4.56063732539064
13.870040054421525,-4.56439603077369
13.875706320396988,-4.568156111518896
13.881371937754382,-4.571916201272905
13.887038047409451,-4.5756747697241105
13.892705389907773,-4.579431952389808
13.898373371384736,-4.583189120435396
13.904040854432305,-4.586947832388595
13.909707146578558,-4.590707902557868
13.91537277643841,-4.594468010037922
13.92103889677161,-4.598226590290203
13.926706242470738,-4.601983759284947
13.932374223019428,-4.605740913852209
13.938041690599249,-4.609499614492766
13.943707949017838,-4.613259689699182
13.949373633594924,-4.617020333346496
13.955038929104107,-4.620781294999372
13.960704311665651,-4.624541124089466
13.966370903529258,-4.628299262379175
13.97203833451872,-4.632057267155364
13.977705230419886,-4.635816963108468
13.983370749931007,-4.639578072948675
13.989035689045254,-4.643339125376253
13.994701212547753,-4.647098619553681
14.000367917604914,-4.650856802421513
14.006035242068558,-4.654614952594021
14.011702094526525,-4.6583746237730255
14.017367750379874,-4.6621356755833485
14.023032793965116,-4.665897300037037
14.028697416124409,-4.6696592509812165
14.034362157432033,-4.673419980211836
14.040028065943094,-4.677179123261601
14.045694826136492,-4.680938088826033
14.05136107533981,-4.684698757560292
14.057025982044708,-4.688460843851673
14.062690303727658,-4.692222862274023
14.068355194611495,-4.695983348274973
14.074021271341723,-4.699742524081428
14.079687973239315,-4.703501645905287
14.085354148180896,-4.7072622969539335
14.091019131753763,-4.711024291812916
14.096683434439845,-4.714786364694618
14.102348266844963,-4.718546833980519
14.108014321247849,-4.722305960623418
14.113681005827328,-4.726065086374595
14.119347229696908,-4.729825715257544
14.125012199820006,-4.7335877583908035
14.130676607570743,-4.737350346951843
14.136340619141563,-4.741113248505225
14.142004692291136,-4.744875010026038
14.147669968273927,-4.748635123204295
14.153336096502615,-4.752395057979756
14.159001691628971,-4.756156694513829
14.16466593671418,-4.759919747247509
14.170329612062151,-4.7636827271880025
14.175993857704352,-4.767444177823892
14.181659267447912,-4.771204338881613
14.187325332500654,-4.774964430413138
14.192990860508903,-4.778726064471454
14.19865520565841,-4.78248904057799
14.204318938900553,-4.786252594777299
14.209982256060327,-4.790016462986593
14.215645695612587,-4.7937791646509895
14.221310338703667,-4.797540245752431
14.226975843118332,-4.80130118652916
14.232640811792418,-4.8050638129457
14.238304426284628,-4.808827851582888
14.243967447333382,-4.812591792926884
14.249631009800465,-4.816354237903619
14.255295769755636,-4.820115325246759
14.260961145786093,-4.82387639264191
14.266626051044714,-4.8276389783785145
14.27228976627108,-4.831402938383544
14.277952878268822,-4.835167484209648
14.283615577210798,-4.838932318545015
14.289278353107727,-4.842696015753702
14.294942336497087,-4.846458067317153
14.300607179737614,-4.850219945930441
14.306271474959477,-4.853983552341216
14.311934454326428,-4.8577485490240235
14.317596846385815,-4.861513488826727
14.32325979442669,-4.865276906312493
14.328923916587977,-4.8690389926332704
14.334588637986831,-4.872801024723679
14.340252912972163,-4.876564548433607
14.345915926261545,-4.880329486540569
14.351578314974645,-4.884094454146484
14.357241223410242,-4.887857875468047
14.36290534887079,-4.89161994867357
14.368570142221243,-4.8953819792852284
14.374234381673757,-4.899145577041258
14.379897427630926,-4.902910512199901
14.385559869228006,-4.906676001713715
14.391221899347833,-4.910441818640552
14.396884008465882,-4.914206486734738
14.402547353687371,-4.917969488515422
14.408211562154108,-4.921732342220691
14.413875217742829,-4.925496922286941
14.419537551587904,-4.929262899220306
14.425199316621814,-4.933028806323882
14.430861613256312,-4.936793210790329
14.436525092430509,-4.94055626956662
14.44218917747596,-4.944319278172166
14.447852795107993,-4.94808378416726
14.453515162292062,-4.951849689812818
14.459176950857014,-4.955616162247637
14.46483833391992,-4.959382965839973
14.470499841459615,-4.963148585713145
14.476162549954743,-4.966912585048639
14.481826121440598,-4.9706764374485815
14.487489174443668,-4.974441978289985
14.493150834921675,-4.978208938931601
14.498811915120285,-4.981975819559825
14.504473550480819,-4.9857411529629925
14.51013635907966,-4.98950517049814
14.515799785257672,-4.993269153586056
14.521462746062136,-4.99703464961901
14.527124515144257,-5.00080152070297
14.532785610539776,-5.004568457023154
14.538447234154301,-5.008333829461605
14.544110086928809,-5.0120978336304765
14.549773572413075,-5.015861815428148
14.555436543624468,-5.019627318202152
14.561098248499247,-5.023394209556334
14.566759330954074,-5.027161128932005
14.572420932941066,-5.030926475813036
14.578083756938593,-5.034690474256844
14.583747214713169,-5.038454463137322
14.589410200808672,-5.042219970556446
14.595071957727658,-5.04598686331296
14.60073307045166,-5.0497537732416635
14.60639467321975,-5.053519161739986
14.612057538440814,-5.057283698044403
14.617720155552638,-5.061050047062846
14.623381129569985,-5.0648181518873825
14.629041452454565,-5.068586031476595
14.634702509356105,-5.072352250230245
14.640364755346548,-5.076117267092246
14.64602749846995,-5.07988230143369
14.651689809193888,-5.08364872895557
14.657350934997819,-5.087416549734181
14.663011366950064,-5.091184451647019
14.668672306288384,-5.094950797292493
14.674334494978321,-5.098715760649724
14.67999733536556,-5.102480718972838
14.685659673222105,-5.1062472061083275
14.691320757306773,-5.110015072811401
14.696981277539576,-5.113783482597764
14.702641384738243,-5.117552207121579
14.708301557432106,-5.121319790336367
14.713962957413015,-5.125085719984824
14.71962521511588,-5.128851515332711
14.725286956498394,-5.13261900785566
14.730947350836493,-5.136387914936717
14.736607158854667,-5.140156713900833
14.742267497058407,-5.143924020534669
14.747929024829043,-5.147689983396684
14.753591167847672,-5.151455903225419
14.759252829769654,-5.1552233399937135
14.764913290231991,-5.158992160617752
14.770573102449976,-5.162761026146207
14.77623341824144,-5.166528370664389
14.781894975551852,-5.170294303926674
14.78755716071302,-5.174060224294677
14.79321879736026,-5.177827691612014
14.798879241536568,-5.181596497481716
14.804539046784265,-5.185365340622579
14.810199370372706,-5.189132649703906
14.815860903348717,-5.192898614322949
14.821523107891325,-5.1966645295522955
14.827184761538202,-5.200432012585176
14.83284521735497,-5.204200835119675
14.838505023842961,-5.207969669108694
14.844165313602216,-5.211736992655895
14.849826842044768,-5.2155029343264845
14.855489004467122,-5.219268865886822
14.861150695729602,-5.2230363167431175
14.866811157288055,-5.226805151961736
14.872471016085898,-5.230574540817611
14.878130475280985,-5.234344254458362
14.883790033617206,-5.23811278006556
14.889450765224067,-5.2418796953677065
14.895112375130223,-5.245646446581688
14.900773439362538,-5.249414922202317
14.906433193062467,-5.253184782531012
14.912092344017113,-5.256954597788793
14.917752074221333,-5.26072285026003
14.923412970687624,-5.264489805082717
14.929074454348799,-5.268256712666077
14.934735483818047,-5.27202509531161
14.94039527942621,-5.2757948801544945
14.946054409749797,-5.279564717801073
14.951714068250597,-5.283332991339766
14.957374963345814,-5.287099901039506
14.963036490805536,-5.290866806942437
14.968697518362976,-5.294635252971754
14.974357354203223,-5.298405052646283
14.980016528853259,-5.3021748820852155
14.985676196977954,-5.305943188106701
14.991337084011048,-5.309710091695837
14.9969986080757,-5.3134769739301655
15.002659610604388,-5.31724539658636
15.008319401684853,-5.321015190147476
15.013978555424986,-5.3247850187759385
15.019638229495092,-5.328553309017289
15.025299132159363,-5.3323202364972735
15.030960694127254,-5.336087121811004
15.036621684087732,-5.33985557543127
15.042281487068403,-5.3436253577647745
15.0479406500782,-5.347395160585812
15.053600285223041,-5.351163471769869
15.059261184186264,-5.3549303760754094
15.064922716562235,-5.358697270132418
15.070583743783127,-5.36246571382714
15.076243564866822,-5.366235519602557
15.081902728115983,-5.370005332318819
15.087562377717028,-5.373773629046731
15.09322325705763,-5.377540538989015
15.09888479182986,-5.381307411966139
15.104545802610161,-5.385075847872789
15.110205599640803,-5.388845650923663
15.115864776433517,-5.392615480973242
15.12152446879359,-5.396383770774599
15.12718534939798,-5.400150708664513
15.132846890978799,-5.403917592633235
15.138507872091264,-5.407686038109738
15.144167666730679,-5.411455810603683
15.149826814885074,-5.415225614792652
15.155486481125322,-5.418993891551895
15.16114735770234,-5.42276082327351
15.166808901138582,-5.426527708635251
15.172469926943329,-5.430296152192533
15.178129738821584,-5.4340659649733825
15.183788937704316,-5.437835789868082
15.189448601695524,-5.441604104601654
15.195109499171764,-5.445371030901817
15.200771000643519,-5.4491379277235374
15.206432022259015,-5.452906327766981
15.21209180128002,-5.456676109639592
15.217750935958547,-5.460445935079376
15.223410597307733,-5.464214208512727
15.229071486686106,-5.467981120773352
15.234733011503646,-5.471748023708231
15.240394039991894,-5.475516467649078
15.246053873908304,-5.479286268251941
15.251713046479807,-5.483056108177407
15.257372717842852,-5.486824417963388
15.263033617280414,-5.490591314763254
15.268695141684674,-5.4943581990884
15.274356142642178,-5.498126617293275
15.280015933350215,-5.501896407824231
15.285675085990968,-5.50566623570927
15.291334757773997,-5.509434523608399
15.296995659283862,-5.513201448584491
15.30265718749407,-5.516968365826903
15.308318226081813,-5.52073678189895
15.313978029404222,-5.524506580161393
15.31963717993014,-5.528276387828494
15.325296825049467,-5.532044689268913
15.330957723826252,-5.535811590807149
15.336619254807898,-5.539578482851741
15.342280281256684,-5.543346924216366
15.347940101496315,-5.547116726847286
15.353599263523549,-5.550886537694068
15.35925891170735,-5.5546548353160645
15.36491978923601,-5.5584217441956545
15.370581252497844,-5.5621881011012695
15.376243131707149,-5.565954125683821
15.381904912994997,-5.5697213225513575
15.387565499586474,-5.573490163121187
15.393225245479318,-5.577259152949739
15.39888550811185,-5.58102645479695
15.404547115701034,-5.584792330403373
15.41020928123351,-5.5885582833378695
15.415870921237413,-5.592325748513176
15.421531331029204,-5.596094545417624
15.427191165914463,-5.599863369532057
15.432851445708964,-5.603630730776058
15.438512991322645,-5.607396665393651
15.444175184626442,-5.611162578207415
15.449836868478165,-5.614930049382793
15.455497331359865,-5.618698890788533
15.461157147659872,-5.622467751594281
15.466817461797362,-5.626235084159352
15.472478996193555,-5.630001010083546
15.478141154296772,-5.633766917163704
15.483802804644375,-5.6375343701585185
15.489463250558932,-5.641303189967245
15.495123064182707,-5.645072041782044
15.500783381106633,-5.648839381228964
15.506444946958007,-5.652605323710535
15.512107129643548,-5.656371248713207
15.517768783681335,-5.660138702023274
15.52342922756445,-5.6639075191882196
15.529089022758209,-5.667676356502484
15.53474934233829,-5.671443664534768
15.54041087102688,-5.675209627641893
15.54607307164381,-5.678975537682131
15.551734735716886,-5.682743008702396
15.557395191424497,-5.686511837074296
15.563054998725226,-5.690280665545466
15.568715285827025,-5.6940479953129834
15.574376811534442,-5.697813922654654
15.580038970911945,-5.70157985069345
15.585700657425555,-5.705347300372221
15.591361114599298,-5.709116133116274
15.597020934541826,-5.712884999963944
15.602681278035655,-5.716652300227661
15.608342805920426,-5.720418263394181
15.614004920665147,-5.724183652142088
15.619667424773592,-5.727948700505415
15.62532984312829,-5.731714925344096
15.630991088866985,-5.735482770924442
15.636651446843691,-5.739250816723285
15.642312375427188,-5.743017114642759
15.647974630841032,-5.746782023331386
15.653637434597854,-5.750547011683677
15.659299721404363,-5.754313498857553
15.664960794160717,-5.758081320415075
15.670621279469016,-5.761849176397044
15.67628222474236,-5.76561554886142
15.681944411820838,-5.769380531424428
15.687607259846777,-5.773145474147535
15.69326958415908,-5.77691197743833
15.698930691190272,-5.780679840435927
15.704591138253091,-5.784447715131034
15.710252095348325,-5.788214047757725
15.71591425831171,-5.791979018858791
15.721577067077405,-5.795743951609005
15.72723937381789,-5.799510431601632
15.732900470110994,-5.80327828339458
15.738560948850903,-5.80704615866975
15.744221902495603,-5.8108125422441885
15.749884114967248,-5.814577507226157
15.755546965294577,-5.818342442301458
15.761209243770175,-5.822108951683638
15.76687033645787,-5.82587678732925
15.772530791218035,-5.829644641145305
15.778191717206818,-5.83341100336267
15.783853906554686,-5.83717595999731
15.789516729297898,-5.840940904456695
15.795179048103813,-5.8447073946746
15.800840161118005,-5.848475252496512
15.806500625310534,-5.852243171084023
15.81216161526395,-5.856009490016083
15.817823796195025,-5.859774472651184
15.823486631722586,-5.8635393922458166
15.829148897653564,-5.867305888192764
15.834809986263197,-5.871073725425071
15.840470423244138,-5.874841621779439
15.846131395843456,-5.878607953616712
15.851793594842421,-5.882372920391671
15.857456429444332,-5.88613787699841
15.863118781977668,-5.889904351529593
15.868779854734697,-5.893672222122167
15.874440303089273,-5.8974401044680915
15.880101265849307,-5.9012064218807145
15.88576343279862,-5.904971406214387
15.89142620028523,-5.908735822943424
15.897089380797922,-5.912499908949047
15.902752454862151,-5.916265170757781
15.908414353748224,-5.920032052857466
15.914075356155658,-5.923799093273084
15.919736901192566,-5.927564435661835
15.925399785096749,-5.9313283603818014
15.931063281243237,-5.935092343496358
15.93672619679361,-5.938857896940433
15.942387936859395,-5.942624763499367
15.948049075543672,-5.946391668939032
15.953710674907517,-5.950157079321416
15.95937349710841,-5.953921061637683
15.965036970445075,-5.95768501860416
15.970699902447786,-5.961450532677124
15.976361647961497,-5.9652174021797855
15.982022740928878,-5.968984319789497
15.98768436193973,-5.972749686602269
15.993347207316976,-5.976513695373442
15.99901071035288,-5.980277659954095
16.004673643203898,-5.984043196185265
16.01033538774804,-5.987810068628878
16.015996490705554,-5.991576952808323
16.021658066173636,-5.995342349583297
16.027320912244427,-5.99910633333719
16.03298438850338,-6.002870307182992
16.038647359786477,-6.006635830563002
16.044309113167632,-6.010402715015247
16.04997021805489,-6.014169602063803
16.055631802615856,-6.0179349904089845
16.061294618105574,-6.021698976041463
16.066958097977867,-6.025462926461858
16.072621054468236,-6.029228445476004
16.078282792084632,-6.032995336118656
16.083943908202965,-6.036762249914659
16.089605546815932,-6.040527616095938
16.095268370600767,-6.044291635399324
16.100931857251922,-6.048055596269617
16.10659477369178,-6.051821128789828
16.11225651638809,-6.055587985484755
16.117917603084507,-6.059354874721473
16.123579213793906,-6.063120231853433
16.129242033432305,-6.066884246072319
16.134905524291483,-6.070648209279876
16.140568492157584,-6.074413735790254
16.14623024694567,-6.078180630411532
16.151891367386995,-6.081947549507573
16.157552986950982,-6.0857129222496305
16.163215815626682,-6.089476929291523
16.16887925287335,-6.093240904496728
16.174542219106037,-6.097006387156109
16.18020394570546,-6.100773264573387
16.185865055694663,-6.104540162857531
16.19152667858014,-6.108305531281216
16.197189511425112,-6.112069553895246
16.20285299668979,-6.115833529827954
16.20851597890921,-6.11959903256145
16.214177691328768,-6.1233659211917555
16.219838777803204,-6.1271328227229285
16.225500382327606,-6.130898183814254
16.231163210273458,-6.1346621855007095
16.236826673289638,-6.138426174593378
16.242489679678542,-6.142191664269897
16.24815141015998,-6.145958561748251
16.253812506415684,-6.149725480378038
16.259474121017643,-6.153490820232504
16.26513692751401,-6.157254820703197
16.27080038498956,-6.161018788620311
16.276463338921562,-6.164784305171336
16.28212509375724,-6.168551182541614
16.287786196812363,-6.172318119146257
16.2934478344046,-6.176083491397754
16.29911067670054,-6.1798474868571285
16.304774142650675,-6.183611457324729
16.310437110783106,-6.187376952953953
16.316098820843287,-6.191143827209785
16.321759900996778,-6.194910741816963
16.327421507843972,-6.198676096735246
16.333084338056338,-6.202440090774448
16.33874780713504,-6.206204070206616
16.34441077523569,-6.20996959605905
16.35007254994992,-6.213736478253369
16.355733666083683,-6.217503404238011
16.361395275712102,-6.221268795628898
16.367058118732942,-6.2250327697499
16.372721587140852,-6.22879673542167
16.37838451128158,-6.232562249053847
16.384046258307322,-6.236329112672305
16.38970735011127,-6.240096029016766
16.39536896746761,-6.243861396274658
16.40103181121097,-6.2476254016240595
16.406695279006588,-6.251389399197232
16.412358263032022,-6.255154893756869
16.418020007668115,-6.258921773851832
16.423681104248438,-6.262688654061503
16.42934267678649,-6.266454050960473
16.43500551946425,-6.2702180336642455
16.44066899319959,-6.27398200530649
16.44633196204429,-6.277747527266372
16.451993720182326,-6.281514414767363
16.457654820751433,-6.285281313077448
16.46331641512171,-6.289046687973077
16.468979233579425,-6.292810672789045
16.474642711077653,-6.296574623393317
16.480305664214924,-6.300340140862732
16.485967399244895,-6.304107029488125
16.491628513391365,-6.307873942662882
16.497290146381292,-6.311639321258517
16.502952983373778,-6.315403339930855
16.50861645409545,-6.319167313139367
16.51427939684689,-6.32293281503351
16.519941136713022,-6.326699686387748
16.525602216511192,-6.3304665748201465
16.53126382578391,-6.334231929381412
16.536926642981097,-6.33799593997739
16.542590131091742,-6.341759901449596
16.548253095928914,-6.345525430606146
16.553914847093555,-6.349292325435271
16.55957598023272,-6.353059234458843
16.56523758916428,-6.356824627356038
16.57090042650373,-6.360588631425391
16.576563872074328,-6.364352602958686
16.58222683229808,-6.368118086861641
16.587888559238557,-6.371884960326778
16.593549666876072,-6.375651857689912
16.599211285989973,-6.379417226622822
16.604874115356147,-6.383181248733184
16.610537612360844,-6.386945223092003
16.616200555242635,-6.390710760221041
16.621862302269623,-6.394477623123808
16.627523389275737,-6.398244535970426
16.63318499370687,-6.402009879870113
16.63884782083748,-6.405773877758316
16.644511281272997,-6.409537866775063
16.65017428398122,-6.413303355843708
16.655836019397157,-6.417070256492372
16.661497111032862,-6.420837186862593
16.667158731206666,-6.424602519235573
16.672821544582273,-6.428366528308659
16.67848499552697,-6.432130488901692
16.68414794847153,-6.435896001576751
16.6898097014537,-6.439662875721384
16.69547080172054,-6.443429810292747
16.701132437038385,-6.447195181008048
16.70679528489891,-6.450959176937999
16.712458762768865,-6.454723150028215
16.71812173265388,-6.458488642035647
16.723783438209846,-6.462255531550912
16.729444513896322,-6.4660224417583905
16.73510612051926,-6.469787793384809
16.740768949199044,-6.473551785842448
16.74643241569712,-6.477315763660114
16.75209538197106,-6.481081284874679
16.75775715563523,-6.484848162939854
16.763418271695663,-6.488615103753984
16.769079911667788,-6.492380448527686
16.77474273155853,-6.496144464509385
16.780406214414995,-6.499908422391842
16.78606912670699,-6.503673950951363
16.791730872881026,-6.507440807913802
16.797391962598713,-6.511207721958297
16.80305357814292,-6.514973082933791
16.80871642079656,-6.5187370840321535
16.81437989831543,-6.522501075296319
16.82004288565247,-6.526266582266536
16.825704620528807,-6.530033461587218
16.83136570995717,-6.533800357194382
16.837027293747013,-6.537565743506254
16.84269013373612,-6.541329726026687
16.84835360499222,-6.545093694357166
16.854016573176477,-6.5488592116906394
16.859678327254255,-6.55262609709485
16.865339430536654,-6.556393007201321
16.871001029348573,-6.560158387452856
16.87666385474858,-6.563922359153054
16.882327330360713,-6.5676863086315835
16.88799028070244,-6.57145182768281
16.8936520127372,-6.57521871616478
16.899313124543085,-6.578985625974971
16.9049747564315,-6.582751000225476
16.910637600033866,-6.586515023507117
16.916301053890745,-6.590279008788274
16.921964027749485,-6.594044496248234
16.927625760274676,-6.597811366496237
16.933286842996534,-6.601578257677787
16.93894844909112,-6.605343612072843
16.944611262930305,-6.609107622509284
16.95027467872772,-6.612871067406075
16.95593850997294,-6.616634182419969
16.96160224191332,-6.6203984706022325
16.967264780756054,-6.624164403077925
16.972926449104857,-6.627930497262786
16.978588675054816,-6.631694830607023
16.98425219760857,-6.635457801578418
16.989916328433473,-6.639220821471331
16.99557986626385,-6.642985387132965
17.001242250409504,-6.646751262310352
17.006904038248436,-6.650517177366567
17.012566269517198,-6.654281631964367
17.01822976554222,-6.658044656490553
17.023893838780133,-6.661807117687518
17.029558311071483,-6.6655692648958285
17.035222682615366,-6.669332548989359
17.04088581008967,-6.673097500208507
17.04654811602426,-6.676862587047707
17.052210974989787,-6.680625973342264
17.05787515999622,-6.684387978506656
17.063539957496946,-6.688150043621972
17.06920415242347,-6.691913664504469
17.074867191879363,-6.695678553442381
17.08052958666327,-6.69944352452466
17.08619248103185,-6.70320693509082
17.091856587066566,-6.706968988718953
17.09752134322909,-6.7107310203618065
17.103185640667935,-6.714494563542836
17.108848607665745,-6.718259008943414
17.11451187377985,-6.722021572540226
17.120176771202296,-6.7257824013978835
17.125842293996797,-6.7295434671048975
17.131507095108777,-6.733306183353292
17.137170716454914,-6.7370700988184
17.142833803350648,-6.740834014593914
17.14849735792835,-6.744596494816735
17.15416208909244,-6.748357602553113
17.159827495224082,-6.752118647607575
17.165492447485327,-6.755881231600227
17.171156143739772,-6.7596452256387485
17.176819193974406,-6.763409218857827
17.182482749974646,-6.767171682105021
17.18814751810956,-6.770932761662547
17.193812849040864,-6.774693275852683
17.19947853163107,-6.778452937415478
17.205145052926103,-6.782211880074869
17.210811489936997,-6.785972270378425
17.216476498680162,-6.78973444845167
17.222140710169427,-6.793496595842998
17.22780556695815,-6.797257012866708
17.23347170041764,-6.801016112835225
17.239138364800347,-6.804775276860571
17.244804521926376,-6.808535901725734
17.25046949765422,-6.812297895018746
17.25613384045294,-6.816059950432418
17.261798672487096,-6.819820478040655
17.267464740996182,-6.823579618202224
17.27313141292669,-6.827338203083173
17.278798411275087,-6.831095924394849
17.284466213782316,-6.834852947759685
17.29013393430533,-6.83861138054792
17.2958002204377,-6.842371587691243
17.301465693352732,-6.846131771147809
17.307131819189053,-6.84989023330584
17.312799252714765,-6.853647391487585
17.318467225842586,-6.857404619226683
17.324134681255682,-6.86116333371749
17.329800984409463,-6.8649233866583685
17.335466636406696,-6.868683511631856
17.34113276979625,-6.872442066754568
17.346800095480543,-6.876199258237839
17.352468107299316,-6.879956386127282
17.358135494209616,-6.883714568225433
17.363802548888305,-6.887471703425262
17.369470997923212,-6.8912268084563335
17.37514048315469,-6.894981237284366
17.380810169241574,-6.898735740001448
17.386479567075213,-6.902491383925408
17.392147934053742,-6.906248435746388
17.397815471739474,-6.910005724066052
17.403483443898487,-6.913761402195103
17.409152744532307,-6.917515595987967
17.41482270130625,-6.9212698187042365
17.420492080161875,-6.92502563436041
17.426160261744602,-6.928782777684456
17.431827862749138,-6.932539931547603
17.4374959325144,-6.9362956072836806
17.443165230584025,-6.94004990291141
17.44883510995886,-6.943803611325258
17.45450533890995,-6.947556467253537
17.46017629734209,-6.951308087436187
17.46584808151892,-6.955059252866843
17.471519601401294,-6.958811959014128
17.477189700426834,-6.962566318010388
17.48285910836375,-6.966320615723686
17.488529144768997,-6.970073263901954
17.494200408688094,-6.9738246260421235
17.49987226795317,-6.977575993860999
17.505543602824645,-6.981328848033518
17.511213761684925,-6.985083059494784
17.51688326089061,-6.988837308770419
17.522553228659238,-6.992590057396887
17.5282244511349,-6.996341390162558
17.533896259977528,-7.000092178605329
17.539568424978714,-7.00384211080119
17.54524132520617,-7.007590822744145
17.550915001304816,-7.011338550964583
17.55658928956015,-7.015085956496945
17.562263313648792,-7.0188347638082975
17.567936069392356,-7.022585133331438
17.573608066886315,-7.026335571578181
17.57928064042453,-7.030084354084784
17.584954480053568,-7.033831794475294
17.590628935373488,-7.037579254954858
17.59630283981965,-7.041328229005902
17.60197556533592,-7.04507854576083
17.607647646903736,-7.048828890135436
17.613320194293774,-7.0525777452879685
17.61899398687592,-7.056325186450133
17.624668368988907,-7.060072075784921
17.63034311043515,-7.063818108492503
17.636018590943,-7.067562931684232
17.641694835506453,-7.071306757890209
17.647371634695148,-7.075049736627638
17.653049080492785,-7.078792244657683
17.65872639332385,-7.082536090023678
17.66440237266288,-7.08628164635859
17.670077562682145,-7.090027240572947
17.67575336285777,-7.0937711276894335
17.681430441448505,-7.097513699874238
17.68710809800561,-7.101256295496601
17.692785154023827,-7.104999876162975
17.69846188728071,-7.108742358619379
17.704139991045217,-7.112482852907639
17.709819066818344,-7.116222681112309
17.715498326157245,-7.119962006446454
17.721178156683298,-7.123700082587015
17.72685892232679,-7.127436987956121
17.73254036512719,-7.131173656468483
17.7382214537879,-7.134911820546719
17.74390128934473,-7.138651487498477
17.74958039344991,-7.142391166075837
17.75526002910375,-7.146129251576837
17.76094090501577,-7.149865962397106
17.766622381638218,-7.1536026682188085
17.772303301247742,-7.157340366494835
17.77798388900799,-7.161077031465945
17.78366584651781,-7.164811686521817
17.78934882473529,-7.168545662009069
17.795031950449765,-7.172279164556627
17.800715643609834,-7.176011396943615
17.806400250459845,-7.179742452327616
17.812085472205023,-7.183472727202243
17.817771214359425,-7.1872026146425565
17.82345683516612,-7.190933779625716
17.829141178478146,-7.194666610495828
17.834824724910185,-7.198399526529728
17.84050884525549,-7.202130744728331
17.84619425374737,-7.205860620519917
17.851880277509178,-7.209590520990442
17.85756566975979,-7.213321431064302
17.86325074071774,-7.217051272129561
17.86893719280064,-7.220779065131847
17.874624624473384,-7.224506199567223
17.880312215842764,-7.2282328455466045
17.88600038425737,-7.231958229263925
17.89168948205186,-7.235682457931424
17.89737918982361,-7.239405909713092
17.90306937879281,-7.24312843217613
17.908760242078706,-7.246849842913081
17.914451906098673,-7.250570783973114
17.92014327804143,-7.254293255541486
17.92583331701749,-7.2580173593632
17.931522651733356,-7.261741427322368
17.93721255919008,-7.265463868155038
17.942903732738305,-7.269184974702986
17.948595410874667,-7.272905570380146
17.95428743192656,-7.276625260539715
17.95998021689978,-7.280343680542228
17.965673762044545,-7.284061151208789
17.971367837260434,-7.287777782326985
17.977062507152187,-7.2914933870650085
17.982757888948623,-7.295207953512748
17.988453921150708,-7.298921590818188
17.99415055999596,-7.302634281204195
17.9998478536016,-7.306345964658898
18.005545864477856,-7.310057179244213
18.011243677229523,-7.313769825418859
18.016940097297013,-7.317484159951606
18.022635778980007,-7.321198481609763
18.0283320647126,-7.324911115832427
18.034029600552966,-7.328622429099442
18.0397276619599,-7.3323332383509
18.045426063707485,-7.3360431510122535
18.051125229209333,-7.339751793770272
18.056825163417173,-7.343459486083705
18.062525605524065,-7.347166337437313
18.068226651493468,-7.350872156799454
18.07392840377364,-7.3545769354490895
18.079630805185577,-7.358280784641142
18.085333810762375,-7.361983686652428
18.091037469553573,-7.365685579730228
18.096741789661063,-7.369386484556452
18.102446716918205,-7.373086424294597
18.10815225468913,-7.376785381120204
18.113858441034743,-7.380483337900307
18.11956524222705,-7.384180325705213
18.125272695035584,-7.387876327691445
18.13098078622833,-7.39157135681059
18.136689513931987,-7.395265413011011
18.14239888153721,-7.398958493262045
18.148108889594127,-7.402650599998373
18.153819541637162,-7.406341726574167
18.15953081424435,-7.41003186060708
18.165242721411158,-7.4137210107152764
18.170955232967877,-7.417409179648896
18.176668387607673,-7.421096355776449
18.182382161447546,-7.4247825596659895
18.18809658882731,-7.4284677831404196
18.193811662323142,-7.432152020968726
18.199527364348196,-7.435835294597365
18.205243702917574,-7.439517589430585
18.21096067424353,-7.443198907711219
18.216678281564604,-7.446879228380945
18.2223965093704,-7.4505585615897285
18.228115339390225,-7.454236920256161
18.23383482511641,-7.4579142788560615
18.239554918818474,-7.461590663205424
18.245275658987484,-7.465266070241819
18.250997037950416,-7.468940501359003
18.25671906778723,-7.472613942301098
18.262441730145532,-7.476286410181415
18.268165022506565,-7.479957904628464
18.27388893724835,-7.483628404705535
18.279613465416208,-7.487297919979526
18.28533863151637,-7.490966441409789
18.291064407513893,-7.494633974912222
18.296790818182014,-7.498300527973011
18.302517861120513,-7.501966103783377
18.308245541196065,-7.505630700754653
18.31397385846323,-7.509294320433184
18.319702818525247,-7.512956957450222
18.325432420883033,-7.516618605010906
18.331162614820215,-7.520279279317666
18.336893449907368,-7.523938945920715
18.342624906091242,-7.527597626621908
18.348356965270963,-7.53125532751116
18.35408966846198,-7.534912036281884
18.359823007390304,-7.538567765262397
18.36555697349449,-7.542222519199812
18.371291573472735,-7.545876290541143
18.377026808837986,-7.549529083681585
18.382762681196834,-7.5531808939935035
18.388499166807467,-7.556831707242499
18.39423628086561,-7.560481531564949
18.399973992882977,-7.564130370898981
18.405712341037326,-7.567778212848525
18.411451301700865,-7.571425077418592
18.41719090949138,-7.575070956543327
18.422931156734247,-7.578715844888246
18.428672025883074,-7.5823597642578076
18.434413525111758,-7.58600269970563
18.440155657576142,-7.58964465360426
18.445898421398226,-7.5932856114400655
18.451641773135634,-7.596925590670631
18.45738576225436,-7.600564556213469
18.46313037056796,-7.604202542445671
18.468875590319055,-7.607839541630659
18.474621443815714,-7.611475560738365
18.48036792954928,-7.6151105997938435
18.48611505924447,-7.618744644512859
18.491862814679926,-7.622377711766969
18.497611193326343,-7.626009801095426
18.50336018738286,-7.629640891585346
18.509109787988137,-7.633270992709639
18.51486001968269,-7.636900095224381
18.5206108493172,-7.640528216594992
18.526362322477123,-7.644155333222673
18.532114410755224,-7.647781476551706
18.537867129478027,-7.651406636816421
18.543620478569782,-7.655030815911555
18.549374463534836,-7.658654008704954
18.555129083841642,-7.6622762084982705
18.560884301467887,-7.6658974339201436
18.56664014957581,-7.669517653756594
18.572396590099746,-7.673136886359626
18.578153650820823,-7.676755115857343
18.58391133694817,-7.680372358081858
18.589669652040154,-7.683988615332097
18.59542858752092,-7.687603893001064
18.601188150014398,-7.691218183485153
18.606948341105124,-7.694831491096187
18.612709162444904,-7.69844381125238
18.618470590213317,-7.702055129963657
18.624232639577073,-7.7056654556726025
18.629995281399054,-7.70927479631631
18.635758565254218,-7.71288313339013
18.64152246158301,-7.71649049636008
18.647286983549364,-7.720096871890532
18.65305213263868,-7.723702264107172
18.658817907211777,-7.7273066559620425
18.664584267534863,-7.730910062583937
18.670351264496844,-7.73451246226052
18.67611886426847,-7.738113879191546
18.681887095468614,-7.741714295768553
18.687655941665334,-7.745313736440192
18.69342541217031,-7.748912188302437
18.699195508586104,-7.752509655619344
18.70496623048165,-7.756106138545906
18.710737575352603,-7.759701615573375
18.716509523018896,-7.763296095374102
18.72228205807094,-7.76688959290718
18.728055233165133,-7.770482081996857
18.733828991985906,-7.7740735884856065
18.739603393030738,-7.77766410325527
18.74537842425521,-7.781253621282333
18.751154067870168,-7.784842164715838
18.75693033194071,-7.788429718279424
18.762707219649744,-7.792016284172193
18.768484737083686,-7.795601848966004
18.774262833609495,-7.799186430623904
18.780041557947825,-7.802770000236974
18.785820877194737,-7.806352572769395
18.791600803727682,-7.809934153049496
18.797381354875473,-7.813514747145858
18.80316252889467,-7.817094355187455
18.808944337193765,-7.820672963276858
18.814726761676663,-7.8242505885376605
18.820509799821124,-7.827827230672162
18.826293443639905,-7.831402868826357
18.83207768437827,-7.834977512272515
18.83786255522705,-7.838551151482314
18.843648008384612,-7.842123804946016
18.84943409356703,-7.845695468626126
18.855220811976917,-7.849266130756203
18.86100814520241,-7.852835808652468
18.86679607166632,-7.8564044993447775
18.87258461955466,-7.859972177902889
18.87837375836504,-7.863538874464972
18.884163526993632,-7.867104554032426
18.88995388599796,-7.870669251735297
18.895744872491456,-7.87423296234861
18.901536490527707,-7.877795671419498
18.90732872205326,-7.881357395975675
18.913121564545644,-7.884918135607952
18.918915008843154,-7.888477885871951
18.92470906904354,-7.892036615022745
18.93050373226278,-7.895594347843433
18.936298978399314,-7.899151091565719
18.942094852873048,-7.902706826880216
18.94789133002757,-7.906261575326562
18.953688426032112,-7.9098153331226
18.959486140203996,-7.9133681017686905
18.965284478019957,-7.916919876024022
18.97108343902311,-7.920470649056578
18.976882995036277,-7.924020440297134
18.982683164582394,-7.927569222298627
18.988483909841424,-7.931117016137709
18.99428527683542,-7.9346637910981785
19.00008723734324,-7.938209570675443
19.005889818791076,-7.9417543575548635
19.011693008872545,-7.945298157813325
19.017496813732635,-7.948840963373919
19.023301234948025,-7.952382778330794
19.02910627209982,-7.955923602662815
19.03491192246726,-7.959463414852898
19.04071806973376,-7.963001719551389
19.04652560272691,-7.966536554395069
19.052335601226382,-7.97006773365628
19.058147508361447,-7.973596338201876
19.063960861890287,-7.977122212591042
19.069776079079503,-7.980644815319744
19.075593312315736,-7.984164354640133
19.081412278023954,-7.987681051467254
19.087232962971193,-7.991194751374661
19.093055488459278,-7.9947053649129405
19.09887988570365,-7.99821298358363
19.10470602902846,-8.001717677833557
19.11053397628519,-8.005219342025123
19.1163637587229,-8.008717992197731
19.122195346215864,-8.01221366828278
19.12802873104734,-8.015706322124439
19.13386390497086,-8.01919594983742
19.139700836754812,-8.022682602314891
19.145539598055333,-8.026166215892912
19.15138013272679,-8.029646850128534
19.157222470471673,-8.033124471575137
19.163066606183286,-8.036599093550837
19.168912535673872,-8.040070715246884
19.174760265753925,-8.043539300957027
19.18060976834684,-8.04700486636403
19.186461017551473,-8.050467448110401
19.192314077378665,-8.053926983693492
19.198168903730544,-8.057383526748051
19.204025519327086,-8.060837050451873
19.20988392046314,-8.064287563264728
19.215744105392762,-8.067735064293899
19.22160607937284,-8.071179520847725
19.227469813041477,-8.074620947821758
19.233335281605424,-8.078059382086769
19.239202549474772,-8.081494761395678
19.245071571564246,-8.0849271416019
19.250942370652172,-8.088356495414823
19.25681494332332,-8.091782831767711
19.262689287650318,-8.095206150265838
19.26856542325412,-8.098626417244963
19.274443265790527,-8.102043691041857
19.28032288489498,-8.105457890822608
19.28620426138561,-8.10886905902289
19.292087381433465,-8.112277219927917
19.297972266403544,-8.115682345269033
19.303858912774697,-8.119084443901675
19.309747318644035,-8.122483515330543
19.3156374888864,-8.125879527144447
19.321529394281825,-8.129272494152264
19.327423010207607,-8.13266245383961
19.333318400565187,-8.136049343427699
19.33921552064875,-8.139433219222218
19.345114393015667,-8.142814053643542
19.351015014289597,-8.146191855686016
19.356917382508744,-8.149566624884544
19.362821515317254,-8.152938340941185
19.36872736127029,-8.156307017902868
19.3746349502165,-8.159672635636426
19.3805442207621,-8.163035237742811
19.386455157901924,-8.166394221760601
19.392368507268706,-8.169747713635152
19.39828536852221,-8.17309544120402
19.40420521148682,-8.176438497019108
19.41012755315501,-8.179776758469611
19.416052804942133,-8.183109634476354
19.421981116867098,-8.186437344748416
19.42791223150226,-8.189760134354275
19.433846073399955,-8.193077838629577
19.43978280435942,-8.196390336868802
19.445722443750782,-8.19969774321656
19.451664856285205,-8.203000137475353
19.45761009874388,-8.206297402374975
19.463558204034594,-8.209589540985014
19.469509158896095,-8.21287656788881
19.47546285168423,-8.216158536065766
19.481419402605763,-8.219435334854113
19.487378727724153,-8.22270704107431
19.493340918641156,-8.225973585433346
19.499305873659036,-8.229235059595087
19.505273635162517,-8.232491406053681
19.511244199937693,-8.235742630159164
19.51721755887801,-8.238988736123211
19.52319372472688,-8.242229714080914
19.5291726393369,-8.245465545828187
19.53515434448104,-8.248696240490515
19.541138790296966,-8.251921808919425
19.547126003198187,-8.255142216905817
19.55311596445261,-8.258357499093172
19.55910872016704,-8.261567626617293
19.56510424028447,-8.264772602848748
19.5711024925446,-8.267972459525266
19.577103501012417,-8.271167155214869
19.58310724436349,-8.274356709880136
19.58911374462709,-8.277541076335417
19.595122968894387,-8.280720273221846
19.601134856652465,-8.283894350770272
19.60714952763342,-8.287063214956781
19.61316687285873,-8.29022693852377
19.61918695147894,-8.293385496969426
19.625209750673683,-8.296538889818953
19.631235296676955,-8.299687083493685
19.63726351385509,-8.302830145865284
19.6432943125977,-8.305967526518854
19.649328414642262,-8.309097229600466
19.655366879889602,-8.312218931883228
19.66140921486596,-8.31533375714974
19.667454864199033,-8.31844166833215
19.673504308100206,-8.321541958140536
19.679557658993442,-8.324634888787939
19.68561466481123,-8.327720742841265
19.691675289498757,-8.33079932472978
19.6977396939598,-8.333870499560955
19.70380783581656,-8.336934415445834
19.7098795484522,-8.339991117267008
19.71595496058067,-8.343040457389591
19.722034039240896,-8.346082473755157
19.728116762821976,-8.349117208560553
19.73420311821013,-8.35214464006295
19.74029311912432,-8.355164745481897
19.746386775638747,-8.35817751888701
19.752484062636498,-8.361182980915526
19.758584918344894,-8.364181131197924
19.764689402721547,-8.367171906072652
19.77079741074623,-8.370155371140129
19.776909055775263,-8.373131465719366
19.783024234099855,-8.376100211467689
19.78914299407524,-8.379061612655631
19.795265332657692,-8.382015650016466
19.801391235134002,-8.384962337076974
19.807520638642384,-8.387901680765824
19.813653598067255,-8.39083362038574
19.8197900096769,-8.393758216019386
19.8259298470983,-8.396674909286299
19.832073662407907,-8.399581719683894
19.838222563101986,-8.402478255999613
19.8443762430808,-8.405366171888055
19.85053352966022,-8.40824744642322
19.856693675040916,-8.411121795912445
19.862857341411207,-8.413988203566632
19.869024763138103,-8.416847071303497
19.875195474035962,-8.419698813647873
19.881369462640286,-8.422543154399511
19.88754699294527,-8.425379858811558
19.893727929504013,-8.428209231239515
19.899912223001035,-8.431031234980525
19.906099899149105,-8.43384576078621
19.912290855528546,-8.436652337685057
19.91848567631977,-8.439448945800203
19.9246853515194,-8.442235242163328
19.93088946969328,-8.445012345666283
19.937097545039638,-8.447780148573944
19.943309836021452,-8.45053810061762
19.949526605841463,-8.453286306416757
19.95574756085613,-8.456025055835978
19.961972610677602,-8.45875426111465
19.96820194387869,-8.461473703938083
19.974435517195808,-8.464183541349989
19.980673240862338,-8.466883802427299
19.986915140700347,-8.469574387396586
19.99316121549932,-8.47225533300829
19.999411427248493,-8.474926585820457
20.005665676622723,-8.477588247747864
20.01192409769252,-8.480240178285348
20.018186564377682,-8.48288246394429
20.024453128230597,-8.48551506126838
20.03072375731065,-8.48813797288713
20.036998457030947,-8.490751176761444
20.043277210752514,-8.493354698918596
20.049559923807422,-8.495948529445595
20.05584666747724,-8.498532627768384
20.06213735433819,-8.501106983101748
20.068432039412,-8.503671635636007
20.07473066624286,-8.506226544711906
20.081033242690722,-8.50877172126036
20.08733976807431,-8.511307145940183
20.093650049782795,-8.513832359132815
20.09996455614638,-8.516345291759944
20.106284330968617,-8.5188454459805
20.1126089616341,-8.521334092682098
20.11893797464266,-8.523811091614068
20.12527159058284,-8.526275862986598
20.131610065740162,-8.528728530739942
20.13795314126543,-8.531169412445886
20.144300746593647,-8.533598342052786
20.150652946622284,-8.536015186664489
20.157009754548092,-8.538420026663966
20.16337107342761,-8.540812885007574
20.169736814337483,-8.543193747357392
20.176107125337776,-8.545562527879474
20.182481839101925,-8.547919292274024
20.188861022133207,-8.550264009789341
20.195244648083065,-8.55259668473097
20.201632646894634,-8.554917319015532
20.2080250298459,-8.557225864728016
20.214421756147658,-8.559522305685894
20.220822799101775,-8.561806707554592
20.227228158931396,-8.56407897891595
20.233637748802515,-8.566339154812008
20.240051635786426,-8.568587195462024
20.24646977842248,-8.570823146235474
20.252892104944042,-8.57304699264773
20.259318635242575,-8.575258676514798
20.265749339172505,-8.57745821913435
20.272184193125227,-8.579645612371543
20.27862297994138,-8.581820384580261
20.28506606237057,-8.583980393895095
20.291514390122,-8.586125225238884
20.297967725094928,-8.588256004161728
20.30442544680851,-8.590372780140008
20.310887874542015,-8.592474800296086
20.31735516852426,-8.594562265423452
20.323827076720054,-8.596635492746907
20.330303557105417,-8.598694264004436
20.33678456509253,-8.600738523822946
20.343270202459518,-8.602768299603122
20.349760281309152,-8.60478362306164
20.356254869108582,-8.606784462144976
20.362753906928337,-8.608770753005505
20.36925737283447,-8.610742553434653
20.375765218233056,-8.612699841584403
20.38227744156015,-8.614642571972105
20.388794009764837,-8.616570789189536
20.395314820934797,-8.618484478044719
20.401839918395723,-8.620383548584106
20.408369166153758,-8.62226807300259
20.414902649098142,-8.6241380214873
20.421440276606077,-8.625993360332016
20.42798203346785,-8.627834102961517
20.43452790727811,-8.62966022822392
20.441077860835282,-8.63147177253153
20.447631814301353,-8.633268713586325
20.454189747260237,-8.635050968328178
20.46075144019883,-8.636818147828794
20.46731710141531,-8.638568068315934
20.47388767639937,-8.640300250812725
20.48046290004454,-8.642015875839048
20.487042233575156,-8.643714925437765
20.49362589093179,-8.645396712071772
20.500214048586386,-8.647061368881461
20.50680642595141,-8.648709324405264
20.513402944120205,-8.650340289278613
20.520003632001742,-8.651954105455136
20.526608540665073,-8.65355095428767
20.53321748312839,-8.655130865015783
20.53983046851883,-8.656693710565092
20.546447483676186,-8.658239491899069
20.5530684715747,-8.659768242603601
20.559693410152086,-8.661279948162235
20.566322182167852,-8.662774620187557
20.572954795666522,-8.664252191481923
20.579591210179494,-8.665712604598657
20.586231286611792,-8.667156015371546
20.592875102011266,-8.668582274780587
20.59952256757693,-8.669991332070452
20.606173593852922,-8.671383385768303
20.612828208291287,-8.672758233461582
20.61948634938336,-8.67411593639357
20.62614797193816,-8.675456487216136
20.63281304765166,-8.676779867192044
20.639481533094713,-8.678086120453848
20.646153069867285,-8.679374773750682
20.652827779237104,-8.680643650534435
20.659506547427654,-8.68189209884982
20.666189139621675,-8.683121495782819
20.672875040087604,-8.684331730643637
20.679564334166354,-8.685522135325526
20.686257270757803,-8.686692819769888
20.69295361374711,-8.687844210165546
20.699653174525825,-8.688976096105293
20.706356046728807,-8.690088253130783
20.713062186083025,-8.691180848120876
20.71977146980342,-8.692253925361774
20.72648385337483,-8.693307436465123
20.73319929089532,-8.694341227321841
20.739917664850413,-8.695355561813745
20.746638991295896,-8.696350229933913
20.75336320284228,-8.697325259196369
20.760090281165304,-8.698280662131276
20.76682008263309,-8.699216485358273
20.77355256220088,-8.70013261163855
20.780287714678664,-8.701029097622756
20.787025417277416,-8.701905840150665
20.79376570017244,-8.702762954409534
20.800508421501387,-8.703600414826802
20.807253571039876,-8.704418134157256
20.81400108567938,-8.705216156130954
20.820750907247188,-8.70599447410641
20.82750300393635,-8.706753118379329
20.834257226373957,-8.707492037418838
20.841013623949234,-8.708211223356308
20.847772028648365,-8.708910728047307
20.854532479905334,-8.709590516863884
20.86129487177611,-8.710250534433158
20.868059168822267,-8.710890807736105
20.874825312339794,-8.711511323881995
20.88159326450209,-8.712112064728595
20.88836295052673,-8.71269308413064
20.89513428584879,-8.713254350102876
20.90190724025205,-8.713795788151883
20.908681751822048,-8.714317391578376
20.91545772758072,-8.714819327277112
20.922235155968846,-8.715301416384182
20.929013593701008,-8.715763309724663
20.935792951485226,-8.71620288495779
20.94257397621122,-8.716619437835668
20.94935658502327,-8.717014245464124
20.956140239396056,-8.717387318130799
20.962924984011266,-8.71773796990895
20.96971098247738,-8.718066310158331
20.97649806560751,-8.718372696707965
20.983286015840225,-8.718657068502118
20.99007486051067,-8.71891901893841
20.996864513803395,-8.719158945153522
21.003654942183097,-8.719376695974546
21.01044598338912,-8.719572317882182
21.01723765830213,-8.719745700902594
21.024029878038895,-8.719896937879986
21.030822571074516,-8.720026018069188
21.037615648267074,-8.720132985475043
21.04440903519942,-8.720217819862716
21.051202669597536,-8.7202804564987
21.05799647617923,-8.720320936667504
21.06479038687591,-8.720339267328319
21.071584277642987,-8.720335401445253
21.078378122280476,-8.720309453731687
21.085171844998797,-8.720261222790697
21.091965382844773,-8.72019089892156
21.098758650697533,-8.720098422765824
21.10555158586457,-8.719983717324281
21.112344117688604,-8.719846836048722
21.119136174183115,-8.719687781514795
21.12592769613966,-8.719506552234618
21.13271859069793,-8.719303224518006
21.139508750727657,-8.719077731563335
21.146298144118134,-8.71883012800271
21.153086685440382,-8.718560272363156
21.15987429585372,-8.718268426764165
21.166660926679175,-8.71795436090314
21.173446505246876,-8.717618151616037
21.180230959971194,-8.717259789413447
21.187014214084037,-8.716879343389278
21.193796193430654,-8.716476780408344
21.200576827488337,-8.71605202485071
21.207356048125863,-8.715605133412899
21.21413377435477,-8.715136084455205
21.220909538035006,-8.714644643093646
21.22768286046581,-8.714128641799231
21.234454792117727,-8.7135875808209
21.241225868304486,-8.71302481661885
21.247994791080714,-8.712441404469093
21.25476132471578,-8.711835356690333
21.26152611221269,-8.71120667776587
21.268288984762723,-8.710556280923567
21.275049501311532,-8.709884195232558
21.281807725589186,-8.70918961332934
21.288563771966672,-8.708473011119414
21.29531745919248,-8.707734576398922
21.302068636179214,-8.70697402669137
21.30881731848809,-8.70619133777669
21.31556345427913,-8.705386651685972
21.322306510540532,-8.704559646034012
21.329045905356555,-8.703708310852301
21.335782269393054,-8.702831601321433
21.342515767435327,-8.70193096343271
21.34924583788659,-8.701006480089045
21.35597236349893,-8.700057471184383
21.362695562020598,-8.69908408881284
21.3694152666373,-8.698086656482316
21.376131260869062,-8.697065032024467
21.382843523171776,-8.696019065557888
21.389552002906164,-8.69494885938804
21.396256572092305,-8.693854662998985
21.402957511055853,-8.692736552019483
21.409655408734032,-8.691596513784967
21.416349083040537,-8.6904353622549
21.423037569985162,-8.689249781480395
21.42972188493141,-8.68803860228974
21.436402312123494,-8.686803833773217
21.44307804917646,-8.685545662056356
21.44974894273003,-8.684262982317689
21.456415374459617,-8.682956059784237
21.46307714131831,-8.681625403659249
21.46973395615479,-8.680270778238405
21.47638582871669,-8.678891963495238
21.483032730929608,-8.6774892348131
21.489674521410986,-8.676062528983033
21.496311068171917,-8.674612010356942
21.502942331356277,-8.67313738741557
21.509568285692538,-8.671638985117989
21.516188782689444,-8.670116685082782
21.52280374258131,-8.668570464638382
21.529413099916116,-8.667000384486
21.536016761156272,-8.66540648243754
21.54261459677826,-8.663788791385253
21.549206602670438,-8.662147375270822
21.55579264183241,-8.660482173955344
21.562372608370737,-8.658793220203707
21.56894645120539,-8.65708052495756
21.575514030146117,-8.655344243072719
21.582075324579492,-8.653584193685063
21.588630234338353,-8.651800498506077
21.59517863937168,-8.64999318528976
21.601720531126585,-8.648162326443199
21.608255775040003,-8.646307857361998
21.614784289394716,-8.644429797846794
21.621305996472604,-8.642528197503134
21.62782080858755,-8.640603078695582
21.634328612170684,-8.638654490120686
21.64082939035039,-8.636682506810157
21.64732300699568,-8.634687064845753
21.6538093615326,-8.632668199130716
21.660288399339436,-8.630625932642523
21.666759988703777,-8.628560413725323
21.673224101718986,-8.626471494299317
21.679680646364346,-8.624359270096349
21.68612951286392,-8.622223786679465
21.692570678583316,-8.620065120214122
21.699004013205165,-8.617883210816581
21.705429436568974,-8.615678083421182
21.711846873093247,-8.613449791196864
21.71825622869983,-8.61119833054517
21.724657416657433,-8.608923905572023
21.73105034661733,-8.606626365598206
21.737434937558504,-8.604305741121799
21.74381113173198,-8.60196211032505
21.750178827331744,-8.599595484880991
21.756537957931158,-8.597205970076255
21.762888454938,-8.594793559239955
21.769230196876478,-8.59235820161597
21.775563121481476,-8.589899974636028
21.781887121773707,-8.587418987474006
21.788202127910342,-8.584915121173239
21.794508516359592,-8.58238884923846
21.8008072576857,-8.57984185343799
21.807097826812313,-8.57727527609581
21.813379600615736,-8.57468799528067
21.81965243071239,-8.572079543278102
21.82591543993162,-8.56944887837628
21.832168660654773,-8.566794788171151
21.83841254753925,-8.564118275334264
21.844646804245052,-8.561419605227849
21.850871122040424,-8.558698355946934
21.85708606149301,-8.555954665033665
21.86329272882234,-8.553190719084897
21.86949053809312,-8.550407644741894
21.875678756687076,-8.547604074749026
21.881857801532178,-8.544779799604518
21.888027836922074,-8.541935624695489
21.89418851052829,-8.53907160687714
21.90033971095837,-8.536187326408397
21.906481515262392,-8.53328286857935
21.912613866159973,-8.530358510000651
21.91873659736052,-8.527414141765906
21.9248496636158,-8.524449830837282
21.930953015450598,-8.521465485348806
21.937046648733283,-8.518461418472418
21.943130406307045,-8.515437378727322
21.949204270989505,-8.512393472354159
21.955268171265274,-8.509329777679906
21.96132208069139,-8.506246369308169
21.96736588548353,-8.503143189318761
21.973399499893823,-8.500020233615338
21.979422923438623,-8.496877735637836
21.98543600408797,-8.49371548043597
21.991438799858773,-8.490533770056663
21.997431150443916,-8.487332411296995
22.003413031116,-8.484111517791128
22.00938437701618,-8.480871118411748
22.015345112583322,-8.477611237057927
22.021295215264843,-8.474332020782995
22.027234549702804,-8.471033311822259
22.033163096564188,-8.467715309958725
22.039080754003596,-8.464377904874517
22.044987495482832,-8.46102122942094
22.050883296572003,-8.457645348315154
22.056768043506608,-8.454250223370671
22.062641676132195,-8.45083588897014
22.068504141193007,-8.44740239523146
22.07435536791277,-8.443949859175294
22.080195265263107,-8.440478162592518
22.086023843093532,-8.436987570782197
22.09184098324664,-8.433477909493035
22.09764664852468,-8.429949283361715
22.10344076462306,-8.426401719389542
22.109223299923983,-8.42283531553264
22.114994191502536,-8.41925008308828
22.120753324899223,-8.415645986452699
22.12650067329855,-8.412023146437527
22.132236140975223,-8.40838153396469
22.137959702639886,-8.40472125444295
22.143671307295712,-8.401042329545088
22.14937087171746,-8.397344761660987
22.1550583479043,-8.393628612244262
22.160733672228478,-8.389893918980539
22.16639680976718,-8.386140802467775
22.17204763124537,-8.382369170840892
22.177686126620802,-8.378579158972286
22.183312215045113,-8.374770771570983
22.188925843847315,-8.370944025796145
22.194526984976015,-8.367099028558691
22.200115574345045,-8.363235796647885
22.205691503328065,-8.35935429892132
22.21125474313435,-8.355454618475568
22.216805225204475,-8.351536814889473
22.22234287893984,-8.347600921951127
22.22786767458584,-8.34364702155242
22.233379523441933,-8.339675074584365
22.23887839112024,-8.335685161036839
22.244364214552405,-8.331677320029659
22.249836931828256,-8.327651607001528
22.255296533089354,-8.323608115453128
22.260742895329038,-8.319546817888495
22.266175928345184,-8.315467700986723
22.271595695598553,-8.311371015508149
22.277002005498165,-8.307256583681092
22.282394887898622,-8.303124592846705
22.287774232463885,-8.298974974154882
22.293140009933868,-8.294807825965862
22.29849220817826,-8.290623238449982
22.303830712051283,-8.286421184919286
22.309155466709,-8.28220170626556
22.31446643054041,-8.277964867204433
22.31976354433307,-8.273710711798566
22.325047255238108,-8.269439373602381
22.330319100854716,-8.265152448624821
22.335578798007948,-8.260850975216162
22.34082546260448,-8.256534099959634
22.346059395497257,-8.252201536330489
22.35128087495468,-8.247853776962122
22.35648969547352,-8.24349107307425
22.36168562558624,-8.239113059363675
22.36686875530236,-8.23471976182415
22.372039115372125,-8.230311437300974
22.37719654817329,-8.22588804747899
22.382341003288758,-8.221449538322062
22.387472538088044,-8.216996063309459
22.392591081964664,-8.212527674809731
22.397696462699166,-8.208044275236434
22.402788790019617,-8.203546085134217
22.4078679475439,-8.199033026610461
22.412933878356796,-8.194505148870386
22.417986579037816,-8.189962492967448
22.423025994040508,-8.185405087586512
22.428052118223523,-8.180833027176222
22.43306489458488,-8.176246332407688
22.438064229560787,-8.171644978398682
22.443050080647883,-8.16702900874333
22.448022484773826,-8.162398603996346
22.452981303440364,-8.157753652719922
22.4579265353469,-8.153094257848075
22.462858123522647,-8.148420410060478
22.467776082297593,-8.143732219486347
22.472680356959863,-8.139029710436782
22.477570854754227,-8.134312864879451
22.4824475684196,-8.129581757815913
22.487310455741387,-8.12483642837497
22.49215946483629,-8.120076906961234
22.496994594407152,-8.115303281985106
22.501815757189,-8.11051558310043
22.50662292093498,-8.105713843646399
22.5114160022585,-8.100898048545961
22.516195042497113,-8.09606834381668
22.52095994180816,-8.09122466618101
22.52571068347422,-8.086367089600103
22.53044721573613,-8.081495645195817
22.535169539544718,-8.076610421341808
22.539877604768126,-8.07171145115055
22.544571267102533,-8.066798692792178
22.54925063662814,-8.06187235226477
22.553915537782576,-8.056932292892759
22.55856606570023,-8.051978701814164
22.563202103174426,-8.047011539582275
22.56782361153976,-8.04203084503981
22.57243056552894,-8.037036673582994
22.57702294120209,-8.032029103349599
22.58160063619867,-8.02700812424492
22.586164212906997,-8.021973848830163
22.590715271753755,-8.0169274448728
22.595253913492034,-8.011870152716305
22.599779087235767,-8.006801196806835
22.604290971623538,-8.001720141897133
22.60879004632987,-7.996627580865897
22.613276031163753,-7.99152365152488
22.617748682359164,-7.986408058824357
22.622208211185697,-7.981280914089932
22.626654556016113,-7.976142362872208
22.631087644862028,-7.9709924432967
22.635507379177685,-7.96583104067063
22.639913837004375,-7.960658293786536
22.644306968083438,-7.955474220414288
22.648686711443684,-7.950278830266175
22.65305305287391,-7.945072146212676
22.65740602578754,-7.939854277604321
22.66174552860359,-7.93462520250835
22.66607148871266,-7.929384926857711
22.670383997937016,-7.924133589639337
22.674682906729753,-7.918871116286052
22.67896827612559,-7.913597641781342
22.68324001825153,-7.908313103646711
22.687498139602063,-7.903017567990425
22.69174265537962,-7.897711121574277
22.695973476467127,-7.892393743880895
22.70019057646791,-7.887065466248384
22.70439394228129,-7.881726336325273
22.70858353686175,-7.876376383241665
22.712759346874353,-7.871015708947609
22.716921332520776,-7.8656442947307985
22.72106941382053,-7.860262140104929
22.725203683323063,-7.854869369053357
22.72932403580412,-7.849465955095001
22.733430444716188,-7.844051926805207
22.737522897840964,-7.838627331770611
22.74160136489716,-7.833192202923732
22.745665859407758,-7.827746613894565
22.74971623281848,-7.822290540058743
22.753752610741937,-7.816824123870833
22.757774829015055,-7.811347265309602
22.761782993985587,-7.80586013829269
22.765776975507865,-7.80036266213884
22.76975678687753,-7.794854908751606
22.773722904609528,-7.789336850249606
22.777677186195202,-7.783809531995809
22.78161982512954,-7.778274168717319
22.78554963989654,-7.772730055571483
22.78946679882354,-7.767176754794343
22.793371830520492,-7.761614822704857
22.797264533156792,-7.7560444207409445
22.801144537776025,-7.750465194768927
22.805012181720944,-7.744877314706204
22.808867387574423,-7.739280838901091
22.812710065158015,-7.73367579502085
22.816540176501565,-7.728062129974271
22.82035776608645,-7.722439902332858
22.82416284413475,-7.716809203399491
22.827955343127194,-7.711170037215087
22.831735202707506,-7.705522384642695
22.835502469184394,-7.699866318048403
22.839257040921282,-7.69420185532899
22.842999013741252,-7.688529073556797
22.846728274752067,-7.682847922672428
22.850444864567855,-7.677158480902882
22.854148732513686,-7.671460740612384
22.85783987422501,-7.6657547366589185
22.86151827060935,-7.660040496789859
22.865183899805313,-7.654318037459058
22.868836790519058,-7.648587443716942
22.872476851699933,-7.642848710782255
22.876104096566817,-7.637101862844926
22.879718450731062,-7.631346924400533
22.88332000705178,-7.625583975202576
22.88690865374965,-7.6198129724063275
22.890484411005,-7.614033963983475
22.894047257283155,-7.6082469637423
22.897597223556858,-7.602452059320444
22.90113423464365,-7.5966492325340225
22.90465825311735,-7.590838515885335
22.908169324323623,-7.585019967623103
22.91166735397929,-7.579193577700254
22.91515240368249,-7.573359445960594
22.918624394040926,-7.567517513702567
22.92208333699901,-7.561667823452532
22.925529766896183,-7.555810359206001
22.928965557569118,-7.549945933734244
22.932390962451304,-7.544075673138646
22.93580483371379,-7.538199032508519
22.939207326057254,-7.532315623862752
22.94259901546098,-7.5264258233839705
22.945979607996087,-7.520529836968523
22.949348879664146,-7.514627368998259
22.952707043776467,-7.5087184882231375
22.95605413415743,-7.502803326674429
22.9593900088991,-7.496881872762785
22.962714641449985,-7.490954085627035
22.96602810869667,-7.485020021626197
22.96933034676789,-7.479079726937369
22.972621368670758,-7.47313325806926
22.97590109654877,-7.467180513032697
22.979169643025966,-7.461221625782239
22.98242691461344,-7.455256569999744
22.985672893561794,-7.449285353412739
22.988907590204477,-7.443308005606507
22.99213099294024,-7.437324550732292
22.995343105862233,-7.431335028302563
22.998543845017675,-7.425339431132041
23.00173330463017,-7.419337873030868
23.004911396565536,-7.413330250055687
23.00807815165185,-7.40731665629042
23.011233534630232,-7.401297077131138
23.014377547079896,-7.395271541787015
23.017510173178515,-7.389240068750485
23.020631428925018,-7.383202686006211
23.023741215386966,-7.377159434611051
23.026839632855776,-7.371110344165752
23.02992656101254,-7.365055372097504
23.033002102762318,-7.358994637718054
23.036066158873055,-7.352928074751385
23.039118752853856,-7.346855727592702
23.04215987191116,-7.340777615325606
23.045189500750975,-7.334693736386739
23.04820768603971,-7.328604199140943
23.05121429573094,-7.322508931516044
23.05420993334759,-7.316407927430675
23.057196541164558,-7.310301792163106
23.06017443175539,-7.304191671575053
23.063142480230532,-7.2980770442146925
23.066100793427093,-7.291957506479455
23.069049924898696,-7.285833407634658
23.071989690809886,-7.279704947254575
23.074919787068275,-7.273571882252261
23.077840383314683,-7.267434181021109
23.080751622192746,-7.261292021261047
23.083653340998932,-7.255145470800261
23.086545488152787,-7.248994362199736
23.08942812256884,-7.242838781570339
23.092301291218057,-7.236678850799282
23.09516487860756,-7.23051440035623
23.098018979164166,-7.224345562729657
23.100863548800216,-7.218172315910033
23.10369856921787,-7.2119946749172055
23.106524035149167,-7.205812649198156
23.109339945168603,-7.199626251842905
23.112146306949988,-7.193435510794644
23.11494304951466,-7.187240433617663
23.117730255821087,-7.181041117127065
23.120507846078784,-7.174837436642546
23.123275846308772,-7.168629533598626
23.126034234921505,-7.162417318458197
23.128783037015683,-7.156200825300854
23.131522252600114,-7.1499801195149395
23.134251831694485,-7.143755172947512
23.136971793335185,-7.137526008156898
23.139682615379566,-7.131292471183306
23.1423863550103,-7.125055181848462
23.14508332242122,-7.118815214419591
23.147772449508473,-7.112572226947072
23.150453704490804,-7.106325615413348
23.15312774225088,-7.100075823042756
23.155794381490274,-7.093822998643808
23.158453288424475,-7.087566870643124
23.161104701762234,-7.08130749599468
23.16374868999038,-7.075044984597052
23.166385112064102,-7.068779346214487
23.16901394285789,-7.06251048974732
23.17163523768385,-7.056238466910827
23.174249047556707,-7.04996337213215
23.176855271959397,-7.0436851130942
23.179453929098827,-7.037403667077518
23.182045089795267,-7.031119138725436
23.184628690511865,-7.024831499424852
23.1872047194571,-7.018540745349178
23.189773193583385,-7.0122469011271615
23.192334091662506,-7.0059499582349085
23.194887399271344,-6.999649949908669
23.197433157839917,-6.993346942785246
23.19997131014596,-6.987040837200677
23.20250188283482,-6.980731702861181
23.205024872996933,-6.974419523391883
23.20754026408911,-6.968104290311964
23.21004807406167,-6.961786024307988
23.212548312606575,-6.9554647694553235
23.215040936700007,-6.9491405143658165
23.21752644728717,-6.94281307542601
23.220006846321002,-6.936483026334605
23.22248268461344,-6.93015139495299
23.2249526287041,-6.923817767322401
23.227416835661696,-6.917481732711031
23.2298758885875,-6.911143559913766
23.232329618867798,-6.904803456643503
23.234777703757615,-6.898461193600068
23.237220308969952,-6.8921166975586745
23.239657617599264,-6.88577018467418
23.242089449599433,-6.8794216432103585
23.244515746535647,-6.873070950115183
23.246936588979377,-6.866718174042997
23.249352053191824,-6.860363403355804
23.251761990389486,-6.854006509027801
23.254166497065523,-6.847647559239631
23.25656554659755,-6.841286539385432
23.25895914198829,-6.834923460908722
23.261347271788065,-6.82855831950419
23.26372992785103,-6.822191095309147
23.26610713203547,-6.815821857753089
23.268478839398078,-6.809450571924525
23.2708451085221,-6.803077311386589
23.27320586370249,-6.796701973547993
23.275561159699713,-6.790324662772202
23.277910950146236,-6.7839452728752585
23.28025530206521,-6.777563894614055
23.282594171251443,-6.771180500513593
23.284927557766608,-6.764795091877893
23.287255467303915,-6.7584076743697565
23.28957787453378,-6.752018228875396
23.291894838445643,-6.7456268610701215
23.29420627134138,-6.739233473688913
23.296512206013315,-6.732838113184303
23.29881269388179,-6.726440815342666
23.30110766989225,-6.72004152831501
23.3033971434568,-6.713640241358157
23.305681119369037,-6.707236988320467
23.307959624511035,-6.70083178829076
23.310232618570655,-6.6944246256411
23.31250012208559,-6.688015515248672
23.314762097475036,-6.681604449205978
23.317018555884125,-6.675191452446657
23.319270019774184,-6.668776386660189
23.321518504653945,-6.662359576336767
23.323764525890862,-6.655942167465718
23.326006846227816,-6.649523752208799
23.328245498018333,-6.643103847051037
23.330481140802654,-6.636682735671368
23.33271363423301,-6.630260683774582
23.33494262225879,-6.623837461037451
23.337168246166932,-6.617412980113678
23.339390688456568,-6.610987419675252
23.34160979096213,-6.604560763619601
23.34382552980484,-6.598132926474449
23.346037984851133,-6.5917039211476345
23.348247117570406,-6.585273770544397
23.350452958229024,-6.578842499535596
23.35265548228794,-6.57241010529842
23.35485466778169,-6.565976571269633
23.357050531991526,-6.559541902579376
23.35924311291785,-6.553106138015819
23.361432368432343,-6.546669220895999
23.363618314150838,-6.540231165700733
23.36580091077702,-6.533791961017073
23.367980228878825,-6.527351643726782
23.3701562369972,-6.520910222930012
23.372328892549476,-6.514467666688081
23.374498241825364,-6.508024013161135
23.37666425988682,-6.5015792527168665
23.378826968262718,-6.4951333708265695
23.380986815509385,-6.4886861736016055
23.383145887363195,-6.482238020438303
23.38530473843171,-6.475790044943622
23.387462074023425,-6.4693418709084005
23.389617906504103,-6.462893010333351
23.391772928513006,-6.456443749323803
23.393927009449513,-6.4499943376212885
23.396079769769692,-6.443544500509295
23.39823140473909,-6.437094188809901
23.400381547564425,-6.430643730979949
23.402528030111494,-6.424192737684272
23.404670314581185,-6.417740124447008
23.40681014359984,-6.411286009854254
23.40894960914562,-6.404831373178902
23.41108843130872,-6.398376862557145
23.41322561716332,-6.391921972044383
23.415361577251826,-6.385466453026991
23.41749674624889,-6.379010632332992
23.419630812279152,-6.372554571431263
23.421763599035177,-6.366098061490514
23.42389529961159,-6.359641105165937
23.426025990518298,-6.353183838012747
23.428155544569915,-6.346726254439222
23.430283923154846,-6.340268261873227
23.432411229703416,-6.33380990799571
23.434537457533747,-6.327351243430635
23.436662520838343,-6.320892180610518
23.438786499117768,-6.314432746306027
23.440909381176592,-6.307972947404294
23.443031153776364,-6.301512779640002
23.4451518155101,-6.295052235040798
23.447271356583084,-6.288591311051926
23.449389812882167,-6.2821300636426285
23.451507128499767,-6.275668446791202
23.453623341898957,-6.269206468918039
23.45573844999788,-6.262744128701108
23.457852455487792,-6.2562814224466266
23.459965354219193,-6.249818344622567
23.462077152606803,-6.243354899627597
23.464187821382065,-6.236891087040727
23.46629738749092,-6.2304269333422955
23.468406323589647,-6.223962227417232
23.47051667153765,-6.217497331567906
23.472629010998354,-6.211033303621448
23.47474205637529,-6.204569805894018
23.476855857675815,-6.198106351394705
23.47897107649381,-6.191643228076177
23.48108751143029,-6.185180629937942
23.483204355908693,-6.178718580416034
23.485319781887572,-6.172256645670545
23.48743337087309,-6.1657938917766915
23.489546697549702,-6.159330429357982
23.491661770006267,-6.152867074306469
23.493778491354696,-6.146404562029935
23.495895351598712,-6.139942617611429
23.498011105223053,-6.133480393185574
23.500127770121754,-6.127017577354756
23.502246760380704,-6.120555574988041
23.504366659949604,-6.114094364938642
23.50648704527296,-6.107633159151239
23.508608815979606,-6.101172169748572
23.51073196319384,-6.094711759671834
23.512856014372648,-6.0882517317832905
23.514981090656107,-6.08179193399639
23.517107392093855,-6.0753325416841415
23.51923483323801,-6.068873589254782
23.52136329928829,-6.062414975771768
23.52349288104747,-6.055956695560618
23.525623614207266,-6.049498798082831
23.52775544173301,-6.0430412690126705
23.529888360828192,-6.036584081262635
23.532022410996927,-6.030127264961696
23.534157555452175,-6.023670829573483
23.5362938197264,-6.0172147750191645
23.538431183526086,-6.010759081709003
23.54056966133686,-6.004303755542154
23.542709245931757,-5.9978487932027305
23.544849939728103,-5.991394188562261
23.546991745562128,-5.984939940656401
23.549134678901215,-5.978486061278453
23.551278683027437,-5.97203256684933
23.55342382154357,-5.965579452265117
23.55557006102411,-5.959126705424319
23.557717408200702,-5.952674326002807
23.559865861169804,-5.946222309780179
23.56201542578316,-5.939770654302169
23.564166101309947,-5.933319358274173
23.566317903093136,-5.926868431684453
23.568470776445952,-5.920417891294318
23.570624785298982,-5.913967733074318
23.572779894972857,-5.907517944185875
23.57493611256285,-5.901068523900433
23.577093436497357,-5.894619468370684
23.579251872034646,-5.8881707751834025
23.581411417889075,-5.881722442781115
23.58357208934107,-5.87527448123457
23.585734356246338,-5.86882673075315
23.587900235510073,-5.862379538666725
23.59007026804945,-5.855933967687069
23.592243240434826,-5.849489694468937
23.59441918563242,-5.843046223825392
23.59659874130267,-5.836603845710817
23.59878173403969,-5.830162752877591
23.600967863640573,-5.8237227519922135
23.603157303988386,-5.817283797635613
23.60535016905575,-5.810846020837718
23.607545816794886,-5.8044096087082995
23.609742208000625,-5.797974102091757
23.611938847970375,-5.791538442037142
23.614137052708394,-5.785103011805652
23.61633718799207,-5.778668070425015
23.618540661303197,-5.772233733831783
23.62074814104441,-5.765800841270799
23.622958753965197,-5.759369291308232
23.62517236013257,-5.752938657552126
23.62738942632443,-5.746509117735557
23.629609970511645,-5.7400808713137
23.631833671899475,-5.7336537787882165
23.6340606390457,-5.727227759282805
23.63629100263949,-5.72080289703467
23.638524684012307,-5.714379217640462
23.64076166080805,-5.707956669724169
23.64300192496877,-5.701535239475252
23.645245524517403,-5.695114975155177
23.647492414646372,-5.688695866862541
23.649742620118857,-5.682277924510804
23.651996139340884,-5.675861152961157
23.654252917065826,-5.669445547920494
23.65651303066783,-5.663031126325082
23.658776432744855,-5.656617856607113
23.66104314290283,-5.650205744767068
23.663313155724147,-5.6437947917242575
23.66558648811894,-5.637385011681709
23.667863133701086,-5.630976390296942
23.670143052498716,-5.624568939968392
23.67242629745683,-5.618162676617627
23.674712792102543,-5.611757590795476
23.67700263344263,-5.605353715827805
23.679295756519778,-5.59895101478467
23.681592187668926,-5.5925494934941336
23.683891904215265,-5.586149147223325
23.686194922837306,-5.579749978694403
23.688501238851327,-5.5733519868120185
23.690810854726188,-5.566955177683528
23.69312380215147,-5.560559564019946
23.695439978734434,-5.554165140165705
23.69775948870685,-5.547771934357541
23.700082291710892,-5.54137992977428
23.702408348631668,-5.5349891248331
23.704737719808822,-5.5285995224089435
23.707070405064677,-5.522211114517612
23.709406359499027,-5.515823896706312
23.711745614282016,-5.509437879240011
23.714088161695514,-5.503053057213806
23.716434000328007,-5.496669432181594
23.718783146406945,-5.490287036485656
23.72113557876478,-5.483905862633014
23.723491247487573,-5.477525900265535
23.72585024006226,-5.4711471730583705
23.728212492594366,-5.464769654688905
23.730578042650286,-5.458393348435243
23.73294691423605,-5.452018267106908
23.735319034672912,-5.445644384137819
23.73769444335822,-5.43927172030291
23.740073141365066,-5.432900273351004
23.742455140763848,-5.4265300655585955
23.744840371209314,-5.420161086485537
23.747228927128692,-5.413793367142967
23.749620746503417,-5.407426872480647
23.75201584557886,-5.40106161685265
23.754414221240847,-5.394697584663017
23.756815877158598,-5.388334778515174
23.75922082941295,-5.381973214964712
23.76162906857822,-5.375612878496119
23.764040559948874,-5.3692537707208565
23.766455313866317,-5.362895904607386
23.768873374795945,-5.356539314393466
23.771294706897176,-5.350183974983
23.77371927014404,-5.34382988330772
23.776147142288725,-5.337477055603764
23.778578269896485,-5.331125467994197
23.7810126766222,-5.324775126214282
23.783450357547384,-5.318426028710431
23.785891314789747,-5.312078181266904
23.788335579597263,-5.305731597830094
23.79078306897459,-5.299386259338656
23.793233853979743,-5.293042198990701
23.795687854068415,-5.286699402135803
23.798145162987424,-5.280357896798971
23.800605703481224,-5.274017648840287
23.803069557777658,-5.2676786816291346
23.80553664091967,-5.261340964481661
23.80800699687583,-5.255004515359711
23.81048061865287,-5.248669329116634
23.812957505789438,-5.242335407203364
23.815437686258438,-5.236002775159913
23.817921075059058,-5.2296714207399955
23.820407762352914,-5.223341368734239
23.822897710464606,-5.217012605416806
23.825390878893568,-5.210685121000752
23.827887326541866,-5.204358919656645
23.83038707075791,-5.19803401216655
23.83289003727714,-5.191710369201199
23.83539626431912,-5.185388012524413
23.83790575237359,-5.17906693988127
23.840418487294777,-5.172747149675721
23.84293450268099,-5.166428685973087
23.845453766541294,-5.160111518037279
23.84797623223031,-5.153795648709387
23.850502005536555,-5.147481104431029
23.85303099784403,-5.141167851450678
23.85556325162974,-5.13485588958551
23.858098777210998,-5.128545237925917
23.860637564589876,-5.122235880430691
23.863179579080473,-5.115927817954416
23.865724851613695,-5.109621061960159
23.868273390060008,-5.103315631959891
23.870825122913246,-5.097011514920629
23.873380142537286,-5.090708738209537
23.875938373451447,-5.084407268488754
23.878499884844054,-5.078107136460125
23.881064620327443,-5.07180830815531
23.883632602010103,-5.065510791565146
23.886203832144727,-5.0592145920499405
23.88877834271712,-5.052919724757959
23.891356051581145,-5.046626168305796
23.89393703025265,-5.040333957533391
23.896521198230847,-5.034043076403605
23.899108661165474,-5.027753546954886
23.90169932737966,-5.021465344045609
23.904293244351965,-5.015178464740923
23.906890404624242,-5.008892915756251
23.909490839213905,-5.0026087125614564
23.912094465123346,-4.996325833208609
23.914701353447295,-4.9900443129253835
23.917311423460085,-4.98376413552073
23.919924769639014,-4.9774853304198245
23.92254133266667,-4.971207856467957
23.92516113138985,-4.964931721330787
23.92778416798732,-4.958656929888588
23.93041047441941,-4.952383497839306
23.933039968325094,-4.946111402868019
23.93567272094442,-4.939840680414582
23.93830865152579,-4.933571313920821
23.9409478658555,-4.927303326012733
23.94359027197324,-4.921036691039918
23.946235917599054,-4.914771406440286
23.94888479528174,-4.908507478790172
23.951536936033943,-4.902244924066193
23.954192267108887,-4.8959837113909614
23.95685079923018,-4.889723879504564
23.959512588422925,-4.883465441510056
23.96217760913145,-4.87720837701718
23.96484580417036,-4.870952680838001
23.967517241818268,-4.864698353105808
23.970191907396078,-4.858445396181199
23.972869831860287,-4.85219382581658
23.975550932509048,-4.845943618591337
23.97823528050365,-4.83969481061417
23.980922807174625,-4.833447385941193
23.983613596059907,-4.827201358996287
23.986307553411358,-4.8209567129128645
23.989004747533837,-4.814713448429798
23.991705163054817,-4.808471567968984
23.994408830151247,-4.802231087527116
23.997115676145274,-4.795991975246107
23.999825719226028,-4.7897542607541945
24.00253900556271,-4.783517968045366
24.005255501861047,-4.77728308513702
24.00797516662688,-4.771049594990264
24.010698063285275,-4.764817500305015
24.013424176719294,-4.758586802963331
24.01615353764972,-4.752357519085875
24.018886073707463,-4.746129616429509
24.021621795150374,-4.739903133976767
24.024360757898638,-4.733678085685318
24.027102935904463,-4.727454450448669
24.02984827121548,-4.721232222597144
24.03259683159589,-4.715011403084492
24.035348601636436,-4.708791993972019
24.038103611695053,-4.702574011798205
24.040861789197002,-4.696357423907252
24.04362316440551,-4.6901422612182015
24.046387761163107,-4.683928532623668
24.04915551250162,-4.677716232533737
24.05192650033766,-4.671505384100688
24.05470069703464,-4.665295966655927
24.05747805266081,-4.659087964547473
24.06025862396167,-4.65288139291773
24.063042395437257,-4.646676244059223
24.065829365463504,-4.640472519171691
24.068619551092755,-4.634270236375403
24.07141294174618,-4.628069379338242
24.07420948475151,-4.6218699580732565
24.077009250361108,-4.615671998458923
24.07981218461837,-4.609475492450311
24.082618304964043,-4.6032804390590325
24.08542764255892,-4.597086841093747
24.08824014351256,-4.590894671314406
24.091055838260193,-4.584703947793404
24.093874727469714,-4.57851466794333
24.096696807572723,-4.572326830456309
24.099522092428522,-4.566140452538095
24.102350545363922,-4.559955536680381
24.105182196858625,-4.5537720890745605
24.108017012428377,-4.547590112295084
24.11085502842953,-4.541409593177171
24.113696216384103,-4.535230527261679
24.116540592434408,-4.529052918111385
24.119388152266275,-4.522876764314723
24.122238922344934,-4.516702090417808
24.12509280944889,-4.510528878403013
24.127949920617628,-4.5043571705872045
24.130810192356854,-4.498186927885025
24.133673651114933,-4.492018158076342
24.1365402757797,-4.485850854502561
24.13941008333569,-4.479685020995155
24.142283069895893,-4.473520656138011
24.145159238014017,-4.467357765300455
24.148038594937745,-4.4611963760506095
24.1509211253078,-4.455036477472112
24.153806775706578,-4.44887806220922
24.156695649357886,-4.442721153226742
24.159587647137055,-4.436565727224714
24.16248284998521,-4.430411797789294
24.165381233459744,-4.424259348904254
24.168282762563404,-4.41810837904862
24.17118746785774,-4.411958901303402
24.17409534261328,-4.405810910331593
24.177006380027258,-4.399664411907783
24.17992060228269,-4.393519439160261
24.18283798533666,-4.387375969174968
24.185758487604954,-4.381234005684681
24.18868219046417,-4.375093573830649
24.191609040422158,-4.368954629264175
24.194539059580986,-4.362817187729366
24.197472277866908,-4.3566812665977315
24.20040862255281,-4.350546830017331
24.20334813124972,-4.3444139032437095
24.20629078577188,-4.338282488626863
24.209236623575904,-4.332152617067728
24.212185616698736,-4.326024269385676
24.215137722631074,-4.319897439479913
24.21809300650205,-4.313772125126916
24.221051483475758,-4.307648345203011
24.22401308039486,-4.301526062761599
24.226977827250543,-4.295405310308543
24.229945760328896,-4.289286097495716
24.23291679711025,-4.283168406480003
24.235891021451778,-4.2770522663329045
24.238868355836242,-4.270937651508304
24.24184886108894,-4.264824568637432
24.244832553672627,-4.2587130343199
24.24781935997425,-4.252603010338376
24.250809317360527,-4.246494522102436
24.253802407768543,-4.24038757180059
24.256798668827212,-4.2342821908922845
24.259798072469128,-4.228178359766754
24.262800576204366,-4.222076071953284
24.265806245604267,-4.215975325808245
24.26881509580262,-4.2098761405537
24.27182705361397,-4.20377847837814
24.274842157063148,-4.1976823651149715
24.277860388310263,-4.19158780290136
24.280881785161935,-4.185494823225353
24.28390631960433,-4.179403406230179
24.286933951178092,-4.173313541023933
24.28996474075212,-4.167225233778804
24.292998704584445,-4.161138501450928
24.296035769312322,-4.155053304907845
24.299075972274967,-4.148969670078848
24.302119305068224,-4.1428875981936795
24.30516578886943,-4.136807112909563
24.308215402232296,-4.130728209589837
24.311268094276123,-4.124650871737973
24.314323945577993,-4.118575107197137
24.317382964822958,-4.11250093097221
24.320445079064264,-4.106428303362895
24.323510326101832,-4.100357250497227
24.326578687982757,-4.09428777432751
24.329650212526,-4.0882199015246465
24.33272485466094,-4.082153619367759
24.335802580900513,-4.07608891419494
24.338883439845592,-4.070025791821172
24.341967468645898,-4.063964274933797
24.345054585361027,-4.0579043193608415
24.348144827161523,-4.051845951293999
24.35123818569203,-4.045789171947598
24.35433468229256,-4.039734005062066
24.357434295417033,-4.033680445915242
24.36053698589811,-4.02762847669917
24.363642802522218,-4.021578103302421
24.36675178289156,-4.015529348647033
24.36986384556058,-4.009482168117683
24.3729790279727,-4.003436588125235
24.376097330913996,-3.9973926063700786
24.3792187645189,-3.9913502470060664
24.382343256095727,-3.9853094912168308
24.38547090223711,-3.9792703789418247
24.38860162949132,-3.9732328573120443
24.391735513744667,-3.9671969677929035
24.394872472576647,-3.9611626648435605
24.39801254322278,-3.9551299750589672
24.401155717413925,-3.949098899701135
24.404302016591213,-3.9430694625681726
24.407451419088286,-3.9370416588304593
24.410603885904532,-3.9310154703765265
24.41375946580554,-3.9249909033812247
24.41691819632289,-3.9189679813380804
24.420079995963423,-3.912946658642711
24.423244902021995,-3.906926962097362
24.426412915217025,-3.9009088894158914
24.429584020604995,-3.894892438714907
24.432758250724675,-3.88887765429423
24.435935572494742,-3.8828645045919625
24.43911593684141,-3.8768529881494342
24.44229945241882,-3.870843138850105
24.4454860270803,-3.8648349166233413
24.44867570579463,-3.8588283254199185
24.451868498843492,-3.8528233856290033
24.455064394449288,-3.8468200791076446
24.45826336043742,-3.8408184039398807
24.461465418082106,-3.8348183799612543
24.464670583130438,-3.828820018448814
24.467878815015567,-3.8228233185707223
24.47109012988119,-3.816828279812685
24.474304563042402,-3.810834908145342
24.47752204254605,-3.804843180526698
24.48074262512231,-3.7988531067230715
24.48396629600758,-3.7928646823976386
24.487193057194254,-3.786877912487136
24.490422939340004,-3.780892818352511
24.4936558703441,-3.774909359760249
24.496891865556616,-3.7689275693710673
24.500130972418322,-3.762947472779607
24.503373155768905,-3.7569690569610104
24.506618366036825,-3.7509923043186655
24.50986670592514,-3.745017244136214
24.513118096292796,-3.7390438383354465
24.516372573070345,-3.7330721058415746
24.519630129173173,-3.7271020403941812
24.522890763387487,-3.7211336431864823
24.526154514485935,-3.715166944536668
24.529421270667317,-3.709201912485419
24.532691136226394,-3.7032385877483427
24.535964071753025,-3.697276960695133
24.539240036953714,-3.691317011669443
24.542519080247153,-3.6853587472669886
24.54580123922528,-3.6794021926350458
24.549086432327037,-3.6734472998804026
24.5523746966729,-3.6674940968032104
24.55566603337798,-3.661542581213309
24.558960438737685,-3.655592751696635
24.562257926488723,-3.6496446267047444
24.56555845667751,-3.6436982054510163
24.568862062756153,-3.6377534963370928
24.572168708516596,-3.6318104997721488
24.57547840886033,-3.6258692148871847
24.57879119966952,-3.6199296479968157
24.58210700887933,-3.6139917751336523
24.585425893246523,-3.6080556070940557
24.588747837932193,-3.6021211391538923
24.592072845036096,-3.5961883761576607
24.595400945270374,-3.5902573404236686
24.59873206671672,-3.5843279900875604
24.602066246265952,-3.5784003532131634
24.60540349709546,-3.5724744563784983
24.608743747381105,-3.566550269860257
24.61208708672869,-3.5606278297853873
24.615433475014935,-3.5547071254576452
24.618782881054017,-3.548788128022848
24.62213535350537,-3.5428708575741257
24.62549087734667,-3.536955304785392
24.62884945102607,-3.5310414706688373
24.632211113312916,-3.5251293862552764
24.635575752060586,-3.519219017730351
24.638943471776066,-3.5133104074699166
24.642314196684264,-3.5074035206046528
24.645688006755346,-3.501498397368205
24.649064835420653,-3.495594993590596
24.652444708032238,-3.489693320172446
24.65582762299811,-3.483793378059158
24.65921359823901,-3.477895187567996
24.662602607756195,-3.471998734771235
24.665994658469877,-3.4661040448337235
24.669389692823103,-3.4602110940378705
24.67278780170706,-3.4543199189772587
24.676188907530044,-3.4484304830725616
24.679593105765274,-3.442542826698735
24.68300029948946,-3.436656892977873
24.686410529468258,-3.4307727120169016
24.689823796238965,-3.4248902814352444
24.69324009576024,-3.4190095995660656
24.69665943020552,-3.4131306713884295
24.700081804862066,-3.407253527504919
24.70350720457234,-3.401378152485702
24.706935575648675,-3.3955045362089162
24.71036701248309,-3.3896327163850364
24.71380144393227,-3.383762645697734
24.71723892993805,-3.377894358405857
24.720679448450028,-3.372027830854572
24.72412296767929,-3.366163059738268
24.72756951696153,-3.3603000607130507
24.73101909071941,-3.354438842121125
24.73447166838816,-3.3485794087238387
24.73792728122606,-3.3427217699886085
24.741385871127466,-3.336865902712905
24.74484751294767,-3.3310118302668954
24.74831217932002,-3.325159532277194
24.751779838532652,-3.319309003011406
24.755250519727827,-3.313460258222635
24.758724206261032,-3.3076132933442217
24.762200926311024,-3.3017681441907216
24.765680652961883,-3.295924791721987
24.769163334574422,-3.2900832258050188
24.772649071795612,-3.284243470026478
24.776137826808572,-3.2784055014447806
24.779629567944987,-3.2725693139993566
24.7831238172267,-3.2667350152133228
24.786618632356635,-3.2609017644842258
24.790113709418602,-3.2550684639416243
24.793610241953253,-3.249235693192204
24.79710801752092,-3.2434038931020623
24.80060652440622,-3.237572667538532
24.804105967224075,-3.231741826866828
24.807606579538852,-3.2259116505526757
24.811108198245243,-3.2200821640296846
24.814610712925937,-3.214253207058819
24.81811480336102,-3.208424758581912
24.821622346771782,-3.2025976939434746
24.82513356429457,-3.1967731381269955
24.828646839592214,-3.1909505226781953
24.83216043330767,-3.1851285927030584
24.83567461057655,-3.1793066364020968
24.83919028910204,-3.173485395239891
24.84270706502625,-3.167665063377903
24.84622453391021,-3.1618452090652265
24.84974304084302,-3.156025838281113
24.853262667352535,-3.1502071756929357
24.856783274185233,-3.1443891742727894
24.8603048112642,-3.138571693332232
24.86382738408128,-3.1327547991921114
24.867350989469116,-3.126938547335467
24.870875567063838,-3.1211228853481714
24.874401147449962,-3.1153078191526857
24.87792771488237,-3.109493376924173
24.88145529166029,-3.1036795639818857
24.884983856408205,-3.097866347571821
24.888513429793832,-3.0920537257513625
24.892044000784505,-3.0862417066067245
24.895575572091353,-3.0804302901441245
24.899108145716546,-3.0746194799832325
24.902641709212478,-3.068809281563044
24.906176277002213,-3.0629996993047675
24.909711815847615,-3.0571907304017887
24.913248368746927,-3.0513823666933186
24.916785925329968,-3.045574603175653
24.920324473537722,-3.0397674390718143
24.923864023137657,-3.033960877607262
24.927404574044875,-3.0281549144245705
24.93094613033856,-3.022349568866418
24.93448865498216,-3.016544842465364
24.938032183002704,-3.0107407364136503
24.941576715309964,-3.004937239024488
24.945122216021492,-2.999134353700183
24.948668725538226,-2.9933320674344115
24.95221624008194,-2.987530385722027
24.955764767350235,-2.9817293083608565
24.959314277923276,-2.9759288265005317
24.962864786464774,-2.970128949687598
24.966416294770358,-2.9643296745283974
24.969968805889852,-2.958531017624475
24.97352227607745,-2.9527329785488425
24.97707676411164,-2.9469355670185964
24.98063224114706,-2.941138766326834
24.984188686614285,-2.935342585236558
24.987746152450523,-2.9295470148457983
24.991304602040945,-2.9237520432299022
24.994864048897224,-2.9179576782754375
24.99842449467537,-2.9121639163830015
25.001985938738148,-2.906370755845338
25.005548385605657,-2.9005782021079716
25.00911184348232,-2.8947862553149317
25.012676255516748,-2.8889949287079597
25.01624168243016,-2.8832042266365248
25.01980809653333,-2.8774141416322974
25.023375479446713,-2.8716246759939437
25.026943872464912,-2.8658358210763244
25.03051326458994,-2.8600475711679665
25.03408364510723,-2.8542599257711285
25.037655023679182,-2.848472888588866
25.041227399752024,-2.842686455030616
25.044800777347717,-2.8369006441747358
25.048375119932487,-2.8311154577033526
25.051950469856205,-2.8253308891012905
25.055526802136175,-2.81954694212012
25.059104137579165,-2.8137635982279763
25.062682460650326,-2.807980860539097
25.066261780934067,-2.8021987324297566
25.069842090286237,-2.7964172131490965
25.07342341213446,-2.7906363147114894
25.07700569373736,-2.784856041920351
25.080588982020828,-2.779076387953258
25.08417325193087,-2.7732973570794237
25.087758524419815,-2.7675189308398145
25.091344784106713,-2.7617411124153275
25.09493204051367,-2.7559639051764226
25.098520293041577,-2.750187304477014
25.10210954567658,-2.7444113293964936
25.105699761920743,-2.73863598152486
25.10929098415353,-2.7328612545012905
25.112883187446936,-2.7270871520340108
25.116476392463266,-2.721313655602168
25.12007058378749,-2.715540768279557
25.123665770935876,-2.70976849346316
25.127261953290002,-2.703996826520319
25.130859143128156,-2.698225780695881
25.134457283424844,-2.6924553605896477
25.138056438094512,-2.686685571821341
25.141656568138522,-2.6809164080202263
25.14525768158452,-2.6751478667986035
25.14885978958819,-2.6693799342359585
25.152462897364163,-2.6636126175495702
25.156067012663023,-2.6578459153561234
25.159672106296227,-2.6520798185309586
25.163278192910862,-2.6463143367848887
25.166885274439736,-2.640549466807683
25.17049336067057,-2.6347852202906967
25.17410240003151,-2.629021600507566
25.17771245010996,-2.623258611319798
25.18132347225293,-2.6174962555968877
25.184935478232113,-2.6117345213985566
25.18854848089446,-2.605973417669443
25.192162466988574,-2.6002129205431643
25.195777445484733,-2.594453040620567
25.199393418124668,-2.5886937740689993
25.203010384205665,-2.5829351191134022
25.20662834825433,-2.5771770812303343
25.210247318322757,-2.5714196605324116
25.213867256640107,-2.5656628568693742
25.217488193005416,-2.5599066845511
25.22111008334487,-2.554151143284206
25.224732985685563,-2.54839623783655
25.22835686738218,-2.542641965035476
25.231981713958714,-2.536888315326218
25.23560756194865,-2.531135279288043
25.239234407024792,-2.525382862039284
25.242862256868065,-2.519631063275004
25.24649108281401,-2.513879873973774
25.250120899417333,-2.5081293040412733
25.25375170858629,-2.5023793501317755
25.257383520108586,-2.496630023972206
25.261016282403787,-2.4908813286262994
25.2646500528833,-2.485133268164467
25.268284793260104,-2.4793858452784154
25.271920515039064,-2.4736390480358277
25.27555722875091,-2.4678928662880826
25.279194933635566,-2.462147299661574
25.282833643445592,-2.456402359436058
25.286473339652538,-2.4506580314297235
25.290113999931634,-2.4449143332560075
25.293755663142246,-2.439171270507148
25.2973982887205,-2.4334288411380838
25.301041911123612,-2.427687045472394
25.304686515331163,-2.421945864421935
25.308332109648305,-2.416205300895625
25.31197870820916,-2.410465365301921
25.31562629244619,-2.4047260434034463
25.31927485742567,-2.398987339831355
25.322924403865997,-2.3932492787211253
25.326574922259987,-2.3875118514360203
25.33022643722261,-2.381775057438705
25.33387891130419,-2.376038896410544
25.337532397498308,-2.370303367429822
25.341186854819654,-2.3645684568295295
25.34484230189125,-2.3588341664153103
25.348498737889784,-2.3531004942356026
25.352156167397837,-2.347367445805335
25.35581459835455,-2.3416350212994628
25.359473984304074,-2.33590322576494
25.363134370364666,-2.3301720686638348
25.366795713165526,-2.3244415526583055
25.370458054718,-2.318711670327083
25.37412136938315,-2.31298242488433
25.37778567888867,-2.3072537978311467
25.381450967063014,-2.3015257921574235
25.385117243656516,-2.295798411366274
25.388784508240054,-2.2900716508607766
25.39245276058231,-2.2843455105670913
25.39612200485518,-2.2786200160577916
25.399792223351078,-2.2728951595240328
25.403463394537358,-2.267170939173188
25.407135577286443,-2.2614473534932857
25.4108087097963,-2.255724404599571
25.414482845426154,-2.250002079536116
25.418157980936606,-2.244280381757686
25.421834087748106,-2.238559301538638
25.425511180032057,-2.2328388487873574
25.429189259686417,-2.227119020152507
25.432868336306004,-2.221399827432025
25.436548358179127,-2.2156812731223865
25.44022938271262,-2.2099633618385144
25.443911365640364,-2.204246090691064
25.447594340453566,-2.198529459992269
25.45127829302978,-2.1928134504493646
25.454963231140926,-2.1870980651531413
25.458649168833272,-2.181383314525164
25.462336087545573,-2.1756691840288167
25.46602398256473,-2.169955678396804
25.469712845754792,-2.1642428082655942
25.4734027076013,-2.1585305904621017
25.4770935435897,-2.1528190111048002
25.48078533378572,-2.1471080705024232
25.484478123032215,-2.1413977725069966
25.488171884684135,-2.1356880999077172
25.491866631499057,-2.1299790548773085
25.495562363017704,-2.124270634870011
25.49925908391099,-2.11856284546398
25.50295680193378,-2.1128556868330115
25.506655470477597,-2.1071491636950457
25.51035513468744,-2.1014432857448027
25.5140557511249,-2.095738055279427
25.51775736132475,-2.090033465080144
25.52145994655473,-2.084329500980392
25.525163515661248,-2.0786261634147345
25.528868073356293,-2.072923457877178
25.53257361930119,-2.0672213890081803
25.536280126511862,-2.0615199680226013
25.539987599073765,-2.055819191571565
25.54369607206599,-2.050119054417551
25.547405500816154,-2.044419553183351
25.55111591847102,-2.0387206814661987
25.55482731914014,-2.033022437502804
25.55853970751121,-2.0273248269136293
25.562253091227788,-2.021627849831315
25.565967432980333,-2.0159315056175924
25.56968276216475,-2.0102358090846075
25.573399034876676,-2.0045407591523334
25.57711630795152,-1.998846361502846
25.580834542442975,-1.9931526004499354
25.584553771598863,-1.9874594796913578
25.588273968772533,-1.9817669865056635
25.59199514844746,-1.976075127829547
25.59571731017279,-1.9703838989929088
25.59944045366048,-1.9646932998607216
25.60316459268856,-1.9590033481053195
25.60688967552954,-1.9533140426770306
25.610615740792113,-1.9476253894380933
25.614342786161476,-1.9419373819688948
25.61807078238061,-1.936250017402063
25.621799773013592,-1.9305632883332646
25.625529756782253,-1.9248771977921284
25.629260705607365,-1.9191917339472062
25.632992633517983,-1.9135069067912769
25.636725542573483,-1.9078227130394751
25.64045942446752,-1.902139153303662
25.644194294613346,-1.8964562555424538
25.647930134135397,-1.8907739995582542
25.651666913314425,-1.8850923940156847
25.655404701875433,-1.8794114407920075
25.65914344077223,-1.8737311259852836
25.66288316571661,-1.8680514416633507
25.666623884267352,-1.8623724017354408
25.67036557789101,-1.8566939913379783
25.674108241928447,-1.8510162152178151
25.677851868070714,-1.8453390839357466
25.681596486440448,-1.8396626144937884
25.685342072453366,-1.83398679269419
25.68908860895641,-1.8283116150350378
25.692836132239158,-1.8226370718383171
25.69658464816203,-1.8169631761683747
25.70033413832681,-1.8112899114497805
25.7040845981422,-1.80561728242381
25.707836027690167,-1.7999453133895356
25.71158841817094,-1.794273995487155
25.715341801823794,-1.7886033243061015
25.719096127989804,-1.7829333032345391
25.722851442739827,-1.777263915541134
25.726607749672652,-1.771595175260459
25.73036502995017,-1.7659270672156637
25.734123278876105,-1.7602595961169238
25.737882498035752,-1.7545927724604224
25.74164270085165,-1.7489266003471515
25.745403859496726,-1.7432610870345562
25.74916597713611,-1.7375962275039771
25.752929088741485,-1.731932016721656
25.75669315018271,-1.7262684509566029
25.760458194634158,-1.7206055243627463
25.7642242161604,-1.7149432350868354
25.7679912194152,-1.7092815887647996
25.77175921182634,-1.7036205854883835
25.775528165143108,-1.6979602156527964
25.779298073954795,-1.6923005083209754
25.783068960960367,-1.6866414601374242
25.786840822006525,-1.6809830625663833
25.79061362755078,-1.675325320928877
25.794387431690005,-1.6696682292253648
25.79816219423675,-1.664011775202579
25.801937932906533,-1.6583559650181652
25.805714647284113,-1.6527007938920766
25.8094923372236,-1.6470462617489432
25.813271022673828,-1.6413923843309666
25.817050637739452,-1.6357391582097356
25.820831243396132,-1.6300865923996029
25.824612811591273,-1.6244346865011308
25.828395328652014,-1.6187834321654373
25.83217882305294,-1.6131328251307124
25.83596331006997,-1.6074828675625785
25.83974875623773,-1.6018335459827824
25.843535175497532,-1.5961848705504762
25.847322569893123,-1.590536838008434
25.851110938722954,-1.5848894466201615
25.85490029511893,-1.5792427113736822
25.858690578661367,-1.573596631809771
25.86248185541205,-1.5679512216702984
25.866274094423872,-1.5623064671827873
25.87006727584023,-1.5566623680322453
25.873861444917953,-1.5510189293023915
25.877656575226393,-1.5453761332610798
25.881452679390783,-1.5397339823768166
25.885249757029747,-1.5340924740282058
25.88904781285353,-1.5284516139829882
25.892846854131275,-1.5228114023320805
25.896646852813017,-1.5171718293365373
25.90044782287781,-1.5115329050937292
25.904249765820488,-1.5058946471717434
25.90805264638035,-1.5002570465048646
25.91185652034606,-1.494620110105628
25.915661319985947,-1.4889838331628655
25.919467111162277,-1.4833482285154729
25.923273861213744,-1.4777132624347036
25.927081583154784,-1.4720789418153237
25.930890291127707,-1.4664452774928172
25.934699966671733,-1.4608122544286557
25.93851060505568,-1.4551798773884401
25.942322215584714,-1.4495481504613488
25.946134799305028,-1.443917088113813
25.949948315799485,-1.4382866871147368
25.95376282073427,-1.4326569555064317
25.957578274766238,-1.4270278765737752
25.961394703580837,-1.4213994613915828
25.96521209505236,-1.4157716917185497
25.96903045756275,-1.4101445684408855
25.97284979569574,-1.4045180970952138
25.976670116750174,-1.3988922777844761
25.980491392768045,-1.39326710071146
25.984313619953923,-1.3876425854984398
25.988136829952275,-1.3820187408415952
25.991960997236767,-1.3763955630137428
25.995786099156053,-1.3707730470864434
25.99961219549267,-1.3651511930945492
26.003439244755914,-1.359529985935635
26.00726726418842,-1.353909431691194
26.01109625340826,-1.3482895255431733
26.014926212259127,-1.342670267406704
26.01875716057094,-1.3370516732354705
26.02258903217488,-1.3314337388516189
26.026421888177172,-1.3258164738284859
26.030255682023796,-1.3201998654947529
26.034090467183013,-1.3145839276394524
26.037926203464586,-1.308968637400491
26.041762908731005,-1.3033539967775698
26.045600582795874,-1.297740005526071
26.04943922901261,-1.292126689626946
26.05327882338231,-1.2865140284780074
26.057119389293632,-1.2809020358245302
26.060960895476608,-1.2752907000367175
26.06480339176688,-1.2696800359795202
26.068646838404234,-1.2640700209207572
26.072491253118223,-1.258460656834162
26.076336635668937,-1.252851943410099
26.080182999764833,-1.2472438988703043
26.08403029357236,-1.2416365208749442
26.08787855532713,-1.2360298161960668
26.09172778998713,-1.2304237735906807
26.09557796817807,-1.2248183863525568
26.099429117363673,-1.219213656693265
26.103281233744344,-1.213609579177585
26.107134317239943,-1.20800615375211
26.11098838149581,-1.202403392657791
26.114843389160583,-1.1968012942140127
26.11869936686816,-1.1911998664807817
26.122556269801954,-1.1855991086269557
26.12641416570137,-1.1799990232999906
26.13027299470071,-1.1743996044662477
26.134132305052436,-1.1688009112440751
26.1379901579526,-1.1632019483489002
26.141846392087434,-1.1576016125800246
26.145702108183354,-1.1520005532628343
26.149557110312262,-1.1463992211118454
26.15341088260896,-1.1407971705133437
26.157263605104585,-1.1351942609647743
26.161115546785364,-1.1295907785855286
26.16496650507193,-1.1239867417155132
26.168816400829403,-1.118381986562733
26.17266587629255,-1.1127764630255528
26.176516849628356,-1.1071712595933427
26.180369411502657,-1.1015674086529146
26.184221951651175,-1.0959642773868836
26.188072856173957,-1.090360524496694
26.19192247991009,-1.0847554976377438
26.195771600800285,-1.079149927944072
26.199619826908272,-1.0735439931168536
26.20346681786922,-1.0679372606630826
26.207312867238283,-1.0623297559747076
26.211158087039188,-1.0567216979273373
26.215002288835603,-1.0511130363100438
26.218845459563095,-1.0455036555775483
26.222687715786595,-1.0398936062555408
26.22652903107655,-1.0342829217517966
26.230369364984007,-1.0286715722816442
26.234208732895933,-1.0230595396391595
26.2380471619095,-1.0174468500144125
26.241885158486376,-1.0118334512023726
26.245724045321644,-1.006220314455891
26.249562147507984,-1.0006076419294025
26.253398229896447,-0.9949937026472636
26.257233515329315,-0.9893786717484627
26.261068345352932,-0.9837634191125502
26.264901990672644,-0.9781476602962913
26.268734436847414,-0.9725309660694067
26.27256610430906,-0.9669136011648868
26.276396894936205,-0.9612957246616755
26.280226605636138,-0.9556771465817757
26.284055329202197,-0.9500578172126455
26.287883692474686,-0.9444378104056653
26.29171348376452,-0.9388180722912468
26.295544846541723,-0.9331996570184407
26.299376225125805,-0.9275820267046725
26.303205959874205,-0.9219637985583253
26.30703434053251,-0.9163442812835065
26.310862230105247,-0.9107242485023093
26.31468922088459,-0.9051038541865876
26.31851498912197,-0.8994826574707167
26.322339813285296,-0.8938606579977469
26.3261638206849,-0.8882381110360893
26.329986814118083,-0.8826149438474482
26.33380878600657,-0.8769910420199842
26.337629832640015,-0.8713664625957035
26.341449937770705,-0.8657412641686437
26.345269039691125,-0.8601154219035051
26.3490871640335,-0.8544889134136137
26.352904833090328,-0.848861687112623
26.356723970421427,-0.843234757825508
26.360544169209227,-0.837609196948852
26.364362518468695,-0.8319834667091094
26.368179015476162,-0.8263559919337532
26.371995260455805,-0.8207278509978794
26.37581083237342,-0.8150996226052717
26.379625007891548,-0.8094706092850982
26.383438149272823,-0.8038406426498013
26.387250582479027,-0.7982101774557756
26.39106200512399,-0.7925792011989528
26.3948723189493,-0.7869474531417902
26.398681725153324,-0.7813150310417638
26.402490206008316,-0.7756819995425103
26.40629821006208,-0.7700482582550481
26.410107628676954,-0.7644147062340686
26.413918717855537,-0.7587825088995008
26.417729805741846,-0.7531510758706429
26.421539237382028,-0.7475190412914697
26.425347318109946,-0.7418857195871122
26.429154901654744,-0.7362518797332362
26.43296159563381,-0.7306177135946688
26.436767021279582,-0.7249827423364048
26.440571532639638,-0.7193469859089348
26.444375209086427,-0.713710670103791
26.44817787558578,-0.7080737435908684
26.45197951215895,-0.7024360861916812
26.45578023057715,-0.6967977663372938
26.4595800126664,-0.6911588275505025
26.463378784871527,-0.6855192252976484
26.467177116916126,-0.6798789323908905
26.47097633932629,-0.6742389072424734
26.474774795388356,-0.6685993747334686
26.47857118963297,-0.6629585739759516
26.482366782980055,-0.6573166409221859
26.48616197320892,-0.6516745267703874
26.489955957399022,-0.6460318888065749
26.493748748298017,-0.6403883132700524
26.497540756685268,-0.6347440671619322
26.501331875149475,-0.62909930921462
26.505122423219696,-0.6234537934424553
26.50891440536651,-0.6178084464088549
26.512708077965506,-0.6121644734094492
26.516501744265316,-0.6065213313762764
26.520293706257863,-0.6008775542548349
26.524084337516108,-0.5952324991066206
26.527874487741855,-0.5895869382065582
26.531663732382167,-0.5839410288842574
26.535451735917242,-0.5782943088071676
26.5392388122793,-0.5726467983472973
26.54302506111609,-0.5669987405860797
26.546810291816772,-0.5613500741979343
26.550594486100426,-0.5557006875739701
26.554377752143083,-0.5500506412487272
26.558160604806307,-0.5443999698158644
26.56194481593111,-0.538749478752219
26.56573066128692,-0.5331003158862296
26.56951656073098,-0.5274519593983628
26.57330077098707,-0.5218029800268656
26.577083662212992,-0.5161527196690383
26.58086659655394,-0.5105018722321345
26.584650492933452,-0.5048515838499377
26.588433365467914,-0.4992016341671737
26.59221418981272,-0.4935502824934343
26.595994358381652,-0.4878979435714358
26.59977404748247,-0.482245457540987
26.603552447501034,-0.4765924039245095
26.607329702773765,-0.4709384079405228
26.611106200903777,-0.4652837939033453
26.614881782646073,-0.4596286753091881
26.618656796044746,-0.45397278578333666
26.622433241190173,-0.4483170357503257
26.626211390102444,-0.4426626566573458
26.629989517519178,-0.4370090991164554
26.633765957133264,-0.4313549290241986
26.63754106948685,-0.42569946937354264
26.64131571209757,-0.420043509287229
26.64508943907895,-0.41438719860676004
26.648861917428018,-0.4087300764422666
26.652633474102647,-0.40307217819038477
26.656404186274735,-0.3974137390573734
26.66017386745316,-0.39175471469737866
26.66394251125131,-0.3860949742217027
26.667710728282096,-0.3804345044661416
26.67148043534499,-0.3747743110085639
26.675251751820664,-0.3691154470541101
26.67902306907939,-0.3634573129124113
26.68279273030038,-0.35779857359918743
26.686561080050062,-0.3521385778365406
26.690329447852772,-0.3464780331253538
26.69409876110783,-0.34081803389590115
26.69786704783275,-0.3351583970193198
26.70163328697032,-0.32949733297397565
26.705398889741687,-0.32383528361581143
26.709164006313035,-0.3181730691449424
26.71292786829386,-0.3125102717229063
26.716690568488946,-0.3068465485873475
26.720453016472057,-0.30118216338309395
26.724216934203543,-0.29551814425232975
26.72798236016383,-0.28985540601277143
26.73174782864792,-0.28419338108975767
26.735511673149144,-0.2785307779646014
26.7392741820342,-0.2728669317209217
26.743036697866046,-0.2672024707696452
26.746800727977107,-0.26153850006828244
26.75056557814177,-0.2558758166855307
26.754328618816118,-0.2502128731442622
26.75808989623458,-0.2445483088230281
26.761850866038724,-0.23888314348808595
26.765611096169547,-0.23321784369085838
26.76936996369171,-0.22755175962973426
26.773127815768483,-0.2218847599348989
26.776885466302353,-0.21621719412700868
26.780644507434285,-0.21054993954741164
26.784405073264228,-0.20488390977154078
26.788165707953755,-0.199218623032801
26.791924680657125,-0.19355279812023027
26.795682313435293,-0.187885741179348
26.79943992074343,-0.18221803685518928
26.803198568826634,-0.1765509733993037
26.80695614411348,-0.1708842121206229
26.810711712159083,-0.1652160609138082
26.814466604507317,-0.15954688369005202
26.81822104193643,-0.1538775701186217
26.82197420384693,-0.14820767096432566
26.82572669176224,-0.14253676370419527
26.829480862262326,-0.13686615796145687
26.833236694617494,-0.1311970126623341
26.836992396772647,-0.1255285817012956
26.84074645749646,-0.11985950824203984
26.844499242049302,-0.11418919839646278
26.84825204729697,-0.10851833189370963
26.85200633198583,-0.10284794414762785
26.85576196771195,-0.09717870314083049
26.859517705006997,-0.09151014069934219
26.863271842347995,-0.08584107780099656
26.86702462829817,-0.08017081910510226
26.87077684622193,-0.07449996344300411
26.87452819185908,-0.06882878224781949
26.878278321471242,-0.06315685042276514
26.88202746928265,-0.05748412032826051
26.885776315548604,-0.05181077556696453
26.889526561978716,-0.04613768876029438
26.893278387107635,-0.040465863546282434
26.897030251020805,-0.03479476366747579
26.90078050326738,-0.029123140832983167
26.90452936297754,-0.02345024254802971
26.90827824500405,-0.017776765405586436
26.912028634032332,-0.012103795538382898
26.91577983643926,-0.006432097613213863
26.919529242806558,-0.0007601341727794509
26.923276905942583,0.004913465069508635
26.927024263908375,0.01058767148264865
26.930770890471848,0.016262013867360387
26.934516130099233,0.0219371427958841
26.9382608760125,0.027613209479978546
26.942007273264156,0.033288943575624994
26.94575528964659,0.03896320249920962
26.949503186993947,0.04463682255776959
26.9532494871919,0.050311065572374275
26.956994486691286,0.05598652962252912
26.960739486760644,0.061662568142716624
26.96448598393157,0.06733813073920038
26.968233845557236,0.07301251304816357
26.971981744011813,0.07868622539826707
26.975728120129034,0.08436039424279446
26.97947309744972,0.09003580782229881
26.983217508775528,0.09571179341621266
26.986961066418726,0.10138813544122148
26.99070340778379,0.10706522623240405
26.994445280357883,0.11274319002699137
26.99818875286092,0.1184208391326167
27.001933836437043,0.12409710319371409
27.005679394132457,0.1297727262965788
27.0094251585914,0.1354480470660131
27.013169845727152,0.14112345507043952
27.016912890933124,0.14680000017930278
27.020655741532018,0.15247741273149906
27.024399775802035,0.15815424632105227
27.02814284008408,0.16383060465105756
27.031883761189828,0.1695083914612949
27.035624009009336,0.17518726069139726
27.039364370645,0.1808663153936034
27.04310587755867,0.186545021166
27.046848754568142,0.19222274951879262
27.050591881761395,0.19789964987351766
27.054333407750313,0.2035769719314334
27.05807344275601,0.20925561627455516
27.06181350520762,0.21493492973351055
27.065555171609237,0.220613667558022
27.069298168395218,0.22629120634640276
27.07304117623902,0.23196816287887959
27.076782683085813,0.237645610500457
27.080522833006963,0.24332424232677058
27.0842623834969,0.24900346283305821
27.0880016053775,0.2546830791662482
27.09174197605262,0.2603626108257328
27.09548400423748,0.26604090361443405
27.099226177224203,0.2717183706313004
27.10296667432103,0.27739636882711693
27.10670573615544,0.28307572345218385
27.11044488309649,0.28875566166420535
27.114185574185324,0.2944350512725082
27.11792757454773,0.30011327476933575
27.12166960139906,0.3057908652267319
27.125410138512017,0.3114688951981306
27.12914927356741,0.3171481517637908
27.13288835418931,0.32282808588963036
27.13662849269572,0.3285074325810797
27.140367592699867,0.33418642605412924
27.144104639636407,0.339866813966532
27.14784153369085,0.34554827441133995
27.151580359676032,0.35122902630261404
27.155320545723345,0.3569083287972393
27.159060534807267,0.36258717856699835
27.1627990810816,0.3682665922648654
27.1665363281875,0.3739471361991077
27.170273490141177,0.37962830786447344
27.174012164455448,0.3853090449725978
27.177752251925792,0.3909885617365544
27.181492355992283,0.39666739948967605
27.185230916344477,0.4023467153591191
27.188968093536733,0.40802727399457667
27.192705240438773,0.4137084839151743
27.19644395142316,0.4193891730072594
27.20018402838596,0.4250686621743131
27.20392412789615,0.4307475337882047
27.207662711596186,0.4364268695018025
27.21139989702566,0.44210742727749486
27.215137041035184,0.4477886105494827
27.21887573017473,0.4534693048233968
27.22261580023301,0.45914878614318205
27.22635590891973,0.46482763012225725
27.230094474724226,0.4705069857531311
27.233831671620127,0.4761875638120793
27.23756882842775,0.48186878599765975
27.241307545245892,0.48754945825419654
27.245047598903557,0.49322895053572763
27.24878768727612,0.49890778344873876
27.25252626677969,0.5045871171057903
27.25626344298839,0.5102676908176814
27.260000073784465,0.515948838024705
27.263736385521955,0.5216303927795579
27.267473839140923,0.5273118738421749
27.27121294773662,0.5329921182526861
27.27495220445043,0.5386715018562311
27.27868975145939,0.5443514238360363
27.282425894675324,0.550032690316162
27.28616210954381,0.5557145494972484
27.289899867305,0.561395855442867
27.29363894970527,0.5670759977096624
27.297378086147646,0.572755512372107
27.30111566415842,0.5784355070632786
27.304851889071575,0.5841166818703274
27.30858805800015,0.5897985154986851
27.312325762055746,0.5954798687939966
27.31606487766985,0.6011599805377261
27.319804009308626,0.6068394741468504
27.323541603315253,0.612519482363534
27.327277832189566,0.618200691639102
27.331014024252042,0.6238825080983039
27.334751720448324,0.6295638504927019
27.33849080923379,0.6352439698970207
27.342229952271154,0.6409234411777073
27.345967531903575,0.6466034362268811
27.349703744661316,0.6522846490378088
27.353439940714907,0.6579664997154526
27.35717765845021,0.6636478659881863
27.360916758603008,0.6693279771557596
27.364656413039455,0.675007518652995
27.36839638970417,0.6806866473260917
27.372135230353077,0.6863658656027233
27.37587240199324,0.692046303343014
27.379609420758264,0.6977276046683396
27.383348167035436,0.7034083662338882
27.3870883176082,0.7090878100516501
27.390828372060458,0.7147666514472646
27.39456691851274,0.7204460193345585
27.398304122204944,0.726126563374497
27.402041274420995,0.7318077215523131
27.405779950284852,0.7374884081300241
27.409520010034957,0.7431679060695833
27.41326065311607,0.7488468112742773
27.4170016300095,0.7545253087017175
27.420741428877246,0.7602039223062793
27.424479599408674,0.7658837331221561
27.428217588715164,0.7715644250710884
27.431957326522358,0.7772445128039993
27.435698436414864,0.78292330381548
27.439439469691806,0.7886014796901533
27.443178972908154,0.7942802064988647
27.446917151533835,0.7999601030922321
27.450655273403935,0.8056406369635342
27.454394927407726,0.8113206888653076
27.45813597597706,0.8169995364936926
27.461877061311906,0.8226777505636798
27.465616604527916,0.8283564718752325
27.469355302291625,0.8340364810729454
27.47309586565738,0.839716191584662
27.47683815502921,0.8453942905904864
27.480580187840935,0.8510717200718354
27.484320559356398,0.8567498507198322
27.488059729769436,0.8624291645591112
27.491798890833817,0.8681090211007146
27.495539507732744,0.8737884175380125
27.49928150912357,0.8794666570451993
27.503023594698615,0.8851442337174317
27.50676415334726,0.8908222726365902
27.51050325334719,0.8965015682715971
27.51424235511402,0.9021814916298387
27.517983025603346,0.9078608753096444
27.52172502568433,0.9135390783009648
27.52546760357358,0.9192167015651088
27.52921105796058,0.9248939783228981
27.53295574549855,0.9305705094045403
27.536700896879626,0.9362461951334163
27.540444418238444,0.9419221992325654
27.5441863780503,0.9475995473883536
27.54792837025524,0.953277600709067
27.55167199077485,0.9589550669697183
27.5554169471172,0.9646312916375672
27.55916189288582,0.9703069507068214
27.562905343322882,0.9759831169197752
27.566647444082186,0.9816604631477058
27.57038947181619,0.9873384360588165
27.574133017489743,0.9930159418963519
27.577877963776807,0.9986922019248279
27.581623469242604,1.0043678833188825
27.585369834705613,1.0100432274388937
27.589117437494146,1.0157178249334469
27.5928654868041,1.0213915937369729
27.596612002845777,1.0270656398257552
27.60035684587915,1.032741093563117
27.60410176764411,1.0384172297288545
27.607848340662308,1.0440927381473826
27.6115961931252,1.0497670465141573
27.615344058088404,1.055440768545127
27.61909042803219,1.0611149943916394
27.62283543647452,1.0667904156947183
27.62658038169177,1.0724665038012122
27.630326894337962,1.0781420435633948
27.634074755054716,1.083816389422581
27.63782318254483,1.0894901322676736
27.641572458862594,1.0951635471573034
27.645322984347146,1.1008362047725286
27.649073956157103,1.1065080266472578
27.652823362316656,1.1121801620544678
27.6565711712259,1.11785368447119
27.66031902313247,1.1235278989853463
27.664068504355875,1.1292015113915748
27.667819289934602,1.134873863420902
27.671570074318364,1.140545636649973
27.675319343194378,1.1462179184614092
27.679067272656766,1.1518913797479042
27.682815129549816,1.1575655207638438
27.686564553670852,1.1632391594706475
27.69031536840006,1.1689115720876173
27.69406673650594,1.1745834136929882
27.69781897409409,1.180254908023453
27.701572414961028,1.1859256619284213
27.705326839400225,1.1915956170881106
27.709081538034493,1.1972649596452438
27.712834875526912,1.2029345192209575
27.716586631770298,1.2086053659604987
27.72033831567799,1.2142769835252734
27.72409166836311,1.2199480312376048
27.72784638035675,1.2256178202612265
27.73160106978013,1.2312870274074146
27.735354245083577,1.2369567650592508
27.739106609291827,1.2426277556109169
27.742860807333876,1.2482984743850003
27.746616724560898,1.2539675636666336
27.75037295384694,1.25963603760111
27.754129902655038,1.2653043891370048
27.75788823963326,1.270971921375331
27.761647575021655,1.2766385666393467
27.765407109326357,1.2823046523158108
27.769165270186388,1.287971055605999
27.77292194568386,1.2936386778845292
27.776678515789868,1.2993070777045594
27.780436732710598,1.304974928702329
27.78419632350977,1.310641521934981
27.787955891830094,1.3163075256779952
27.79171394990503,1.3219740092180663
27.79547115708235,1.3276417792592519
27.79923022011566,1.3333092106622193
27.80299096856591,1.3389750655574044
27.806752046658403,1.3446402931418897
27.81051384435594,1.3503054014155809
27.81427705090987,1.3559697104087443
27.81804125295608,1.3616331409291071
27.821805669855724,1.367296017637325
27.82556870862622,1.3729592132903792
27.82933026314405,1.3786236285666849
27.833091712488674,1.3842888214686728
27.836854811595472,1.389953430809461
27.840619240919136,1.3956167913367847
27.84438368396269,1.4012795165540697
27.848146544531314,1.4069427841685513
27.851908623930555,1.4126072930160924
27.855672538346912,1.4182715251963618
27.859438180171708,1.423934146285705
27.863204133554294,1.4295961728402469
27.86697083650766,1.4352580671428345
27.8707389013368,1.4409191659350329
27.874507974529376,1.446579363067171
27.8782777659292,1.452239042230918
27.88204807259773,1.4578981113120353
27.885817052691362,1.4635573063555594
27.889584344187227,1.4692178172143078
27.89335158550747,1.4748791615382726
27.897120553571778,1.480539910135217
27.900890834014284,1.4861993520171761
27.90466159859329,1.4918582717120346
27.908433252324805,1.4975168457676877
27.9122061667771,1.5031746386599254
27.915980027463256,1.508831638802486
27.91975470983046,1.5144881164060326
27.923530425419433,1.5201440006457347
27.927307180306943,1.525799172679733
27.931084349552926,1.531453612774588
27.934860066978917,1.5371082886965461
27.938634116591757,1.5427643288520732
27.942408188419755,1.5484211048041123
27.946183933319958,1.554077271994802
27.949961000261442,1.559732189851628
27.95373804905143,1.5653865343068227
27.95751358809565,1.5710414121285683
27.961288330045196,1.5766974962745366
27.965064853587304,1.5823533357753816
27.9688431124789,1.5880075216663414
27.972621699888457,1.5936611015812385
27.97640100133135,1.5993145621111173
27.980181701644685,1.6049672272881705
27.98396339943335,1.6106190112086072
27.987745844681804,1.616270287201212
27.991528776973222,1.6219209510187076
27.995310416524774,1.627571697330085
27.99909030637779,1.6332237916124603
28.00287014919275,1.6388767097248307
28.00665173121257,1.6445290040251002
28.010434652003532,1.6501800002489608
28.014217514526905,1.655830441636991
28.017999421965676,1.6614814763790142
28.021782368585388,1.6671328219065908
28.025567331568674,1.6727827575095595
28.02935292137194,1.6784316906233847
28.03313901932574,1.684080469693189
28.03692638281405,1.6897286655178791
28.040714903459083,1.6953759329769218
28.04450419018044,1.701022594165005
28.048293869311866,1.7066687124791313
28.052082303959697,1.7123149546446719
28.055869017502964,1.7179625147477915
28.059655680975485,1.7236108693741992
28.063444015784054,1.7292586383070696
28.067233721096553,1.7349050599277662
28.071023362874378,1.7405509309149283
28.07481204043466,1.7461973941687599
28.07860177976835,1.7518441959359332
28.08239354688141,1.7574895747708363
28.086185949881784,1.7631339801943546
28.089978846417456,1.7687782353614165
28.093773003692256,1.7744218748844534
28.097568308445577,1.7800645830502317
28.101364361577176,1.7857066606470795
28.10516084206757,1.7913481737808157
28.108955999427653,1.7969898751257793
28.112749519777466,1.8026328637776414
28.116542976337634,1.8082766687613152
28.12033811040896,1.8139199002690731
28.124134597953386,1.8195617839104852
28.127931573540767,1.8252031440096352
28.1317294216767,1.8308441655521563
28.13552852546707,1.8364844103654372
28.139328583288947,1.8421238575340064
28.143129455988184,1.847762776073843
28.14693135647523,1.8534010970569113
28.15073430446841,1.8590386899443958
28.154537618294327,1.8646755575543743
28.15833950019684,1.8703126683521591
28.16213975204674,1.8759511401543625
28.16594001615632,1.8815903563372516
28.169741950992073,1.8872289626821308
28.173545205365897,1.892866307100656
28.177348434931215,1.8985030796728244
28.18115017571842,1.9041403632101912
28.184951080816116,1.9097788840287517
28.18875377744299,1.9154171569017597
28.192558203651956,1.9210537678612276
28.1963629701867,1.926689767812493
28.200168445322618,1.9323256529176462
28.20397532025289,1.9379607309583522
28.207783187932108,1.9435949216196424
28.21159179539748,1.9492286000273433
28.215401408981656,1.954861714913429
28.219211594911105,1.9604940004387363
28.223020238855195,1.9661264987707354
28.226827254467086,1.9717603782303004
28.230634282531096,1.9773950299214542
28.23444301654713,1.983029043677694
28.23825302268781,1.9886618099436217
28.242063538093443,1.9942940667766027
28.245874968810732,1.9999259713449513
28.24968764628101,2.0055570697385545
28.25350125362868,2.0111873904859063
28.257315673390174,2.0168171580794554
28.261131119178867,2.022446307779675
28.264947038211993,2.0280746690317577
28.26876152327209,2.0337032166880036
28.272574326256546,2.0393331738886444
28.27638714965122,2.0449639142034877
28.280201676527824,2.0505939983449557
28.284017494915915,2.056222824793499
28.287833282774212,2.0618510950022935
28.291647582341092,2.0674799040819476
28.29546110778233,2.073109945709384
28.299276402692083,2.0787397411337065
28.303093427380986,2.0843678707934394
28.30691077272165,2.089995372406265
28.31072882355748,2.095622747486368
28.314548255505006,2.101249286300428
28.318368669572294,2.106874927831142
28.322189292197102,2.112500006687144
28.32600853349709,2.118125423052376
28.329826298568527,2.123752078429182
28.333643977584043,2.1293795075775344
28.337463299242156,2.13500636767605
28.34128397707089,2.1406319544894927
28.34510463323643,2.1462569311194666
28.348923752483877,2.151882445499866
28.352742065350693,2.1575092196912773
28.356562213944542,2.163135651841657
28.360384041352138,2.1687604874840214
28.3642061887822,2.1743847039914557
28.368029084095944,2.1800087839222395
28.371853350550744,2.1856320771334206
28.375678626448725,2.191254465858267
28.379504095560012,2.196876287605771
28.383328201357052,2.2024984161260144
28.387150747779387,2.2081218138446173
28.390973261676724,2.213745939641574
28.39479739586842,2.219369486907487
28.398622879972905,2.2249917803510932
28.402448350165457,2.23061347297382
28.406272336223203,2.2362356831960306
28.410094938562757,2.2418591457146904
28.413917510572904,2.2474832374041176
28.417741634060302,2.253106758811656
28.421567087266425,2.258729088842142
28.42539310347466,2.2643508001391064
28.429219986759588,2.269972161975714
28.43304807966718,2.275592777596991
28.436876641680357,2.281212533355262
28.440703601868517,2.2868326307479987
28.444528995606735,2.292454120888718
28.448354435366326,2.2980762914164594
28.452181490466575,2.303697861137528
28.456009849189932,2.3093181503544926
28.459838192427558,2.3149378867114954
28.463665054812253,2.3205581452406117
28.467491107480722,2.326179664368874
28.471318979808043,2.3318009029497686
28.475148561061907,2.3374204878224645
28.478978449383213,2.343039445080217
28.482808527223316,2.348658213647344
28.486637582363386,2.3542770606422185
28.49046506523322,2.3598970188119113
28.494292321610743,2.3655178836482595
28.49812124807272,2.3711382853058294
28.50195165757636,2.376757244946284
28.505781971206662,2.382375594971924
28.509610668685884,2.3879945728905736
28.51343813244147,2.3936147182488674
28.51726554724177,2.3992354671193157
28.521094469539808,2.404855732690947
28.524924753536894,2.4104747933046626
28.528755619936067,2.4160932479957893
28.532587336237878,2.4217113453429113
28.5364197091038,2.4273286314643183
28.54025069359837,2.432945958231532
28.544079907155538,2.4385647515551025
28.547909127385022,2.444184363144055
28.551740104152156,2.4498032933566205
28.55557234721887,2.4554209505189424
28.559404561122804,2.4610380505034026
28.56323526394747,2.4666557124984925
28.56706466174832,2.472274534243817
28.570893987733918,2.4778939777735025
28.57472481314154,2.4835129638003584
28.578557042389725,2.4891306590295637
28.58238982419854,2.494747773542381
28.58622345899559,2.500364543457936
28.59005779211874,2.505980501794374
28.59389070270647,2.5115965565248137
28.597721829591226,2.517214065609083
28.60155299659235,2.52283238455693
28.6053858807816,2.528450017036431
28.609220064260523,2.5340663110484303
28.613054179343163,2.539682072121334
28.616886800677523,2.545298393901448
28.62071811207307,2.5509158949213764
28.624549376420347,2.5565340423840572
28.62838216781037,2.562151703823368
28.632216327867273,2.5677681420929086
28.636051048821376,2.573383963715679
28.63988609361093,2.5789993625786933
28.643719925167424,2.5846148957258723
28.647552175411356,2.590231611961649
28.651384268254834,2.5958491795855667
28.655218025331337,2.6014662382863087
28.659053221534645,2.6070818990873796
28.662888325044243,2.612696988291696
28.66672190272055,2.6183126701720925
28.670554189766623,2.623929552646428
28.674386431538686,2.6295470730334616
28.678220203833305,2.6351640347964858
28.682055298663126,2.6407797988495214
28.685890455151704,2.646394871324943
28.689724021225306,2.6520104981298944
28.69355680516792,2.657627393110365
28.697391408082606,2.6632440301220672
28.701227750333263,2.6688590000661137
28.705063854990467,2.674473312204702
28.708898287437755,2.6800884028625083
28.712731550900596,2.6857046824079718
28.716564818490024,2.6913214782947597
28.72039949189304,2.696937807740607
28.72423554880942,2.702552901948097
28.72807219893813,2.7081673901333128
28.73190914750873,2.713781438619345
28.73574491217866,2.7193956431349835
28.739579089081786,2.7250110702439487
28.74341311002804,2.73062737678713
28.7472488549054,2.7362430988538136
28.75108596724883,2.7418574671155196
28.754923531719857,2.747471297517586
28.758761416069795,2.7530847548392052
28.762598189701183,2.758698278978558
28.76643332323418,2.7643130187335974
28.770268309943127,2.769928641212308
28.774104976405688,2.7755437477183573
28.77794308506096,2.781157446257747
28.78178105817375,2.7867705770979594
28.785617529374456,2.7923842546000497
28.78945270100588,2.797999138789699
28.793287817974765,2.803614632349363
28.797124452393202,2.8092296354258552
28.80096244983224,2.8148434260753112
28.804800513744276,2.820456544850531
28.80863700778494,2.8260702202646066
28.812472139674885,2.8316851348167664
28.81630726267413,2.837300676617887
28.820143895496315,2.8429156877893256
28.823981906856226,2.848529420282826
28.827819920136935,2.8541425540003202
28.831656415490855,2.8597562161957333
28.835491578313828,2.8653711059641807
28.839326699292048,2.8709866646449775
28.843163375302595,2.876601661583258
28.84700137311994,2.882215443205772
28.850839415037292,2.8878285459603346
28.854675876672115,2.893442201746106
28.85851101480979,2.8990570897396775
28.86234615059116,2.904672611453265
28.866182781260203,2.9102876564136726
28.870020813844274,2.9159014264792216
28.873859373613435,2.921514602593842
28.87769825333959,2.927127371578043
28.88153596133115,2.932740246645759
28.88537205321328,2.938354335164202
28.88920800545732,2.9439692900276935
28.893045663443505,2.94958368700434
28.896884696036675,2.9551967531186305
28.90072366865748,2.960809219083301
28.90456108393508,2.9664222789101173
28.90839722924059,2.972036504105584
28.91223332213401,2.977651351593032
28.916070906761448,2.983265690680842
28.919909869864764,2.9888788042184014
28.92374885752898,2.9944912841041287
28.927586349803672,3.0001042607451094
28.93142244429039,3.0057185304406087
28.935258545952887,3.0113334018177382
28.939096151253207,3.016947763475195
28.942935114850556,3.022560864539737
28.94677409394779,3.0281733218067393
28.950611544152018,3.0337863176039375
28.95444765838857,3.0394005459937126
28.958283730772674,3.0450154467814934
28.962121365229585,3.050629804183634
28.965960346747146,3.0562429107277858
28.969799341115667,3.0618553800997983
28.973636790579917,3.067468370524016
28.97747288573329,3.0730825936999766
28.981308972975345,3.078697453387793
28.98514659371609,3.0843117984042983
28.988985555962284,3.0899249322363436
28.992824565451116,3.095537408261658
28.99666202190461,3.1011504253700073
29.00049813675273,3.1067646696190345
29.00433423056507,3.1123795208483602
29.008171820661687,3.117993869147654
29.012010778958842,3.123606971431002
29.0158497626483,3.129219419794548
29.019687212721486,3.1348324086741113
29.023523315112982,3.140446644897837
29.027358867549967,3.146061479988585
29.031193581695643,3.15167667735543
29.03502759454488,3.157292719215293
29.038863049948546,3.1629086473162134
29.042700249013826,3.1685231299586034
29.04653739949426,3.174136779522127
29.05037283573106,3.1797510855365663
29.05420697397478,3.1853667025124857
29.058041183922974,3.1909828381965846
29.0618768702104,3.1965984455967846
29.065713860730508,3.202212904052343
29.069550947944947,3.207826694587472
29.07338649345612,3.213441003438515
29.077220665599306,3.2190565672011098
29.08105483245727,3.2246727840964295
29.08491174137724,3.2302919278294344
29.08887261783284,3.2358708445386015
29.092958517742357,3.241353770390012
29.097122565913363,3.2467609217904356
29.10136563473252,3.2521137743631066
29.10570968867791,3.2573925488395283
29.11014671373799,3.262587193113234
29.114664522333584,3.2677090650196727
29.119268522156876,3.272757831888162
29.123961188422292,3.2777247077882388
29.12873684486261,3.2826094543235795
29.133592757496636,3.2874147125891158
29.138530731266584,3.292137082037102
29.143548718257648,3.2967737330327953
