-0.1415099494167691,0.01897079034821436
-0.14150995930356544,0.018970790423033408
-0.14150996693028653,0.018970790328865228
-0.14150998030419265,0.018970790415568744
-0.1415099787480645,0.018970790414612037
-0.14150996672978486,0.018970790326174543
-0.14150994904665928,0.01897079033574858
-0.141509942686639,0.01897079039635017
-0.14150994004482717,0.018970790317693685
-0.14150995054832866,0.018970790357149867
-0.1415099687201421,0.01897079031237318
-0.14035543328845343,0.018970786791664643
-0.13804517800610885,0.018970782228040366
-0.13457962316331348,0.018970775512143996
-0.12995860781356275,0.01897076994644181
-0.124182124986506,0.018970765595596076
-0.11738569125316921,0.018970501569051904
-0.11058865085894024,0.018969068212233684
-0.10379132677401891,0.018965971410285165
-0.09699375832413194,0.01896197394448696
-0.09019570619197535,0.018956843757105112
-0.08339721615620878,0.018950495794270977
-0.07659840745433383,0.018942951313578812
-0.06979923100776719,0.01893427310191016
-0.06299963962832687,0.01892444684054864
-0.05619967536928944,0.018913400144546507
-0.049399360409192294,0.018901195731217877
-0.04259867166569109,0.018887857031505625
-0.03579760614344889,0.01887334175672479
-0.02899618147732149,0.018857644999747816
-0.02219439834772765,0.01884078938024609
-0.015392251557190685,0.018822772030352826
-0.00858974669529204,0.018803581335176674
-0.0017868900152060608,0.018783221778308472
0.0050163184222878215,0.018761698638506685
0.011819877247642503,0.01873900804203616
0.01862378189563812,0.01871514777140385
0.0254280294416058,0.018690120141036583
0.03223261818684452,0.018663925348962527
0.03903741356909966,0.018636570404041337
0.0458417064384896,0.018608026507546574
0.05264504009878944,0.018578325869037456
0.05944716015704291,0.018547463705365256
0.06624806987397235,0.018515437611882277
0.07304777178843612,0.018482247734468254
0.07984626576364039,0.018447894920591734
0.08664365858215567,0.018412381335617976
0.09344020578572028,0.018375722532017007
0.10023672327697786,0.018337873125451473
0.10703352062990928,0.01829889950961255
0.1138307156714961,0.018258728076602188
0.12062795613538177,0.018217745940168555
0.12742497765792443,0.01817811370320217
0.13422260337776906,0.01814059812159706
0.14102124160684698,0.01810351163029391
0.14782067243545233,0.018064698104993795
0.15462014242234015,0.01802406007460128
0.1614194775751462,0.017983111591894054
0.16821878347334387,0.0179437324794214
0.17501869283477745,0.017906136337023582
0.1818194385485326,0.017868940830399565
0.1886205771917419,0.017830564678274763
0.19542148958333555,0.01779283559202828
0.20222283359249774,0.017757590728623745
0.20902505304290905,0.01772347041132444
0.2158279000126131,0.01768940034072947
0.22263155110867924,0.017654198455321787
0.22943537707618852,0.01761722148540927
0.23623853945498238,0.017579572628059502
0.24304045414916473,0.017543543545659727
0.24984172255755616,0.01750952770974634
0.25664237728462946,0.01747585050635765
0.2634422671018488,0.017440488555151977
0.27024088403556407,0.017403325729391
0.2770383000211405,0.017365858512249026
0.28383491640849684,0.017329932747116434
0.29063183214922,0.017295824832673896
0.2974292660969162,0.01726252714113158
0.30422702602727647,0.017230127496904217
0.3110255975772861,0.01719873732572851
0.317825389208262,0.017166134939477135
0.32462546508508866,0.01713125005858654
0.33142534376760524,0.017095892452154513
0.3382253186080552,0.017062382137492314
0.3450261492967665,0.01703067966027714
0.3518279610323485,0.01699922542543248
0.3586305916450639,0.016966219089401498
0.365433176445475,0.016931464780786793
0.37223509413937256,0.01689628207719141
0.37903617413345797,0.016862634305134214
0.38583688884823747,0.016830868128687414
0.3926370488371168,0.016799879661831146
0.3994366156534866,0.016769394213086215
0.40623604811353636,0.016737858944035337
0.4130349089827041,0.016704310266996373
0.4198328484421338,0.016670134459172224
0.42663030576828437,0.016637734823159625
0.43342835015948356,0.016607217316521414
0.4402273235151268,0.016576987472089046
0.44702717866435854,0.0165451522263065
0.4538272884905877,0.016511561111211794
0.4606274058442043,0.016477564453090995
0.46742759785814086,0.01644511002218291
0.4742284482300892,0.016414505744711316
0.48103002429552233,0.016384294377215756
0.4878320143997137,0.016352518824534635
0.49463351229034686,0.016318864544679516
0.5014341451832953,0.01628484295456581
0.5082338970775774,0.016252446861124734
0.5150334379142886,0.016221856158455256
0.5218330512067396,0.016191641145110607
0.5286327203550008,0.016159863921804893
0.535431888362406,0.016126232154967106
0.5422304686103958,0.016092234840476675
0.5490287247302345,0.01605983834589081
0.5558274730496093,0.016029241902534762
0.5626270807667888,0.015999038868418164
0.5694274770414298,0.015967248301586384
0.5762280115526278,0.015933650483334356
0.583028313661699,0.015899651794592847
0.5898284275210777,0.015867228394072404
0.5966289013733981,0.01583664006785202
0.6034298862772747,0.015806425265588987
0.6102311479712984,0.01577462315329097
0.6170319226969324,0.015741013746369194
0.6238318940046217,0.015707032414849557
0.6306311696897068,0.015674606474823407
0.6374304337189566,0.01564403242978387
0.6442300070797681,0.015613811462064519
0.6510298674614253,0.015582057841132847
0.6578294023607988,0.015548434550708834
0.664628492636511,0.015514452972417705
0.6714273153463143,0.01548202924967345
0.678226606370482,0.015451447278732404
0.68502665235298,0.015421218036573208
0.6918273460763881,0.015389438296509397
0.6986279627009532,0.015355857005809877
0.7054285311759578,0.01532146227585409
0.7122290181349845,0.015286580962077884
0.7190289340389295,0.015252710379776558
0.7258288663291217,0.01522089046064075
0.7326292956726977,0.015189684269015914
0.7394300135127467,0.015156716372201206
0.7462302078214227,0.015121852012918447
0.7530296876227375,0.01508672805284699
0.7598286755514161,0.015053174701424447
0.7666278474736211,0.015021417535856112
0.7734274961802088,0.014990034298249967
0.7802276093423836,0.01495709022729979
0.7870275746288468,0.014922334958704242
0.7938274762874419,0.014886772939853465
0.8006276879709959,0.014850316543749728
0.8074280800653597,0.014812409560472136
0.814228136166303,0.01477367030384503
0.8210276822749764,0.014736376339225837
0.8278275431593648,0.014701244938619238
0.8346280325366238,0.014666446884677576
0.8414288341353553,0.0146299064119529
0.8482292507815128,0.014591611117602628
0.8550290468574467,0.01455300686980197
0.8618283406819695,0.01451592819935246
0.8686277646624301,0.014480647246830113
0.8754276332027285,0.014445791721501074
0.8822278683632915,0.014409333428758987
0.8890278328534058,0.014371061939479549
0.8958276233134926,0.014331997705646568
0.9026276697695274,0.014292045616600933
0.9094278346957162,0.014250639533500998
0.9162276318465925,0.01420839451798407
0.9230269177925029,0.014167606153163044
0.9298265593900035,0.01412897587047909
0.9366268892278173,0.014090680794175338
0.9434276147007324,0.01405063193759821
0.9502280271910541,0.014008830188482266
0.9570278951542218,0.013966723227020068
0.9638273235217677,0.013926114291194946
0.9706269197393325,0.013887350764529426
0.9774269532355369,0.013848959783038609
0.984227352550341,0.013809041344670014
0.991027415343809,0.013767252679342978
0.9978272729071194,0.013724688714611155
1.0046273069546712,0.01368122270180739
1.011427414871089,0.013636319872406925
1.0182274168422603,0.013590160181111834
1.0250271270689182,0.01354341225681378
1.0318263782324917,0.013497950358217839
1.0386258881116863,0.013454552260592171
1.0454260497936747,0.013411578970321168
1.0522266757508694,0.013366943892433687
1.0590269874670117,0.013320448699875208
1.0658267798438261,0.013273656627020413
1.0726261510433026,0.013228403304763492
1.079425749316273,0.01318494983659666
1.0862257992888469,0.013141889991868296
1.0930262236557036,0.01309727629213933
1.099826340892337,0.013050828604840251
1.1066262523400847,0.01300359264221553
1.1134263096833386,0.012955448232328809
1.1202264250459688,0.012905871309053019
1.1270264172019526,0.012855043458099173
1.1338260894588739,0.012803629062703261
1.1406252755441217,0.012753492822442494
1.147424709491469,0.01270541932875961
1.1542248005532438,0.012657782995422563
1.1610253377574082,0.012608464843739672
1.1678255664909487,0.012557293116589876
1.1746252734988596,0.012505822260202477
1.1814245985101608,0.012455901130164121
1.1882244878528971,0.012407364892669885
1.1950251140329182,0.012357179287870185
1.201825303442371,0.012304620806967268
1.20862511761314,0.012251475162342217
1.2154252020306635,0.012197664196733604
1.2222253526221363,0.012142230239503449
1.229025316340578,0.012085477141384327
1.2358249198010258,0.012028211246606694
1.2426240413063003,0.01197233623673182
1.249423406313012,0.011918369409417534
1.2562233662595552,0.011864887524639912
1.2630238008995565,0.011809755549381646
1.2698239298473435,0.011752751771425273
1.2766235542040085,0.011695419528863535
1.2834227941150154,0.011639655313048222
1.2902226381371338,0.011585306447807793
1.2970232560292994,0.011529288784534757
1.3038234259782389,0.011470877821524214
1.3106232416754753,0.011411884178827504
1.3174233134300104,0.011352221825844302
1.3242234896968097,0.011290970644790985
1.3310234337528264,0.011228386391461813
1.3378233713610959,0.011164889790048661
1.3446230750690538,0.011100659349694158
1.351422166329309,0.011037589491339308
1.3582214389073048,0.01097666874862881
1.3650213819686365,0.010916246083657
1.371821766190172,0.010854053322207244
1.3786218051660426,0.010790021610246442
1.3854213364922845,0.010725713245623613
1.3922208221557215,0.01066256899573962
1.3990211416410052,0.010598715366283205
1.4058213867284477,0.010532390906287697
1.4126211337561663,0.010464987554943623
1.4194210208767393,0.010397078212003572
1.4262211069800566,0.010327793974695762
1.4330210616064647,0.010257040989694658
1.439820589584652,0.010185669461673943
1.4466196238485265,0.010115790708366578
1.4534189169918343,0.010047881624139247
1.4602187963185267,0.009980355727053377
1.467019085319343,0.009911162070109386
1.4738190593270277,0.009840187028201254
1.4806185146131305,0.00976883762963888
1.487417892134936,0.009698667474134665
1.494218113038268,0.009627832603256682
1.5010182759682933,0.009554509693768832
1.5078179716623776,0.009480090638112306
1.5146178067952187,0.009405168032249358
1.5214178608238753,0.00932889592002856
1.528217770720118,0.0092511176399244
1.5350172267765283,0.009172767484740682
1.541816171584575,0.009095872881487574
1.5486153714680633,0.009020944309830114
1.5554151386571329,0.008946410023529427
1.562215322664926,0.008870215081614733
1.569015213466703,0.008792227849189519
1.5758145975526543,0.008713873588705305
1.5826135844750457,0.008637114202143697
1.5894131788609496,0.008561748521768131
1.5962135025110133,0.008484659486757657
1.603013427493771,0.008405256152907452
1.609812992545983,0.00832525569846629
1.6166128607694086,0.008244562873778978
1.623412835859272,0.008162298295049998
1.6302126108012633,0.008078677703270183
1.6370120274180895,0.007994579621670155
1.6438109558980232,0.00791183843782318
1.650610082510672,0.007831012982281844
1.6574097883366414,0.007750681271665448
1.6642098987042766,0.007668649615565293
1.6710096988017924,0.007584792751319316
1.6778089740294235,0.007500610089604045
1.684607877003604,0.007418009594038501
1.691407401266738,0.007336779552225555
1.6982076875313734,0.007253869937755357
1.7050075711984016,0.007168620117482154
1.7118071147482996,0.007082780813217937
1.7186069270018283,0.006996253309888726
1.7254068219709067,0.0069081428974737645
1.7322065076755822,0.006818688468706491
1.739005806623553,0.006728770415157226
1.7458046331774029,0.006640138351750391
1.752603680626129,0.006553504764930092
1.7594033168708276,0.006467318557936433
1.7662033873635232,0.006379464096306227
1.773003149574267,0.006289779002314943
1.779802381093694,0.0061997460842152935
1.7866015535476254,0.0061109086058407465
1.7934015603335094,0.006021358119653764
1.8002015032623444,0.005929347827870879
1.807000960207301,0.005836232843398128
1.813800558465693,0.005742641277102966
1.8206003709735894,0.005647676753975312
1.8273997026579152,0.005551633616620517
1.834198337905053,0.005457067892625964
1.8409973046827888,0.005364767821891095
1.8477969147122995,0.005272755574320205
1.8545968778165776,0.0051789771521354505
1.8613964942999115,0.005083448275566415
1.868195647034299,0.00498764558125572
1.874994431058846,0.0048933520215856076
1.8817934733309247,0.004800845444696004
1.8885930401986404,0.004708753946452114
1.8953930019377008,0.004615071859937736
1.9021926721831666,0.004519581750510037
1.9089921426419558,0.004423298838351193
1.9157917924030734,0.004326118055621816
1.9225914821095262,0.004227488777783902
1.9293907112234594,0.00412801899394983
1.9361893590656594,0.004030044847992297
1.942988289821262,0.0039341588775593725
1.9497878443166397,0.0038386334992608043
1.9565877415171053,0.0037413564767282206
1.9633873238842399,0.0036423381641320003
1.970186414514358,0.0035430072715765264
1.9769851296488599,0.003445213329807708
1.9837841171769035,0.0033492165768904416
1.9905836313298575,0.0032535962998945607
1.9973835746291664,0.0031564624591537264
2.0041832020256813,0.003057435123287422
2.0109826396519725,0.0029576488794790406
2.0177822388031035,0.002856972879525374
2.024581847248409,0.002754829251242975
2.0313813363232818,0.002651458415804174
2.038180483505514,0.002547462639274225
2.0449791112383107,0.0024448171122194167
2.0517779668592047,0.002344189948655122
2.0585771028939694,0.0022444232216973395
2.0653764223247566,0.0021449998614395476
2.0721762220863167,0.0020445663189932995
2.0789759020213423,0.001942165879867373
2.0857749398823913,0.0018391504424051242
2.092573850475915,0.0017374130555529777
2.0993736756217243,0.0016351289631575288
2.106173468771598,0.0015302601401916821
2.1129727392115436,0.0014242455729318996
2.119771807848918,0.001318221406716057
2.1265705417118363,0.0012133347659044466
2.1333693792978052,0.001110173352924796
2.1401687500531352,0.001007668602228713
2.1469685927466413,0.0009035351237665576
2.153768121719268,0.0007974685697034862
2.160567069520673,0.0006910415290188178
2.1673656404762593,0.0005863082480043101
2.174164527570941,0.0004833374077255993
2.180963926003929,0.0003806877641690372
2.187763729532563,0.0002765015120684008
2.194563272629246,0.00017052138217057457
2.2013626201600487,6.372918004552441e-05
2.208161793746211,-4.357916929091102e-05
2.2149604032911268,-0.00014980370833706002
2.221759134956345,-0.000254039188439483
2.228558512124341,-0.0003576516218572178
2.2353583558048857,-0.0004630083299789899
2.24215784919931,-0.0005702629860008211
2.2489568141893437,-0.0006778104699124794
2.255755413962034,-0.00078371043640721
2.262554292188739,-0.0008878885280985321
2.269353647000811,-0.0009917002159132435
2.2761534147427285,-0.0010970244605447079
2.2829529088715104,-0.0012041976861752114
2.289752219583336,-0.001312166776541408
2.296551371124934,-0.0014206017703457358
2.3033499946627756,-0.001528054267433234
2.3101487407557015,-0.0016334257865232807
2.316948122150952,-0.0017381829145662762
2.3237479333751825,-0.0018447321052389178
2.3305473836157073,-0.001953153120849522
2.3373462989858447,-0.002061843197040046
2.3441448740813415,-0.0021689322776267455
2.3509437377676266,-0.002274280502313616
2.3577431125740174,-0.002379230219254562
2.364542878437311,-0.0024857586826811263
2.371342371218151,-0.0025940917739610096
2.3781413112941707,-0.002702803813681039
2.3849398482471194,-0.00280995286084505
2.3917386826121594,-0.0029152587173501316
2.3985380494108233,-0.0030202178161697975
2.4053378230053353,-0.003126745174772186
2.412137323183893,-0.003235071108904484
2.4189363052668624,-0.003343795140532596
2.4257348700077666,-0.00345091575791531
2.4325337093326627,-0.0035562500923756245
2.439333072565519,-0.003661185406805023
2.446132811887487,-0.003767720706780092
2.4529322806860727,-0.0038760540873529928
2.4597312256555965,-0.003984770812210226
2.4665297792994085,-0.004091903765139087
2.4733286290008105,-0.004197217882356057
2.4801280105849814,-0.0043021801623247865
2.4869278051137287,-0.004408694946911272
2.493727298936586,-0.004517036897438347
2.5005266020799137,-0.004626154428078149
2.507325714729029,-0.004735758600057613
2.514124292862906,-0.004844370114485761
2.5209229792797796,-0.004950917185056243
2.5277223248271423,-0.005056843649530115
2.534522134837218,-0.005164539277774352
2.541321581269387,-0.00527414839029224
2.5481205019560007,-0.005384002863932366
2.5549190832362956,-0.005492256235224326
2.5617179387924924,-0.005598771294518733
2.5685172750824403,-0.005704908857041981
2.5753170033354316,-0.005812578915810392
2.58211646747145,-0.00592207572037702
2.5889153775686453,-0.0060319610592799375
2.595713905011945,-0.006140256255692136
2.602512729335749,-0.006246743546857216
2.6093120905297478,-0.006352840564224461
2.6161118506394225,-0.006460541950800419
2.622911330142203,-0.0065700502265632725
2.6297102917426107,-0.0066799218221892465
2.636508836029795,-0.006788231142231043
2.6433076628024295,-0.0068947220757339875
2.65010698909986,-0.0070008470238252345
2.656906717364242,-0.007108513248114478
2.6637061649456326,-0.007218023765466162
2.6705051006957268,-0.007327891349557453
2.6773036477236714,-0.007436189250659754
2.6841024895816044,-0.007542683689222138
2.690901863058232,-0.007648785432682421
2.697701612809249,-0.007756498361219676
2.704501069885861,-0.007865992782934551
2.71130000206692,-0.007975880289162443
2.718098523725038,-0.008084171593549832
2.724897346079041,-0.008190656297817026
2.7316967009760362,-0.00829678353111391
2.738496468458052,-0.008404433221107682
2.7452959394466965,-0.008513956910167143
2.752094884778053,-0.008623854967471959
2.758893409828011,-0.008732128507340092
2.7656922274913893,-0.008838623138585838
2.7724915560796815,-0.00894473644489657
2.7792912983448765,-0.009052429782691091
2.7860907681853297,-0.009161931427839822
2.792889722527703,-0.009271827971410431
2.799688284579881,-0.009380117259660939
2.8064871144028123,-0.009486588494460806
2.8132864580668406,-0.009592701180828549
2.820086200996336,-0.009700376746724769
2.8268856400110267,-0.00980989184374643
2.8336845753930766,-0.009919760161384314
2.840483122050238,-0.01002806474157331
2.8472819627729327,-0.010134563753656718
2.854081322940634,-0.01024066975057165
2.8608810802989777,-0.010348337357614652
2.867680521388171,-0.010457861464281334
2.8744794528474147,-0.010567748695130738
2.881277972835342,-0.010676036744804393
2.888076793714045,-0.01078251715268704
2.8948761478927425,-0.010888645313414077
2.901675914650096,-0.010996302007868894
2.9084753961485186,-0.011105828554001967
2.9152743454493604,-0.01121569471575622
2.922072891159696,-0.011324010433625038
2.928871711149813,-0.011430494593070134
2.9356710402712975,-0.011536603906356522
2.942470772974785,-0.01164426925768796
2.9492702185716686,-0.011753786136813797
2.9560691494505074,-0.011863662960834617
2.962867692864725,-0.011971963939304376
2.96966653055763,-0.012078448769244276
2.976465902726983,-0.012184570303520543
2.9832656729785803,-0.012292247347854423
2.990065145608049,-0.012401756241694824
2.9968644082917946,-0.01251204912441855
3.003663508226298,-0.01262282913881782
3.0104620569042764,-0.012732560317039836
3.017260734812755,-0.012840302460899336
3.024060066048018,-0.012947392337622569
3.0308598590182783,-0.013056250337030173
3.037659293386594,-0.013167017788130675
3.0444582032488112,-0.013278032439306751
3.0512567661085646,-0.013387480372448458
3.05805558758032,-0.013495138995109422
3.0648549006930406,-0.013602436946773582
3.071654616233326,-0.013711250710311427
3.07845403932079,-0.01382193444450011
3.0852529465130876,-0.013932975055357648
3.0920514583546277,-0.01404245200845969
3.0988506087332737,-0.014150489603562515
3.105650522341309,-0.014260259865469716
3.112450006749648,-0.014372389538303476
3.1192488120164223,-0.014484669586144637
3.126047329775221,-0.01459514100728127
3.1328461888566115,-0.014703959108573156
3.139645463287227,-0.014812508687424543
3.1464451239486073,-0.014922485029145335
3.153244547458245,-0.015034278234325384
3.160043789633333,-0.015146921953820124
3.1668428512721336,-0.015260040172890075
3.1736413892164506,-0.015372145087161582
3.1804400726651236,-0.015482174498943185
3.1872393781611095,-0.015591636026203582
3.1940391353422335,-0.015702814270877895
3.2008385144377582,-0.015815911046402637
3.2076376858518176,-0.015929677090416608
3.2144370803696245,-0.016044341298162467
3.221236508190554,-0.016160495006008746
3.228035451396848,-0.0162775094617982
3.234833813874164,-0.0163929639324839
3.241632490895811,-0.016506333599458457
3.2484314328776285,-0.01661897374511704
3.2552305053617436,-0.016731241788927088
3.2620300592377154,-0.016844510341275147
3.2688295344182894,-0.016959732899097385
3.2756283938770223,-0.017075602116013056
3.282426780905695,-0.01718979221404103
3.289225879377903,-0.017302384450867368
3.2960257436896443,-0.01741684412372539
3.3028251277638025,-0.017533677016873354
3.3096241424298323,-0.01765102306176748
3.316423467256756,-0.017769029961771998
3.3232228793580805,-0.017888690973930144
3.330021738106988,-0.018009263577885244
3.3368200139174773,-0.018128245435294014
3.3436186615785757,-0.018245058435661713
3.350417899016136,-0.018361643046371723
3.3572174631909686,-0.01847990767215413
3.3640167091392623,-0.018599913285203228
3.3708154554752925,-0.018720241198092326
3.377613830259033,-0.01883905555616951
3.3844124751768754,-0.01895606922762814
3.391211658802016,-0.01907265774301036
3.3980112578414845,-0.01919085084805393
3.4048105566707556,-0.01931088059041114
3.4116096627543966,-0.019431673922670468
3.418408917390765,-0.01955338160295871
3.4252081916108397,-0.019676517690061266
3.4320073299280796,-0.019800907498723323
3.4388064433119196,-0.01992628734198722
3.4456052738117906,-0.020052431022938192
3.4524035135148154,-0.020177363434242705
3.4592019753588685,-0.020300143213138278
3.466001104958345,-0.02042246628707909
3.4728006493518677,-0.02054652347702644
3.4795998096073713,-0.02067243907732751
3.486398794709238,-0.02079902744031898
3.4931979666751705,-0.020926538368340745
3.499997130087638,-0.02105554974302447
3.50679614746767,-0.021185780652023808
3.513595137576063,-0.021316977234414246
3.52039419136031,-0.02144936606142681
3.527192873052668,-0.021582624756296423
3.533990946530604,-0.021714537459892463
3.5407892984685008,-0.021844256425540724
3.547588307602763,-0.021973593261499197
3.5543876990026315,-0.022104700373451705
3.5611867422083576,-0.022237579494465438
3.5679852706362927,-0.02237075921863235
3.5747834325086356,-0.022502405058753134
3.581581842950351,-0.02263224932204387
3.5883807572097064,-0.0227617115490725
3.59518007875674,-0.022892711922189272
3.6019791094203297,-0.02302558180704353
3.6087779488494345,-0.023159222923686048
3.6155769663033093,-0.023293770749207507
3.622376020772447,-0.023429753710508813
3.629174946129762,-0.023566981440467715
3.6359738572005997,-0.023705212953374737
3.6427727833431165,-0.023844606400505033
3.649571665757621,-0.02398526150266445
3.6563704889662154,-0.02412706606543264
3.663168950247236,-0.02426957527993767
3.669966851646937,-0.02441083059176976
3.6767650006665016,-0.024549942608659715
3.683563790192163,-0.024688614510039484
3.6903629820308295,-0.0248290365177798
3.6971618281096537,-0.024971269566968764
3.7039605062309517,-0.02511421329032858
3.71075937159573,-0.025258079570077453
3.717558234907715,-0.025403430656673182
3.7243569175921434,-0.02554999421737892
3.7311556020152814,-0.0256975554972467
3.7379543065215017,-0.025846288471942615
3.744752980045356,-0.025996293404552364
3.7515516051855675,-0.026147432927002712
3.758350230509394,-0.02629968513066477
3.7651485151512607,-0.026452737687002858
3.7719462170548512,-0.02660449016476265
3.7787441629036245,-0.02675410802767764
3.7855427381472113,-0.02690329599195356
3.792341688611844,-0.027054219253145242
3.7991402780907166,-0.027206971152750534
3.805938675738703,-0.02736039782593907
3.812737284673436,-0.027514779692437926
3.819535904344918,-0.02767063319384366
3.826334378066841,-0.027827716719337744
3.8331328482148046,-0.027985770499464935
3.8399313625730174,-0.028145015803762632
3.846729815790678,-0.028305531971880873
3.853528189963345,-0.028467162116722552
3.860326558975487,-0.028629931897716253
3.8671249026152403,-0.028793885301104737
3.8739232179561096,-0.028959030007968265
3.8807215125756427,-0.029125332096981787
3.887519793238298,-0.029292782496056227
3.894318032890272,-0.029461404495882342
3.901116234778823,-0.02963121357469404
3.9079143960501037,-0.02980217443428431
3.9147125224167985,-0.029974301982596565
3.9215106266100235,-0.030147599268174438
3.928308710568404,-0.030322065636506954
3.9351067757731983,-0.030497711786149285
3.941904817020474,-0.03067450962278622
3.948702832091605,-0.03085247506126194
3.955500815110062,-0.031031603182431762
3.9622987535461167,-0.03121190710005539
3.9690966574076354,-0.03139338181787995
3.975894178671603,-0.031575608148511916
3.982691126988714,-0.03175652343256925
3.9894886731703076,-0.03193573230912366
3.996287082435236,-0.03211658311541512
4.00308504639357,-0.032299939278794314
4.009882598726155,-0.03248391301955389
4.016680461111911,-0.032668437183550794
4.023478396647885,-0.03285460839609921
4.030276082979631,-0.03304215484841225
4.037073715340116,-0.03323056120932773
4.0438714281679,-0.0334200922073632
4.050669099123256,-0.03361096757313284
4.0574666847200564,-0.03380298819286189
4.064264273760079,-0.03399609584512314
4.071061856291037,-0.03419039656453311
4.0778593732229815,-0.03438591419264251
4.084656825608457,-0.03458254642526788
4.091454269432956,-0.03478035516657117
4.098251667111697,-0.03497933473498442
4.105049036841136,-0.03517948935541901
4.111846383340386,-0.03538079862501472
4.118643709851933,-0.03558329021302329
4.125441008639192,-0.035786951962655605
4.13223825615065,-0.03599176330768655
4.139035468501942,-0.036197756550194034
4.145832626419634,-0.03640491104490835
4.152629742458447,-0.036613231028882254
4.159426819414335,-0.03682272620666619
4.1662238684415795,-0.03703337678309554
4.173020886047755,-0.03724519583592115
4.179817875824701,-0.037458182143038865
4.186614839304168,-0.037672333958362655
4.193411776232312,-0.03788765634105164
4.200208686049951,-0.03810416126230951
4.207005532340484,-0.0383218048291156
4.213802340020912,-0.03854063880932133
4.22059910258333,-0.0387606387148162
4.227395802683611,-0.038981783348150945
4.234192480156499,-0.03920412086121088
4.240989128424193,-0.03942762180308
4.247785743028398,-0.03965228125467794
4.254582325379268,-0.03987810946211359
4.261378879161338,-0.04010510366226729
4.268175391495359,-0.04033327530611755
4.274971840306631,-0.04056259532568687
4.281768241316578,-0.04079309598189326
4.288564606810282,-0.041024761464475576
4.295360941261045,-0.041257596845390425
4.302157240322347,-0.04149159111320037
4.308953505422623,-0.041726754947754
4.315749740271589,-0.04196308587940528
4.322545932010104,-0.042200595416351225
4.329342058657621,-0.04243925436372549
4.3361381459349735,-0.0426790973063223
4.342934182098636,-0.04292010088854966
4.349730189752052,-0.04316227622372814
4.356526160574222,-0.043405610101222396
4.363322095903589,-0.04365011265051175
4.370117993735625,-0.04389577682469783
4.376913852252495,-0.04414262635168385
4.383709644415563,-0.044390620498723006
4.390505395506925,-0.04463979756727633
4.397301093785937,-0.04489013477715731
4.4040967618664775,-0.04514164391845863
4.41089239139108,-0.04539431229114874
4.4176879837259,-0.04564815030652164
4.4244835426149285,-0.045903155315196155
4.431279055177169,-0.046159338712148515
4.438074499521956,-0.04641667117396566
4.444869901271509,-0.046675187270030345
4.451665248727948,-0.04693486359371517
4.458460564474755,-0.0471957113919121
4.465255840193257,-0.04745771750565196
4.4720510771933375,-0.047720892101399626
4.47884627917022,-0.047985232410551394
4.485641442274476,-0.0482507539637346
4.492436532365794,-0.048517413733610244
4.499231575184566,-0.04878526479690126
4.506026559013271,-0.04905427332170824
4.512821509434467,-0.049324454138567994
4.519616418109817,-0.049595794190082365
4.526411286410301,-0.04986830378495183
4.533206112409818,-0.05014197594099316
4.540000894214383,-0.050416834281176076
4.546795607974986,-0.05069283577902819
4.553590275914405,-0.05097002449617456
4.56038488960939,-0.051248364182026725
4.567179461828662,-0.051527888109859976
4.573973991117558,-0.05180856366952462
4.580768478430917,-0.052090407573873024
4.587562927505583,-0.052373417010061735
4.594357325391713,-0.052657603447272334
4.601151650278103,-0.05294293781702744
4.6079459276327315,-0.053229455295250964
4.6147401457635855,-0.053517132999890506
4.621534327288493,-0.05380598278279362
4.628328463928488,-0.05409599175659612
4.635122556993048,-0.05438717016007684
4.641916610235169,-0.05467951513823524
4.648710620518864,-0.05497302849603933
4.6555045635009416,-0.05526771450941111
4.662298455088655,-0.05556356808510442
4.669092271917461,-0.05586057095097264
4.6758860393496064,-0.05615875776857434
4.682679750483014,-0.05645809496255007
4.68947342444454,-0.05675860623407752
4.696267056764982,-0.05706029880079641
4.703060643496657,-0.05736314041731418
4.709854182926278,-0.057667149143285704
4.716647678907566,-0.05797232531025973
4.723441127473207,-0.05827868207014008
4.730234498769654,-0.058586179811580985
4.7370278171567,-0.058894866387446676
4.743821062690556,-0.05920471205727591
4.7506142497558645,-0.059515721960093804
4.757407380129608,-0.059827908413162253
4.764200464666157,-0.06014125025809593
4.770993500235411,-0.0604557592841226
4.7777864907429235,-0.060771434994082336
4.784579437341817,-0.06108827591303529
4.791372339541154,-0.06140628627674756
4.798165197005249,-0.06172547771557282
4.804958005773484,-0.06204581823877519
4.811750739190763,-0.062367318042091946
4.818543408768262,-0.06268999763629785
4.825336021937594,-0.06301384554472729
4.83212855547248,-0.06333884332858591
4.838921024611378,-0.06366502179654777
4.845713447018387,-0.0639923595361992
4.852505823223091,-0.0643208684165159
4.859298152997343,-0.06465055897486811
4.866090432600608,-0.06498139859945008
4.87288266021821,-0.06531340502453073
4.879674839671233,-0.06564657812289613
4.886466966910276,-0.0659809306487781
4.893259012254057,-0.06631642266742403
4.900050999798906,-0.06665310212222376
4.906842909680076,-0.06699093931944065
4.9136347562659735,-0.06732993983028286
4.9204265553590245,-0.06767010611601751
4.927218306228239,-0.06801143857578754
4.934010008122123,-0.06835395201461263
4.940801660126471,-0.0686976282111105
4.94759325784652,-0.06904246298247385
4.954384781620081,-0.06938846805010764
4.961176232205086,-0.06973563332900526
4.967967623368037,-0.07008397567236603
4.974758937194625,-0.0704334664986014
4.981550199130449,-0.07078414627104135
4.98834140228377,-0.0711359768919984
4.995132553907367,-0.07148897417688578
5.001923655152367,-0.07184313641166364
5.008714705526495,-0.07219846783989031
5.015505704712391,-0.07255498028484102
5.022296637339264,-0.07291263869858347
5.029087504445643,-0.07327147574051102
5.035878285728528,-0.07363145566320319
5.042669003320345,-0.07399262724759827
5.0494596460656584,-0.0743549559134722
5.056250239440642,-0.07471845645070958
5.06304077525428,-0.0750831152846534
5.06983125472799,-0.0754489423208182
5.076621681666944,-0.07581593461512277
5.083412055874039,-0.07618409186011128
5.090202359783112,-0.07655342806167349
5.096992908243649,-0.07692432246282367
5.1037838375838085,-0.07729892622036857
5.1105743347852295,-0.07767791797916396
5.117364021381112,-0.07805967107152834
5.124153266994083,-0.07844198567195634
5.130942811050573,-0.0788248488436686
5.137732431774595,-0.07920934949319719
5.1445217614235865,-0.07959524713608945
5.151311017324753,-0.0799819792006729
5.158100343244818,-0.08036982795503539
5.164889883666889,-0.08075948401535732
5.17167975640795,-0.08115275624787377
5.178469162916778,-0.08155035583254115
5.185258121726602,-0.0819511773596145
5.192047065056888,-0.08235511238487231
5.1988358971152575,-0.08276277869377333
5.20562440468818,-0.08317410395467054
5.212412690177922,-0.0835887529730864
5.2192008395359535,-0.08400684305021984
5.225988757410335,-0.08442852160130868
5.232776408719127,-0.08485372333393836
5.239563847131022,-0.08528236172084636
5.246351064755432,-0.08571448005847361
5.253138048959941,-0.08615015334207339
5.259924803869172,-0.08658928797372509
5.266711349160478,-0.08703190986575624
5.273497677688744,-0.08747803771080326
5.280283779621952,-0.08792766496533828
5.287069658480023,-0.08838081249134597
5.2938553140731885,-0.08883741696262494
5.3006407223739975,-0.08929750653122032
5.307425884418029,-0.08976112001948243
5.31421079471892,-0.09022822759305764
5.320995446726024,-0.0906987842190487
5.327779861553694,-0.09117288292871623
5.334564012328598,-0.09165043400752276
5.341347932652415,-0.0921314965160494
5.348131612827448,-0.09261609145838373
5.354915050999693,-0.0931041448086251
5.361698241715884,-0.09359569688379313
5.368481187276624,-0.09409074778134634
5.375263887286456,-0.09458929287948187
5.382046332666988,-0.09509136022690547
5.388828496834788,-0.09559686764416302
5.3956103907990585,-0.0961059140989976
5.402392014547381,-0.0966184530342631
5.409173358155594,-0.09713444523298305
5.41595443567148,-0.09765396431287146
5.422735248127943,-0.09817695700962581
5.429515798785449,-0.09870344646017039
5.436296087737129,-0.09923342846185088
5.443076111307538,-0.09976690681706672
5.449855867591109,-0.10030391524190117
5.45663535516463,-0.10084438115988523
5.463414567967834,-0.10138834511820395
5.470193489210247,-0.10193582748187449
5.476972111375562,-0.10248675685143066
5.483750447563116,-0.10304122772562532
5.490528475867555,-0.10359913852163223
5.497306206105624,-0.10416058701086488
5.504083656206903,-0.10472550549838984
5.510860824413219,-0.10529391442566369
5.517637704798886,-0.10586582958741275
5.524414300478799,-0.10644124515667115
5.531190605042457,-0.10702012560285568
5.537966616220355,-0.10760250505051087
5.544742327100888,-0.10818837880553482
5.5515177181515964,-0.1087777411371095
5.558292800836778,-0.10937061227279019
5.565067556129264,-0.10996693853459133
5.571842002433569,-0.11056679801577106
5.578616147079196,-0.11117012884041919
5.585389990382165,-0.11177695021175697
5.592163528400189,-0.11238726364844424
5.598936759374203,-0.11300110151801258
5.605709682716227,-0.11361839045848957
5.612482267413716,-0.11423915148102244
5.619254521100975,-0.11486343604461643
5.6260264545153476,-0.11549121720578406
5.632798050947837,-0.11612244204436596
5.639569334481554,-0.11675717249830342
5.646340298018527,-0.11739539501300847
5.65311093987731,-0.1180371424137226
5.659881248804,-0.11868233514649745
5.666651217673806,-0.11933104733821803
5.6734208323196444,-0.11998320252113183
5.680190113778627,-0.12063889764713563
5.686959047905558,-0.1212980477726664
5.693727656601077,-0.12196069267133308
5.70049593100623,-0.12262682633701026
5.707263869351516,-0.12329648100742217
5.714031471774967,-0.12396958332460173
5.720798721384311,-0.12464616929299226
5.727565620014825,-0.12532626075224715
5.734332147062987,-0.12600979911561194
5.741098310030605,-0.12669686115885306
5.7478641131363934,-0.12738740995936793
5.75462956636222,-0.12808142095963923
5.761394666649194,-0.12877892688510556
5.76815941716189,-0.12947991885669557
5.774923816408437,-0.130184396182211
5.781688153340288,-0.13089282120878482
5.788452473536505,-0.13160724177344066
5.795215863744498,-0.1323283845783737
5.8019783580801265,-0.13305496273155026
5.808740462972712,-0.13378697050917446
5.815502009193442,-0.13452504481739927
5.822262787086798,-0.13526908506319266
5.829022924520531,-0.1360187242587399
5.835782503682916,-0.1367741405624552
5.842541409538813,-0.1375354735103176
5.849299609262331,-0.13830261079857767
5.856057155327414,-0.13907544576061787
5.862814048009425,-0.1398541304183926
5.869570261877977,-0.14063864093803488
5.876325803628919,-0.14142893024291214
5.883080685924355,-0.1422250068262725
5.88983488427527,-0.14302691209019427
5.89658839914955,-0.14383462412003195
5.903341204381687,-0.1446480765712649
5.9100932945762175,-0.14546736625993742
5.916844680408879,-0.14629243862498217
5.923595346941649,-0.14712330728175044
5.930345309591716,-0.14795996014547255
5.937094562887441,-0.1488024065186799
5.9438430892461795,-0.14965066080322464
5.950590890054246,-0.15050469446804451
5.957337941578053,-0.151364547630074
5.9640842435882995,-0.1522301353507774
5.970829795974363,-0.15310157314579959
5.977574595134191,-0.15397876594391322
5.984318650859229,-0.1548617661319277
5.991061957042361,-0.15575055768786011
5.997804496362682,-0.15664515378533303
6.0045462795276014,-0.15754554122295256
6.011287285375918,-0.1584516868119784
6.018027503733664,-0.15936365103600417
6.024766925108851,-0.16028135162156945
6.031505535196789,-0.16120487637200903
6.038243352704579,-0.16213417382250833
6.044980372816244,-0.1630692634719916
6.051716594711942,-0.16401012229369336
6.058452014637805,-0.1649567725699917
6.065186630191298,-0.1659092078822125
6.071920430027289,-0.16686743109204888
6.078653409173081,-0.1678314672755113
6.085385557210114,-0.1688012336270214
6.092116857982114,-0.16977681910120831
6.098847304134525,-0.17075815187916693
6.105576898606903,-0.17174529578450626
6.112305634818217,-0.1727382066001127
6.119033527411302,-0.17373690287558574
6.12576056928913,-0.1747413502645829
6.132486751381985,-0.17575158575187094
6.139212074420674,-0.1767675950286005
6.145936533458729,-0.17778937785151172
6.152660093912085,-0.17881694185381036
6.1593827588860774,-0.1798502982393298
6.166104529149927,-0.18088936843064035
6.17282539643403,-0.1819342673801353
6.179545358516078,-0.1829848966145718
6.186264424289107,-0.18404131751553102
6.192982582645217,-0.18510353948724567
6.19969984363739,-0.1861714931517172
6.206416189537814,-0.18724522136929142
6.213131619554943,-0.18832472307347334
6.219846131081084,-0.18940999004112097
6.22655969436369,-0.1905010257472852
6.233272304136858,-0.1915978168060271
6.239983961477016,-0.1927003642351243
6.246694659771203,-0.19380868197908208
6.253404402153872,-0.19492275171322013
6.260113199352896,-0.19604258492240728
6.266821029683682,-0.19716819447036155
6.273527905139266,-0.1982995681707287
6.280233817244819,-0.19943667826501085
6.286938751024984,-0.20057954684026397
6.2936426730105355,-0.20172819854995755
6.300345601260728,-0.20288261689058676
6.307047537808011,-0.2040427418348594
6.313748482456335,-0.20520864653267576
6.320448420365559,-0.2063803163396243
6.3271473637444045,-0.20755773990421014
6.333845304558961,-0.20874088849001723
6.340542226287648,-0.20992979377556528
6.3472381141333,-0.21112445813029646
6.353932958987615,-0.21232486026887532
6.360626767726667,-0.21353101203891905
6.367319544241323,-0.2147429061357112
6.3740112736730365,-0.21596056533759697
6.380701968962502,-0.2171839748845147
6.387391622487356,-0.21841310628343827
6.394080217727435,-0.2196479908237757
6.400767738553808,-0.22088862993291172
6.407454178144349,-0.22213500055185084
6.414139542263408,-0.2233871132439861
6.420823834341934,-0.22464495909086368
6.4275070399442304,-0.22590855971933393
6.434189171885967,-0.22717789944165812
6.440870223007598,-0.22845294953974918
6.447550181506823,-0.22973374838206123
6.454229035347959,-0.23102028135080163
6.460906771993901,-0.23231254167738905
6.467583382489672,-0.2336105512351631
6.47425887867397,-0.23491426252681058
6.480933244603387,-0.23622373947291017
6.487606497824231,-0.23753894814869542
6.494278631160116,-0.2388598631004983
6.5009496324580756,-0.2401865218323795
6.507619479433046,-0.2415189285047208
6.514288176766759,-0.24285700672736074
6.520955707684568,-0.2442008586604139
6.527622083226425,-0.24555039893795677
6.5342872965938765,-0.24690568606812557
6.5409513565825925,-0.24826669828160797
6.547614257842881,-0.2496334055520246
6.554275987662411,-0.2510058463829987
6.560936547528747,-0.25238400687332146
6.567595908836554,-0.2537678963910749
6.574254071473563,-0.2551574705091421
6.580911017841352,-0.25655278898761535
6.5875667616786755,-0.2579538443728
6.594221302092439,-0.25936055734736363
6.600874641198679,-0.26077301050038415
6.60752677118961,-0.262191180726076
6.614177677395735,-0.26361509127953314
6.620827380993273,-0.2650446735182844
6.627475858793813,-0.2664799701346102
6.634123106415084,-0.2679209724799214
6.640769096625878,-0.26936769365137636
6.647413830283684,-0.2708201338485245
6.654057315067637,-0.2722782159835974
6.660699529599913,-0.2737420580143625
6.667340733744369,-0.2752120118296441
6.673980735179815,-0.276690252894032
6.680618578450905,-0.2781773428526247
6.687254399256218,-0.2796720673805964
6.69388871170584,-0.2811743744624342
6.700521273223205,-0.2826849401215589
6.707151829860921,-0.28420362970911833
6.7137805629958365,-0.285730069094712
6.720407534946363,-0.2872644571093602
6.727032627251261,-0.28880691176905665
6.733655804056952,-0.29035733372951583
6.740277157783105,-0.29191562685830447
6.746896657895338,-0.29348190720984463
6.753514263514833,-0.29505617044375015
6.760129976292906,-0.2966383691666504
6.766743781963932,-0.298228528604572
6.77335569252447,-0.2998266004935117
6.779965651154215,-0.30143266973622157
6.786573680622488,-0.30304661612891803
6.79317973789433,-0.3046685355187887
6.799783853569093,-0.30629839554351485
6.8063859830028965,-0.3079362104823268
6.812986167610533,-0.30958192307083066
6.819584372690413,-0.3112355882031727
6.826180595899588,-0.31289718413914175
6.8327748288312575,-0.3145667067386241
6.839367042646575,-0.31624416732809957
6.8459572368403565,-0.31792951781978596
6.8525453853109415,-0.3196228193105223
6.859131498657631,-0.3213239933380573
6.86571552519951,-0.32303310376619715
6.8722975174167855,-0.3247501309725368
6.878877416754074,-0.32647508942294934
6.885455271396184,-0.32820792041506125
6.892031041827205,-0.3299486680475037
6.898604722640406,-0.3316973314309382
6.905176307763638,-0.333453899431647
6.911745759334527,-0.335218383675659
6.9183130981360765,-0.33699071942821446
6.924878262636493,-0.33877097051938976
6.931441276487711,-0.34055913342077226
6.938002149072704,-0.34235512737385004
6.944560862999241,-0.3441590379435289
6.951117391283608,-0.34597084462506655
6.957671749362509,-0.3477905243987539
6.964223934098283,-0.3496180614816695
6.970773920068212,-0.3514534952704273
6.97732170619469,-0.3532968048506238
6.9838672536712885,-0.3551480100744998
6.990410584617307,-0.357007024756692
6.996951640109022,-0.35887393418398894
7.003490434557165,-0.3607487345343709
7.0100269850988015,-0.36263132889874256
7.016561271707359,-0.3645218149785078
7.023093288170913,-0.3664201607775791
7.029622997166011,-0.36832637775615135
7.036150446493275,-0.37024040566879796
7.042675594178679,-0.3721622883723552
7.049198118831902,-0.37409157773942636
7.0557188847837935,-0.3760265739715925
7.062238107408983,-0.37796889052756116
7.068754680779422,-0.37992023936417124
7.075268551365371,-0.38187946792224087
7.081780311174655,-0.3838458559984
7.088289856961256,-0.3858201969770866
7.09479685945974,-0.38780271182090753
7.10130145154857,-0.3897928848790922
7.1078037262346445,-0.3917907338494321
7.114303569276938,-0.3937965537924623
7.120800660863464,-0.39580967206210943
7.127295657619976,-0.39782805187960907
7.133789367619863,-0.3998511454186952
7.140281434085087,-0.40188019401266284
7.146771825490736,-0.4039157112981338
7.1532601029160405,-0.4059589614756541
7.159745628952147,-0.4080107776581692
7.166228537210828,-0.4100702549200289
7.172709171162274,-0.4121370928610373
7.179187346491945,-0.41421192832919007
7.18566287988942,-0.4162947382459221
7.1921359566348055,-0.41838515683118577
7.198606264518402,-0.4204828018334524
7.205074437475574,-0.42258584059162935
7.2115411879550155,-0.42469356410386583
7.218006212697586,-0.42680716262823093
7.224469165202347,-0.4289267157129622
7.230930314710555,-0.4310514990757979
7.237389727523629,-0.43318170552599533
7.243847578929494,-0.4353181392278194
7.250303160415301,-0.43746265874348783
7.256755770952798,-0.4396157083868309
7.263205710893205,-0.4417761463762609
7.269653312420685,-0.44394399646794996
7.276098279968938,-0.44611988821994525
7.282540263422658,-0.448303170794519
7.288979958219993,-0.45049143541888526
7.295418305447111,-0.4526844078700799
7.301854828160696,-0.4548833533153953
7.308289109818362,-0.4570881911106079
7.314721578918083,-0.45929820539688315
7.321152316799473,-0.46151363428111625
7.32758110311641,-0.46373481443937664
7.334007871374639,-0.46596153909162485
7.340433084499431,-0.468194119238843
7.346856005495268,-0.47043475381992095
7.353275725184375,-0.47268402611631616
7.359692589726839,-0.4749406274147987
7.3661068655435455,-0.4772040055845949
7.372518700816856,-0.47947291358215094
7.378928917072474,-0.48174662501073934
7.385337354115036,-0.48402604245771946
7.3917436475198475,-0.486311270471046
7.398147916828766,-0.48860180732130315
7.404550310286337,-0.4908977091029375
7.410950730250807,-0.49319927601781804
7.417349110658188,-0.4955063182469011
7.423745533444327,-0.49781879585075556
7.430140011084143,-0.5001367676041232
7.436532647859142,-0.5024607773684647
7.442923016535157,-0.5047927978368038
7.4493100788068745,-0.5071332804165161
7.455693960969823,-0.5094806009755344
7.462075633608601,-0.5118326753168678
7.468455776340835,-0.5141897076299843
7.474833903359208,-0.5165527314878295
7.481209711502169,-0.5189213995873169
7.487583546436856,-0.5212952338826172
7.49395552117474,-0.5236745007569734
7.500325367583416,-0.5260594130464469
7.506693074614478,-0.5284497718054455
7.513058786632381,-0.5308455022536872
7.51942244985421,-0.5332467263474844
7.525784027405872,-0.5356534621481007
7.53214354139762,-0.5380656273726838
7.538500982107035,-0.5404832700416705
7.544856376757571,-0.542906356603059
7.551209682051287,-0.5453349077968501
7.557560909959842,-0.5477688927687198
7.5639100156198085,-0.5502083509183529
7.570257016163591,-0.5526532715737564
7.576601921875025,-0.5551035947952326
7.582944698750945,-0.5575593841265409
7.58928538193041,-0.5600206175270973
7.59562395768341,-0.562487296266238
7.6019604248926465,-0.5649594164080628
7.608294758057828,-0.5674369927126636
7.614626973957553,-0.5699200138749245
7.62095706521233,-0.5724084389523729
7.627285000374641,-0.5749023302924677
7.633610800726916,-0.5774015982061484
7.639934412504566,-0.5799063392485405
7.646255881360297,-0.5824164932559256
7.652575193431486,-0.5849320869900623
7.65889235550947,-0.5874530887908045
7.6652073581008,-0.5899795210975696
7.671520200550606,-0.5925113756234343
7.677830875118783,-0.5950486534267753
7.684139349223132,-0.5975913804346685
7.690445663677007,-0.6001394639663172
7.696749762459209,-0.6026929978319703
7.703051671959182,-0.6052519005123288
7.709351345496954,-0.6078162422625649
7.715648827956057,-0.6103859870993077
7.721944103091785,-0.6129611495097056
7.728237184682908,-0.615541691512142
7.734528050856407,-0.6181276504379571
7.74081670561675,-0.6207190122186181
7.7471031412645415,-0.6233157648078398
7.753387312143089,-0.6259179316197966
7.7596692483695975,-0.628525490233596
7.765948946826626,-0.6311384060344102
7.772226380438893,-0.6337567551121104
7.778501588648431,-0.6363804560753853
7.78477454381092,-0.6390095581039665
7.791045250361272,-0.6416440469593172
7.797313674802933,-0.6442839461861447
7.80357984399211,-0.6469291712703803
7.809843720209046,-0.6495798121489799
7.816105322485537,-0.6522357949246452
7.822364622687181,-0.6548971971105179
7.828621660861697,-0.6575639371770472
7.834876408970302,-0.6602360637561182
7.841128871615822,-0.6629135620649607
7.847379044612027,-0.665596429509643
7.853626883081222,-0.6682846698595736
7.859872402090147,-0.6709782854150701
7.866115624350656,-0.673677206241927
7.872356497416436,-0.6763815262234639
7.878595070933565,-0.679091176828662
7.884831316587094,-0.6818061965025154
7.8910652397762755,-0.6845265718494234
7.897296836393422,-0.6872523006658542
7.903526066736567,-0.6899834003134393
7.909752968519928,-0.6927197991536467
7.915977480302256,-0.6954615764339573
7.922199631651021,-0.6982087017948782
7.928419445049316,-0.7009611404952895
7.934636893758847,-0.7037189329242585
7.940851983326152,-0.7064820650835394
7.94706470969125,-0.7092505341910456
7.95327503263174,-0.7120243571390573
7.95948299114771,-0.7148034612249429
7.965688522313268,-0.7175879260913458
7.971891657916519,-0.7203777349467266
7.978092421095523,-0.7231728143208734
7.984290778613639,-0.7259732419651955
7.990486740849743,-0.7287789931706193
7.996680303776753,-0.7315900655357621
8.002871422253163,-0.7344064958702033
8.00906014955353,-0.7372281667423336
8.01524641900045,-0.740055191823958
8.021430275798181,-0.7428874980192027
8.027611665041881,-0.7457251493547037
8.033790639942167,-0.7485680887513536
8.039967182359673,-0.7514163350934958
8.04614128881193,-0.754269885056072
8.052312930390933,-0.7571287517342571
8.05848212015011,-0.7599928963875386
8.064648830070691,-0.7628623565238452
8.07081308547279,-0.7657370654985426
8.076974844466237,-0.7686170898949322
8.083134143683031,-0.7715023998797397
8.089290974472656,-0.7743929992760272
8.09544533282819,-0.7772888867021871
8.10159719034828,-0.7801900758354446
8.107746559515913,-0.7830965281116347
8.113893412320575,-0.7860082806946966
8.120037774524775,-0.7889252661722757
8.12617960436379,-0.7918475506273208
8.132318937883602,-0.7947751032518805
8.138455766930543,-0.7977079272189138
8.144590087333134,-0.8006460204926833
8.150721870989766,-0.8035893963113887
8.156851135069498,-0.8065380432229979
8.162977880554555,-0.8094918963924002
8.169102041302803,-0.8124510505249664
8.175223659729827,-0.8154154629016821
8.181342742010465,-0.8183850943746858
8.187459279373108,-0.821359997455583
8.193573271914401,-0.824340154330993
8.199684691824816,-0.827325578679178
8.205793554390084,-0.8303162401327199
8.211899826685896,-0.8333121662430828
8.218003544293243,-0.8363132684166606
8.22410464806481,-0.8393196711626021
8.23020318653364,-0.8423312668353243
8.236299144139855,-0.8453481148831897
8.242392520853876,-0.84837019704919
8.248483289223872,-0.8513975266761269
8.254571465094703,-0.8544300926314415
8.26065705153122,-0.8574678507545256
8.266740004088064,-0.8605108656057221
8.272820358092746,-0.8635590431556407
8.278898044792498,-0.8666124855758339
8.284973120013793,-0.8696711270148377
8.29104556464881,-0.8727350020550196
8.297115391461833,-0.8758040728517098
8.303182587714359,-0.8788783636440031
8.309247153348453,-0.8819578661093427
8.315309080179794,-0.885042580290523
8.321368332619956,-0.8881325324807169
8.327424964514597,-0.8912276246576156
8.333478903374335,-0.8943279528369955
8.33953019230156,-0.8974334296677214
8.345578767205026,-0.9005441319841389
8.351624684212048,-0.9036600188262442
8.357667922839228,-0.9067811095044571
8.363708502463757,-0.9099073626692585
8.369746396657376,-0.9130388163256677
8.375781610605559,-0.9161754571691757
8.381814140420731,-0.9193172825440596
8.387843943782771,-0.9224642964769342
8.39387102878387,-0.9256164986174863
8.399895427546477,-0.9287738090675698
8.405917076796175,-0.9319363510446501
8.411936027832983,-0.9351040088062275
8.417952260011235,-0.9382768568706062
8.423965741290148,-0.9414549045520362
8.429976531799307,-0.9446380754422313
8.435984589561548,-0.9478264120226163
8.441989914001104,-0.9510199138715423
8.447992510920981,-0.9542185592150391
8.45399231430669,-0.9574223824232718
8.459989367547127,-0.9606313554064596
8.465983681816855,-0.9638454169968661
8.471975189818362,-0.9670646796249021
8.477963951482765,-0.9702890589815906
8.483949955193264,-0.9735185869712993
8.489933173783134,-0.9767532722240949
8.495913619866911,-0.9799931034747205
8.501891306165778,-0.9832380430070858
8.50786620299224,-0.986488117273826
8.513838287926419,-0.9897433335173254
8.519807571705998,-0.9930036505340516
8.525774046073183,-0.9962690916914659
8.531737692735527,-0.9995396830566936
8.53769855316882,-1.002815342604346
8.54365660040055,-1.0060961412820766
8.549611839435656,-1.0093820579345496
8.555564262409844,-1.0126730933896682
8.561513833657195,-1.0159692756312142
8.567460612530267,-1.0192705290812651
8.573404552454047,-1.0225768857126774
8.579345631826905,-1.0258883692196068
8.58528388236317,-1.0292049034704085
8.591219232721947,-1.0325265711703118
8.59715172782922,-1.0358533347645908
8.603081389587619,-1.0391851616297108
8.609008188597407,-1.0425220911639617
8.614932131202584,-1.0458641099540054
8.62085321357182,-1.049211215376842
8.626771391599735,-1.052563445268374
8.63268672262146,-1.0559206770621403
8.63859913208701,-1.0592830286321604
8.644508674919926,-1.0626504223761628
8.650415282493592,-1.0660229305153068
8.656319019661051,-1.069400489831458
8.66221986480551,-1.0727831219758732
8.668117814597009,-1.0761708231204574
8.674012741571271,-1.0795631172510756
8.679905463526854,-1.0829579537547454
8.685797080732598,-1.0863551392690656
8.691687051209026,-1.0897557399952
8.697574856289233,-1.0931596883131578
8.703460968137463,-1.0965663599068007
8.709345534804948,-1.0999759798803057
8.715228278571525,-1.1033888263424216
8.721109142233535,-1.1068047474970624
8.726988343357293,-1.1102235155679587
8.732865777923852,-1.113645387287007
8.738741421495307,-1.1170703023950852
8.744615258249771,-1.120498257929077
8.750487378162168,-1.123929201135523
8.756357734651964,-1.1273631955755687
8.762226317270823,-1.130800224550944
8.768093121915934,-1.1342402851483768
8.773958167828129,-1.1376833675874973
8.779821417719504,-1.1411294824284386
8.78568289985912,-1.144578561267703
8.791542578958548,-1.148030695567752
8.797400492297767,-1.1514858366649288
8.803256631360727,-1.154944000849566
8.809110998260095,-1.1584051833654434
8.814963572947622,-1.1618694028972725
8.820814364453192,-1.1653366248625734
8.826663353905502,-1.168806872689983
8.832510561257441,-1.1722800894999745
8.838355956351812,-1.1757563525016308
8.844199574240086,-1.1792356141207638
8.850041407833995,-1.1827178900005924
8.85588145739412,-1.1862031778230475
8.861719702209744,-1.1896914951332718
8.867556161261604,-1.1931828287885176
8.873390826046277,-1.1966771120873803
8.879223656057633,-1.2001744419394003
8.885054684402101,-1.2036747694251224
8.890883911352377,-1.2071780581086482
8.896711317500335,-1.2106843929943443
8.902536939821337,-1.2141937028716159
8.908360756792218,-1.217706017952835
8.914182770886077,-1.221221339025238
8.92000298388073,-1.2247396623489861
8.92582139083822,-1.2282609903014161
8.931637967273318,-1.2317853380090913
8.937452727801883,-1.2353126500357092
8.94326566398964,-1.2388429483482677
8.949076765590878,-1.2423762572575172
8.954886053705657,-1.2459125154633959
8.96069350870197,-1.2494518018574308
8.966499151374974,-1.2529940885081192
8.972302986194764,-1.2565393427100822
8.978104997052794,-1.2600875935647453
8.98390518987393,-1.2636388349771965
8.989703535877606,-1.2671930786089751
8.995500056233452,-1.270750258587517
9.00129471272877,-1.2743104581733717
9.007087533516781,-1.2778736505027424
9.012878530948543,-1.2814397771440738
9.018667694637584,-1.2850089081223925
9.024455025740833,-1.2885810280998884
9.030240500406832,-1.2921561663571415
9.036024164976192,-1.2957342507263876
9.041805989306233,-1.2993153175648702
9.047585975511042,-1.302899367485082
9.05336409843285,-1.3064864094225221
9.059140382578372,-1.3100763695849658
9.064914781410163,-1.3136693465251181
9.07068732953805,-1.3172652903693258
9.07645802799546,-1.3208641650087172
9.082226855904645,-1.3244660562721378
9.087993851087612,-1.3280708930884433
9.09375899163323,-1.3316787053474697
9.099522280011508,-1.3352894937486874
9.105283717990943,-1.3389032544399702
9.111043300725873,-1.3425199895294873
9.116801003470366,-1.3461397289545125
9.122556863633282,-1.3497623774814524
9.128310834180542,-1.3533880215350147
9.134062940720014,-1.3570165790583835
9.139813145837026,-1.3606481324417041
9.145561478641682,-1.3642826542191544
9.151307952023767,-1.3679200861206064
9.15705255445128,-1.3715604985559389
9.162795287329143,-1.3752038766124322
9.168536126098722,-1.3788502502568132
9.17427511811394,-1.382499548228423
9.180012232511942,-1.3861518073564696
9.185747471378498,-1.389807028643265
9.191480811584698,-1.3934652320073855
9.1972122797692,-1.397126327550116
9.202941834332126,-1.4007904140877694
9.20866949307514,-1.4044574262411964
9.214395260100497,-1.408127389269194
9.2201191186637,-1.4118003138252029
9.225841108465078,-1.4154761670957443
9.231561206463509,-1.4191549716545555
9.237279415568592,-1.42283672795463
9.24299573765707,-1.4265214322090842
9.248710167812856,-1.4302090870610589
9.25442268048904,-1.4338997230865216
9.260133316810585,-1.4375932571829702
9.265842028472326,-1.4412897584051796
9.271548843804847,-1.4449891448250343
9.277253720537779,-1.4486915142171748
9.282956689751789,-1.4523967970639933
9.288657744004938,-1.4561050182028705
9.294356899760935,-1.4598161747116092
9.300054147902069,-1.4635302740211715
9.305749464720892,-1.4672473455231858
9.311442898979582,-1.4709673172863902
9.317134419303647,-1.4746902255571976
9.322824027734818,-1.4784160711430325
9.328511726732264,-1.4821448384004283
9.334197471129261,-1.4858765602261186
9.339881293773297,-1.4896112030956152
9.345563200246442,-1.4933487171057473
9.3512431423624,-1.497089204346982
9.356921166123152,-1.500832600130878
9.36259726098658,-1.5045789290502163
9.368271435920303,-1.5083281726879898
9.373943685167955,-1.5120803461311392
9.379614010916635,-1.5158354450683837
9.38528240847352,-1.5195934716200172
9.390948851700621,-1.5233544556890137
9.396613318054188,-1.527117814056872
9.402276715059685,-1.5308816570972679
9.407940123840449,-1.534645807740599
9.413602951154752,-1.538411371031554
9.419264745976118,-1.5421781201054239
9.42492591258823,-1.545945585601047
9.430586661045067,-1.5497139216281874
9.436246681337314,-1.553483430510989
9.441905947698244,-1.5572539424367138
9.4475646655416,-1.5610252971747438
9.45322276843492,-1.5647976616574686
9.458880182379861,-1.5685710524441068
9.464536951661461,-1.57234538733158
9.470193069748284,-1.5761206908732386
9.475848537134897,-1.5798969798204565
9.48150333831496,-1.583674206621488
9.487157468625554,-1.5874524213641448
9.49281096083178,-1.5912315991502484
9.49846380160875,-1.5950117550291967
9.504115996655399,-1.5987928796033373
9.50976755228633,-1.602574978045329
9.515418467659712,-1.6063580544680007
9.52106873324779,-1.6101421128028972
9.526718351759007,-1.6139271600544955
9.532367335375584,-1.6177131653882693
9.53801566229135,-1.6215001279473167
9.543663323159247,-1.6252880790309254
9.549310323444853,-1.6290769908607845
9.554956668309476,-1.6328668415700085
9.560602349823252,-1.6366576822962344
9.56624738441564,-1.6404494733039914
9.571891771438711,-1.6442422494202367
9.577535510904813,-1.6480360120067183
9.583178613032022,-1.6518307316774752
9.588821067549226,-1.6556264229202384
9.594462877756703,-1.65942308773833
9.600104043206029,-1.663220717710552
9.605744535895374,-1.667019328037013
9.611384376296993,-1.670818899937195
9.617023556078156,-1.674619403562107
9.622662064508347,-1.6784208993608642
9.628299935421428,-1.682223354065871
9.633937162032694,-1.6860267806213078
9.639573733631424,-1.6898311929548828
9.645209665422449,-1.693636572263668
9.65084495267917,-1.6974429137801537
9.65647958491423,-1.7012502090815207
9.662113544807346,-1.7050584882044963
9.667746846727482,-1.7088677266372394
9.673379490958439,-1.7126779042858362
9.679011472438871,-1.7164890664209564
9.684642809082431,-1.7203011865376905
9.690273498283078,-1.724114277592926
9.695903542577046,-1.7279283394035256
9.701532936111867,-1.7317433768707793
9.707161678749618,-1.735559397372137
9.712789780275566,-1.7393763727456883
9.718417211698775,-1.7431942972632797
9.724043976289522,-1.7470131936221496
9.729670082677321,-1.7508330574888997
9.735295521969633,-1.7546538590669003
9.740920306458642,-1.7584756495326221
9.74654444656101,-1.7622983953568128
9.752167935170332,-1.7661221108237335
9.757790776908575,-1.7699467956394097
9.763412971847954,-1.7737724495932212
9.769034494108759,-1.7775990760184646
9.77465535220894,-1.7814266587643277
9.780275553330577,-1.7852551827473095
9.785895086739194,-1.7890846879258433
9.791513974111657,-1.7929151501559641
9.797132207806328,-1.79674658161659
9.802749793098203,-1.800578982155122
9.808366730173384,-1.8044123514367374
9.813982993167816,-1.8082466926093361
9.819598590723672,-1.8120819893026172
9.825213530045652,-1.8159182262346198
9.83082780033371,-1.8197554431805165
9.836441423314422,-1.8235936159348023
9.842054391291821,-1.8274327566402315
9.847666709480283,-1.831272865255126
9.85327837797097,-1.835113941621916
9.858889370827885,-1.8389559891082299
9.864499696634109,-1.8427989915669978
9.870109362601145,-1.846642933957096
9.875718357868452,-1.850487856153317
9.881326704238061,-1.8543337339911121
9.88693439406758,-1.8581805795337922
9.892541432658234,-1.862028392638527
9.89814782017909,-1.8658771729778114
9.903753530710262,-1.869726923679185
9.909358572946996,-1.8735776283600887
9.914962954114081,-1.8774292718016796
9.920566663287048,-1.8812818937555857
9.926169722300477,-1.8851354700442866
9.931772123439712,-1.8889900127728199
9.937373871925983,-1.8928455219625722
9.942974967833663,-1.8967019975100385
9.94857539292261,-1.900559453232557
9.954175149623076,-1.904417837369751
9.95977423097695,-1.908277188495555
9.965372643505157,-1.912137504483366
9.970970403076297,-1.9159987739844782
9.9765675032957,-1.9198610096137074
9.982163949522052,-1.9237242111263069
9.987759741916383,-1.927588378230491
9.993354854478692,-1.9314535140678541
9.998949295963417,-1.9353196022221992
10.004543073655475,-1.9391866274703162
10.010136176509612,-1.943054629584378
10.01572862646573,-1.9469235843998582
10.021320415778257,-1.9507935040191537
10.026911549671539,-1.9546643885307573
10.032502028200494,-1.9585362378851958
10.038091835216923,-1.9624090720205216
10.043680975451672,-1.9662828246727515
10.049269438783316,-1.9701575572790015
10.054857226110284,-1.9740332414597932
10.060444346057999,-1.977909863240471
10.066030802409117,-1.9817874524188936
10.071616592737067,-1.9856660227944256
10.077201731189138,-1.9895455415020389
10.082786207308919,-1.9934260223038858
10.088370024271773,-1.9973074672451765
10.093953183831164,-2.0011898756146698
10.099535664396623,-2.0050732501040374
10.105117467471732,-2.00895756593271
10.11069859600614,-2.0128428263165454
10.116279054464043,-2.016729064574997
10.121858840733234,-2.0206162298151438
10.127437970145568,-2.0245043688846702
10.133016428551448,-2.0283934852028107
10.138594231904406,-2.032283559847489
10.144171375480719,-2.036174588200803
10.149747855091718,-2.0400665794027346
10.155323656237828,-2.043959534317528
10.160898782831895,-2.0478534122181085
10.166473225895045,-2.0517482691481246
10.172047002708323,-2.0556440656009576
10.177620101848552,-2.0595408270215927
10.183192541698054,-2.0634385415612133
10.188764321282841,-2.0673372176003952
10.194335434877411,-2.071236859933447
10.19990588231847,-2.075137475767294
10.205475673708378,-2.0790390374850376
10.211044789447753,-2.0829415411407006
10.216613220457297,-2.086845018238966
10.222180970879222,-2.0907494432523985
10.227748050966964,-2.094654801186757
10.233314449481616,-2.098561131702065
10.238880188663408,-2.1024684106975817
10.244445260666886,-2.106376650064891
10.25000967076748,-2.1102858498088706
10.255573419000042,-2.114196009734053
10.261136492935021,-2.1181071434175096
10.266698894741026,-2.122019213271625
10.272260615997435,-2.1259322461057155
10.27782165795095,-2.1298461969580127
10.283382017194915,-2.1337611340804186
10.288941700297308,-2.1376769974900363
10.294500715065833,-2.141593844147203
10.300059070810185,-2.145511634713696
10.305616757465959,-2.1494303832022807
10.311173778269763,-2.15335009168438
10.316730135061464,-2.1572707593735743
10.322285812494913,-2.1611923991642605
10.327840812685164,-2.1651149503331886
10.33339512018501,-2.169038478621951
10.338948749510017,-2.1729629533900265
10.344501701537904,-2.1768883544864672
10.350053989817924,-2.1808147241901583
10.355605600494439,-2.1847420660210997
10.361156549790756,-2.188670360938129
10.366706832962507,-2.1925996044989255
10.372256445574493,-2.1965298061959486
10.377805372956898,-2.2004609671127957
10.38335361928779,-2.2043930466010258
10.388901183541625,-2.2083261101915133
10.39444806971929,-2.2122600928084877
10.39999427945065,-2.2161950578781267
10.405539826051928,-2.2201309756219643
10.411084705373234,-2.2240678412090573
10.416628907003314,-2.228005646123654
10.422172420783868,-2.231944429103014
10.427715250599572,-2.2358841411411756
10.43325740130481,-2.2398247991208002
10.438798881773172,-2.243766403087918
10.444339680399102,-2.247708982596348
10.449879814973105,-2.2516525132415364
10.455419280824806,-2.255596990845391
10.460958073450447,-2.2595424248721865
10.466496119354785,-2.26348830803193
10.472034448656734,-2.2674327006016672
10.477574141341446,-2.2713755493364767
10.483114569798348,-2.2753178347361307
10.488655268761494,-2.279259443481617
10.494196723257788,-2.28319981255712
10.499739071095856,-2.2871391622590833
10.505282036030104,-2.29107827717734
10.510824671695348,-2.2950187865057043
10.516365960560437,-2.298960790700114
10.521906500616252,-2.302902823999061
10.527447669626909,-2.306843226943899
10.532990124935226,-2.3107823478589147
10.538533214564735,-2.314721482880133
10.54407566846388,-2.318661625238904
10.549617837165465,-2.322600693602272
10.555161464998045,-2.3265377879523768
10.560706095604774,-2.3304742439313824
10.566250894055525,-2.3344102203412858
10.571796293245642,-2.338344930527969
10.577342650173465,-2.3422785209410337
10.582889650670902,-2.3462113642973073
10.588437186723782,-2.3501433065270523
10.593985460460551,-2.354074183009392
10.599534493622896,-2.3580041062364363
10.60508414773664,-2.3619331615354846
10.610634446877008,-2.365861241457779
10.6161854599594,-2.3697883301710316
10.621737124749234,-2.3737144815609157
10.627289442561292,-2.3776396803532815
10.632842443853788,-2.381563908578408
10.638396113873931,-2.3854871887972537
10.643950463176099,-2.389409525325046
10.649505488809524,-2.3933309150211253
10.65506119806803,-2.397251353027774
10.660617602397023,-2.4011708313884834
10.666174658255768,-2.4050893629143637
10.67173238971126,-2.409006927185487
10.677290764368756,-2.4129235394428132
10.682849830825727,-2.4168391855498776
10.68840956034621,-2.4207538856694453
10.693969971073667,-2.4246676374220066
10.699531061799382,-2.42858044102619
10.70509291408935,-2.432492781865703
10.7106543904158,-2.4364060734206765
10.71621544844303,-2.4403185368420472
10.721777799756483,-2.444229000517337
10.727341295943102,-2.4481386647936705
10.73290499508127,-2.452047917607831
10.738469242484587,-2.4559559850943016
10.744034443802464,-2.4598628854661504
10.749600350166554,-2.4637689945829253
10.755166757380795,-2.4676742390091175
10.76073386861801,-2.4715783947701095
10.766301700142735,-2.475481583417583
10.771870176154556,-2.479383867418115
10.777439268208946,-2.4832851940157665
10.78300914932341,-2.48718601948241
10.788578708479983,-2.491087810588545
10.794147816602486,-2.4949888152424586
10.799718237432762,-2.498887802897245
10.805289802041298,-2.5027860145562317
10.810861596855172,-2.5066837905090305
10.81643389351014,-2.510580379859386
10.822007148614075,-2.5144757756540983
10.827581065205464,-2.518370383869412
10.833155483353485,-2.5222641189510173
10.838730603249164,-2.526156780754369
10.844306494834948,-2.530048457196535
10.849883017573697,-2.53393925863252
10.855460174558859,-2.537829102567663
10.86103808965795,-2.5417184769631134
10.866615763783358,-2.5456092998430715
10.872192007695203,-2.5495011911863044
10.877768404747634,-2.5533912491007382
10.883346581376093,-2.557279422593739
10.888925438842131,-2.5611673494482368
10.894504334734949,-2.565054627055009
10.900084062099216,-2.568940492226186
10.905664754735083,-2.572825358776546
10.911245982231662,-2.5767095200906796
10.916827750330498,-2.580592699281202
10.922410306469674,-2.58447478416592
10.927993568196072,-2.5883559536440903
10.933577392663771,-2.592236231006171
10.939161892012212,-2.5961154889823947
10.94474715675833,-2.5999942628083255
10.950332131135966,-2.6038745343234093
10.95591568550032,-2.6077558769247267
10.96149944512305,-2.6116353608928784
10.967084969066914,-2.6155130272276206
10.972671184107453,-2.6193904228644165
10.978257450224797,-2.6232671734031476
10.98384452763254,-2.6271424902562677
10.989432541112993,-2.631016793516884
10.995021086134987,-2.6348903955547454
11.000610154077352,-2.6387629992618424
11.006200013261163,-2.6426345177177737
11.01179058294602,-2.6465051371225092
11.017381767701815,-2.6503748481244553
11.022973636441115,-2.6542440875666284
11.02856532948114,-2.658114703764428
11.034155552563814,-2.6619864475797903
11.039745932115837,-2.665856361247108
11.045338098586312,-2.669724394483622
11.050930940932702,-2.6735921878757174
11.056523866474805,-2.677459319330803
11.062117587005355,-2.6813250571111515
11.067712276090656,-2.6851897653556938
11.073307469504522,-2.689053774538091
11.078903179603804,-2.6929167801024962
11.08449968286808,-2.696778684572716
11.090096869604212,-2.700639683852681
11.095694712439135,-2.704500318291238
11.101292319729817,-2.7083623387630147
11.10688862558188,-2.712225943091424
11.112484131415682,-2.7160895817565938
11.11808023785039,-2.7199515720263676
11.123677640546033,-2.723812209322126
11.129275585352358,-2.7276723614090015
11.13487387546428,-2.7315316325950634
11.140472981389463,-2.7353896716845654
11.14607288966519,-2.7392467893045693
11.15167336818238,-2.743103078509196
11.157274463283322,-2.7469583673473355
11.162876268135367,-2.7508126229815244
11.168478749138414,-2.754665943551204
11.174081844187244,-2.758518328949631
11.179685632581622,-2.762370246364463
11.185289249444905,-2.7662235575227516
11.190891453509026,-2.770078554682533
11.196492894377895,-2.7739335395963036
11.202094990234308,-2.7777868438062816
11.207698373972901,-2.7816388644104406
11.213302301529852,-2.7854903892206853
11.218906570445014,-2.7893410181970437
11.224511645277447,-2.793190403280061
11.230117489212708,-2.7970388509942454
11.23572389556168,-2.8008864710010615
11.241330895439168,-2.804733071526063
11.246938649627365,-2.8085786491441596
11.252547076276006,-2.812423314465922
11.25815612069677,-2.8162670503526015
11.263765894154917,-2.820110317930772
11.269375460015498,-2.8239550136473954
11.274983660756394,-2.827801343070319
11.280591066473116,-2.831647651013318
11.286199077801331,-2.8354923011134185
11.291808397415648,-2.8393356348017353
11.297418217276054,-2.8431784803659625
11.3030284131724,-2.8470204226330944
11.30863941599496,-2.8508611437399556
11.314251228532381,-2.854700927712624
11.319863583471113,-2.858539902718672
11.325476560997496,-2.862377858778216
11.33109026882369,-2.866214788077136
11.336704686018066,-2.870051312328098
11.342318841864433,-2.873889271698458
11.347931582561403,-2.8777288499626983
11.353543612646474,-2.8815683949301016
11.359156259053579,-2.885406293740146
11.364770181789067,-2.889242896890125
11.370384652842391,-2.8930789946061584
11.375999483982465,-2.8969142130950303
11.381615126411052,-2.9007481985231167
11.387231542997263,-2.90458124509726
11.39284851149119,-2.9084134578809504
11.398466074228756,-2.9122446482107716
11.404084361252352,-2.9160748082545407
11.409703315267194,-2.9199040376684224
11.415322947506302,-2.92373285831014
11.42094235039588,-2.9275630872705483
11.426560423206805,-2.931394942828702
11.43217774277345,-2.935226807485655
11.437795673507122,-2.939057010027506
11.443414878265086,-2.9428859075904095
11.449034615451723,-2.9467142980687826
11.45465468236965,-2.950541775570788
11.460275551029481,-2.9543680304184745
11.4658971943842,-2.958193337909808
11.471519408196567,-2.9620178192057622
11.477142234854293,-2.9658412947582624
11.482765795132904,-2.9696637426073718
11.488390080771142,-2.9734857962871786
11.494014099541165,-2.977309310292569
11.49963678927406,-2.981134410884454
11.50525870017334,-2.9849595013335715
11.51088120753878,-2.988782955653316
11.516504990839945,-2.9926050722735926
11.522129349450072,-2.9964272158188034
11.527753178344529,-3.0002508741285046
11.533375790787284,-3.004075311129799
11.538998646579323,-3.0078979971854984
11.544623188303726,-3.0117189169957412
11.550248329926243,-3.0155395537750396
11.555873616213951,-3.019359450442856
11.56149968412455,-3.0231779746518987
11.567126660691146,-3.0269954925861997
11.572754174832701,-3.0308128059047434
11.578381388090117,-3.0346314839077353
11.584007337193139,-3.038451678103547
11.589632565205008,-3.042271932579291
11.595258353834941,-3.0460905725853196
11.600885416956425,-3.049907878285875
11.606513124918084,-3.053725183077128
11.61214019796777,-3.0575435027841573
11.617766945382417,-3.061360762013809
11.623395105586729,-3.065175983224473
11.629024265834081,-3.06899055696167
11.634653590355187,-3.072804653087821
11.640283506440168,-3.0766174977758127
11.645914371441219,-3.0804291983233294
11.65154592060843,-3.0842406511863243
11.657177097987905,-3.0880535664105526
11.662806919530025,-3.0918680138930896
11.668436069455206,-3.095682456794329
11.674065794372362,-3.099495272519046
11.679696769853496,-3.1033067756541257
11.685328359292091,-3.1071182932892074
11.690959450532842,-3.110931319679597
11.696589257978644,-3.114745185453577
11.702219370633584,-3.1185571879581233
11.707851096244235,-3.1223674937888877
11.713483421583403,-3.126177481911188
11.71911588104431,-3.12998674060963
11.724749149902141,-3.133794614009914
11.730383318997244,-3.137601511595531
11.736018024464459,-3.141407664126768
11.741653331251596,-3.1452133364374433
11.747288531287095,-3.149020286082928
11.752922342989107,-3.152828963710067
11.758555347284787,-3.1566376866306034
11.764188978620965,-3.160444663190267
11.769823918994554,-3.164250329599884
11.775459432273887,-3.1680560699347837
11.781094369688217,-3.1718627707616913
11.786728983629072,-3.1756684272222677
11.79236503221311,-3.1794720496028868
11.79800206313355,-3.183275039904062
11.803639225171523,-3.187077525972158
11.809276965724576,-3.1908787631035054
11.814915709716225,-3.194679364391484
11.820554207444628,-3.1984815740133254
11.826191188546398,-3.202285499744321
11.831827478980747,-3.206089298645272
11.837464460749318,-3.2098914274155144
11.843102665311516,-3.2136923348012476
11.848741443072047,-3.2174932373652587
11.854379697168829,-3.22129561063354
11.860016702537104,-3.225098790563956
11.86565395678402,-3.2289001891086255
11.871292839385632,-3.232699832444242
11.876932362293761,-3.2364991534045973
11.882572010180036,-3.240297781061718
11.888212468339411,-3.2440950116740557
11.893853826357299,-3.247891254245542
11.899495762125076,-3.2516872952547904
11.905137380133423,-3.2554847313018214
11.91077776675962,-3.259283650929414
11.916417373006013,-3.263082662784088
11.922057547993859,-3.2668799971089992
11.927698972781617,-3.2706760013421907
11.933340987423405,-3.274472025468322
11.938982506951428,-3.278269547490997
11.944622740956545,-3.2820678995853765
11.950263280020671,-3.285864421557848
11.95590544175217,-3.2896592467031844
11.961548242959788,-3.2934537498935774
11.967191166369677,-3.2972475465104405
11.972834908020786,-3.3010399409976987
11.978479580453566,-3.3048318847060947
11.98412391424408,-3.3086254564061846
11.989766779169068,-3.3124206189211667
11.995408963039358,-3.3162156597912813
12.001051773292636,-3.320009111663002
12.00669581651921,-3.323801270352874
12.012340438385397,-3.3275934346479996
12.017984572134788,-3.331387091953189
12.02362752796112,-3.3351821051079633
12.029269805152566,-3.338977175193521
12.034912572732564,-3.3427707108042983
12.04055659352851,-3.346562828542207
12.046201191272099,-3.350354418680703
12.051846137654158,-3.3541451511750444
12.057491854037716,-3.3579346605939375
12.063138363011834,-3.3617232169556566
12.068785488640398,-3.3655114786853555
12.074432361433761,-3.369301100423194
12.080077938576924,-3.373092285673397
12.085722735322335,-3.3768835247308773
12.091368095049173,-3.3806731293958348
12.097014752094818,-3.384461363999592
12.10266200764944,-3.3882496401618503
12.10830868543843,-3.3920389021911217
12.113955049155859,-3.395827112893679
12.119602801550892,-3.3996133233331736
12.125251551293529,-3.403398862126294
12.1309004882354,-3.4071844507637024
12.136549157627998,-3.4109711484720338
12.142196759462578,-3.4147592966097755
12.14784357075821,-3.4185476700253044
12.153490848775064,-3.4223344305138332
12.15913945413196,-3.426119753809584
12.164788710844258,-3.4299050936905577
12.170437397242347,-3.433691991938132
12.17608482331515,-3.437480232314068
12.181731655170957,-3.441268479978491
12.187378999432916,-3.4450552073465985
12.193027561138695,-3.4488405753363014
12.198676725510913,-3.4526253776206275
12.204326259247106,-3.4564093274421075
12.209976537128924,-3.4601920757974036
12.215627591425287,-3.4639738329859875
12.221279244722837,-3.467755280022617
12.226930666929126,-3.4715380964662317
12.232580757026307,-3.4753225143521673
12.238230120391847,-3.479106968562516
12.243880064183907,-3.4828897799330756
12.249531276575793,-3.48667126268967
12.255183093312151,-3.490452747184568
12.260834383339253,-3.494235736075069
12.266484428277755,-3.4980200908857464
12.272133853572182,-3.5018044744338663
12.277783787591588,-3.505587321640694
12.283434953546683,-3.5093687995641427
12.289086719153476,-3.5131497231428264
12.294738845850505,-3.5169297955289984
12.300391724329106,-3.520708665619363
12.306045424176316,-3.524487074998013
12.31169884105225,-3.5282670292379055
12.31735084079847,-3.5320485850119785
12.32300211483382,-3.535830085105163
12.328654018135458,-3.5396099517877158
12.334307168509882,-3.543388521078227
12.339960902868736,-3.5471670993716926
12.345614133866581,-3.5509471788602798
12.351266178234749,-3.554728622392793
12.356917599643262,-3.5585101058793347
12.362569485870154,-3.562290090062031
12.368222615268675,-3.566068650739336
12.373876320648085,-3.5698466597820695
12.379530363452561,-3.5736238206914837
12.385185155541956,-3.5773997251861926
12.3908407935187,-3.581175198366294
12.396496120186612,-3.5849522422269695
12.402150056832237,-3.5887308936235067
12.407803356706994,-3.59251002603456
12.41345637452753,-3.5962893731703063
12.419109493715863,-3.6000676564637177
12.424763776746403,-3.6038443239715328
12.430418936715105,-3.6076207939308587
12.43607358401551,-3.6113989497008427
12.441726782064741,-3.615178013431912
12.447380279607373,-3.6189551473469344
12.453035484055789,-3.6227304993833087
12.458691250887073,-3.6265056062174494
12.46434716538899,-3.630280530814209
12.47000306012878,-3.634056414975673
12.47565790789518,-3.637833896717994
12.481311788772272,-3.6416116976404562
12.486966196858775,-3.645387745996389
12.492622000988394,-3.649162346693784
12.498278417738357,-3.652937030625918
12.503934177682352,-3.656713303391108
12.50958879241177,-3.660490817798948
12.515242787415763,-3.66426838175398
12.520897253779253,-3.6680444490388147
12.526552942956926,-3.671819134093218
12.532209244378608,-3.675593246232944
12.537865902616632,-3.67936652596532
12.543523315845487,-3.683138587993354
12.549181583121772,-3.686910196201038
12.554839520919606,-3.690683389214826
12.560496086874378,-3.694458148589793
12.566151912360912,-3.698232878374856
12.571808374839536,-3.702005908740975
12.577466047571576,-3.7057776881558735
12.583124309369152,-3.709549463475618
12.588782071380056,-3.7133227396660136
12.594438652317866,-3.717097378943596
12.600094610218685,-3.7208720609362245
12.6057510250306,-3.724645256198626
12.611408693485183,-3.728417010102632
12.617066935640633,-3.73218822381002
12.622725522056287,-3.7359585709213756
12.628384850749564,-3.739727701881306
12.634045033274285,-3.7434963880879164
12.639704915693407,-3.7472666522838183
12.645363421828543,-3.7510385111701856
12.651021268979814,-3.7548108443644916
12.656678801603709,-3.758583411146348
12.662336458372716,-3.7623548470941417
12.667995232358885,-3.7661247224220324
12.673654894588578,-3.7698943606594306
12.679314035744015,-3.773665719158772
12.684971836392922,-3.7774385069504266
12.690629098555403,-3.781211759301765
12.696286019231714,-3.7849853426558537
12.701943013238816,-3.7887577878028242
12.707601161374518,-3.7925286100424125
12.713260137187342,-3.796298686147422
12.7189194270423,-3.800068095406615
12.724579331789077,-3.8038363178079093
12.730240085411346,-3.8076034603635347
12.735901516723013,-3.8113703032884088
12.741562640227098,-3.8151386079264547
12.747222473803296,-3.8189084702871483
12.752881644725539,-3.8226788927397957
12.758540478861189,-3.826449546491422
12.764199448414011,-3.830219025418876
12.769859529772805,-3.833986948961488
12.77552042449003,-3.837754143944899
12.781181642892532,-3.8415206089434184
12.786843544236746,-3.8452864677647787
12.792505477706673,-3.849053597829165
12.798165987113183,-3.852822562587155
12.803825653123427,-3.8565915513111957
12.809485985249195,-3.8603587744480694
12.815147617956663,-3.8641246824273576
12.820809754551934,-3.8678906720455735
12.826471387411669,-3.871658114515643
12.832131841790757,-3.8754268966616507
12.837791653800775,-3.8791957661573044
12.843451965656742,-3.8829630958774524
12.849113513261528,-3.8867290319426724
12.85477570212417,-3.8904949511412568
12.860437391643762,-3.8942624027432813
12.866097751007022,-3.8980307221241928
12.871758415375293,-3.90179714202129
12.877420702243128,-3.905561852722534
12.883083685722802,-3.9093267680305086
12.888745896832747,-3.913093409748472
12.894406941029553,-3.9168612366020894
12.900067481823442,-3.9206290536447796
12.905728458822871,-3.92439545416941
12.911390608554353,-3.9281604343720584
12.917053366447691,-3.931924813379
12.922716536121925,-3.9356888943060993
12.928379635152307,-3.939454124526382
12.93404149229125,-3.9432210249422015
12.939702509955966,-3.9469880719971724
12.945364091313277,-3.9507534035525547
12.951026981710267,-3.954517350909632
12.956690400457036,-3.9582808243467165
12.962354170195058,-3.962043949837799
12.968017870806516,-3.96580820474061
12.973680428148096,-3.9695740895724207
12.97934206648672,-3.973340197716342
12.985004275956173,-3.9771045535012735
12.990667842290627,-3.9808675113753482
12.99633201537443,-3.984630536937346
13.001995554089225,-3.9883951360539553
13.00765795066993,-3.992161003910446
13.013319719834499,-3.995926903928914
13.018981938899078,-3.999691323432044
13.024645393051175,-4.003454341664282
13.03030945711518,-4.0072167915257575
13.035973929053455,-4.010978944082841
13.04163831785131,-4.014742241873123
13.047301490231465,-4.018507201319986
13.05296381186537,-4.022272306359793
13.058626668312808,-4.026035711908006
13.064290858364428,-4.029797690755704
13.069955616969644,-4.033559743891796
13.075619845248035,-4.037323313036057
13.081282850530178,-4.041088226306214
13.086945264526786,-4.044853170922898
13.09260816833197,-4.048616608804676
13.098272284806793,-4.052378678950056
13.103937088246404,-4.0561406873963985
13.109601287231923,-4.059903751706005
13.115265113792262,-4.063665788687991
13.12093035093436,-4.067425722868584
13.126596652234094,-4.071185530176068
13.13226220601921,-4.074947302111645
13.13792638841646,-4.078710376537975
13.143590081558242,-4.082473285798221
13.149254359737926,-4.086234727216456
13.154919754591612,-4.089994906926335
13.16058577647534,-4.093755010238266
13.166251403489518,-4.097516577753237
13.171915728390962,-4.1012796017077005
13.177579401370215,-4.105042641984247
13.183243575165022,-4.108804124357918
13.188908993053353,-4.112564192550764
13.194574979184194,-4.116323738296252
13.200241383374733,-4.120082947506466
13.205907691394458,-4.123843333271322
13.211572800262202,-4.12760536623278
13.217237053432525,-4.131367560470797
13.22290184186819,-4.135128062740117
13.22856798223565,-4.138887109158564
13.234234699221366,-4.142646244824433
13.239900817219375,-4.146406926205157
13.245565804042188,-4.150168900225786
13.2512301531353,-4.153930946600086
13.256894998405247,-4.15769146761178
13.262561066693744,-4.16145060982248
13.26822779691856,-4.165209701063234
13.27389395837134,-4.168970369102352
13.2795589379741,-4.172732371014383
13.28522326665453,-4.1764943885095285
13.290888080629193,-4.180254919433322
13.296554156601218,-4.184014042038209
13.302220803571894,-4.187772622353861
13.30788786363144,-4.191530879469103
13.313554855604231,-4.195290277537655
13.319220581418374,-4.199051354507746
13.324885465132233,-4.202812561298579
13.330550900751676,-4.206572027219951
13.336217658095265,-4.210330128209828
13.341885024580968,-4.214088291034358
13.347551825427812,-4.217848001971456
13.353217457405332,-4.221609028888389
13.358882459044645,-4.225370111435612
13.364547953649504,-4.229129628832772
13.370214632395383,-4.232887804569096
13.375881954278542,-4.236645928233516
13.38154882048072,-4.2404055699645475
13.387214423118463,-4.244166633689058
13.392879406238771,-4.247927708312095
13.398544911806702,-4.251687243022342
13.404211635411865,-4.25544541825857
13.40987898778487,-4.259203555911283
13.415545842912778,-4.262963219075951
13.4212114324364,-4.266724264431932
13.42687639764166,-4.2704853332558255
13.432541876085184,-4.274244842585216
13.43820857352558,-4.278003003911703
13.443875862617782,-4.281760608751
13.449543575646327,-4.285517877596583
13.455211182961724,-4.2892763288813365
13.460877597747311,-4.293036418089028
13.466543130267912,-4.296796685264669
13.472209232218644,-4.300555175452786
13.477876633058273,-4.304312302783095
13.483544607878965,-4.308069506343045
13.489212058302781,-4.311828207966214
13.494878312852421,-4.315588249522539
13.500543969934682,-4.3193483292657815
13.50621010849117,-4.323106905864521
13.511877453247871,-4.3268641189668
13.517545480655201,-4.330621273677869
13.523212953672001,-4.334380001646959
13.528879224717693,-4.33814005952524
13.5345448382175,-4.341900163828218
13.540210969385042,-4.345658693147406
13.545878302456066,-4.349415886245873
13.551546287137397,-4.353173036068382
13.557213768179235,-4.3569317336016145
13.562880037822978,-4.360691807865316
13.568545691424038,-4.364451903862106
13.574211832466235,-4.368210487905508
13.57987919967006,-4.3719676837775205
13.585547212747006,-4.375724836703042
13.591214659219734,-4.379483559438278
13.596880922185067,-4.383243604475042
13.602546547948084,-4.3870036788798386
13.608212648166306,-4.39076226423056
13.613880013842412,-4.394519437751566
13.61954801044943,-4.398276597202374
13.625215505309477,-4.402035304005135
13.630881788432294,-4.405795381001073
13.636547420770528,-4.409555485357273
13.642213545187959,-4.413314059825441
13.647880891055117,-4.417071222129317
13.653548890730312,-4.420828360899645
13.659216367654524,-4.42458706977653
13.664882628063468,-4.42834715129384
13.670548268290231,-4.4321072545170646
13.67621439818068,-4.435865843685623
13.68188176343141,-4.439623006978795
13.687549753890353,-4.443380160748493
13.693217205471969,-4.447138870281059
13.698883479718006,-4.450898917440664
13.704549096960228,-4.454659025191413
13.710215237322746,-4.458417583406336
13.715882602721832,-4.462174777419588
13.721550592358293,-4.465931962637417
13.7272180999216,-4.469690646955066
13.732884369386417,-4.473450717989739
13.738549991059225,-4.477210788502309
13.744216087784423,-4.48096937490853
13.74988345272917,-4.4847265456369705
13.755551448087004,-4.488483705160561
13.761218940940163,-4.492242416336081
13.766885224432432,-4.496002493543177
13.772550850258531,-4.4997625827524
13.778216967990828,-4.503521149784417
13.78388430780595,-4.50727832454691
13.789552306931702,-4.511035462840404
13.79521978412207,-4.514794167869305
13.80088604485018,-4.518554246359599
13.806551684300317,-4.522314350645963
13.812217840585147,-4.526072918353398
13.817885199593178,-4.529830125234631
13.823553192113772,-4.5335872874969665
13.829220657521708,-4.537345979260712
13.834886922130323,-4.541106041908065
13.84055252744462,-4.544866121595742
13.846218660075127,-4.548624665957293
13.851885999192355,-4.552381865921064
13.857554009039704,-4.556139015854509
13.863221497438303,-4.5598977325640835
13.868887774047305,-4.563657816976398
13.87455341685842,-4.567417924873228
13.880219557897707,-4.571176487878301
13.88588690562767,-4.574933683302175
13.891554869530024,-4.578690842144648
13.897222353482679,-4.582449516000289
13.902888604997058,-4.586209580869096
13.908554237516608,-4.589969668995437
13.91422038074245,-4.593728227800103
13.919887732098497,-4.597485438401188
13.925555750481884,-4.60124260126652
13.931223227069543,-4.605001328813551
13.936889508088722,-4.608761393170085
13.942555188985896,-4.612522015550734
13.948220451362817,-4.616282963661177
13.953885797730068,-4.620042765119889
13.959552370967417,-4.6238009020624045
13.965219807550872,-4.627558889700612
13.97088669745266,-4.631318601768113
13.976552270870803,-4.6350797076886
13.982217257961993,-4.638840757142405
13.987882799256647,-4.642600282877679
13.993549513595793,-4.646358477280984
13.999216827384881,-4.650116618466544
14.004883676714577,-4.653876257279807
14.01054928064507,-4.657637288906441
14.016214233441781,-4.66139838206204
14.021879722234582,-4.665157897875291
14.027546443930119,-4.668916045598159
14.033213797642507,-4.672674189339345
14.038880646683452,-4.676433879504487
14.044546289095997,-4.680194921331101
14.050211326870098,-4.683956520263679
14.055875951579269,-4.687718447458587
14.061540654493863,-4.691479228316721
14.067206591905064,-4.695238339914659
14.072873393244251,-4.698997301029408
14.078539643656455,-4.702757991620389
14.084204566913144,-4.706520082337109
14.08986888689887,-4.7102820881465295
14.09553375820188,-4.714042575228511
14.101199812335146,-4.717801708878671
14.10686649838789,-4.721560803196069
14.112532689391138,-4.725321438929184
14.118197665351937,-4.729083462608832
14.123862059848573,-4.732846051777491
14.129526068011115,-4.736608954177491
14.135190156543535,-4.740370710965618
14.140855437634272,-4.744130814266774
14.14652158142795,-4.747890745311082
14.152187185232705,-4.751652373830095
14.157851431887064,-4.755415441047594
14.163515106180078,-4.759178424540399
14.169179353045026,-4.762939874053024
14.174844779249952,-4.766700015291788
14.18051081591594,-4.770460106186783
14.186176381000053,-4.77422169488649
14.191840687090808,-4.777984685125383
14.197504421518513,-4.781748232303888
14.203167746696241,-4.785512111537768
14.208831191963132,-4.789274812947228
14.214495841795632,-4.793035891756484
14.220161350136692,-4.7967968257856874
14.225826346066667,-4.800559441580838
14.231489954296835,-4.8043234747738905
14.237152976222326,-4.808087432528844
14.242816541776227,-4.811849862721362
14.248481301454158,-4.815610938860812
14.254146664799782,-4.819372004714257
14.259811585546565,-4.82313456490095
14.26547528001472,-4.826898527259871
14.271138321030138,-4.830662534910809
14.276801883396857,-4.834424987400541
14.282466677388905,-4.838186071980726
14.28813210037756,-4.841947131208731
14.293797015609377,-4.845709713606397
14.299460664666999,-4.849473678386946
14.305123760369577,-4.853238190226089
14.310786435116643,-4.85700302649602
14.31644922334213,-4.860766704281545
14.322113211084426,-4.864528759451483
14.327778092881681,-4.868290636665271
14.333442409312342,-4.872054258101789
14.339105383939811,-4.875819273837239
14.34476777026199,-4.879584219421946
14.350430727827902,-4.883347581230764
14.356094824281946,-4.887109667429836
14.361759573527705,-4.890871675597879
14.36742380712038,-4.89463523054853
14.373086838284172,-4.898400162887641
14.378749284614663,-4.902165666158387
14.384411349944232,-4.90593147633026
14.390073503807182,-4.90969614882298
14.395736868699416,-4.913459199070145
14.401401068281176,-4.917222071358603
14.407064749402629,-4.920986624676978
14.41272707159286,-4.924752596734605
14.418388792925994,-4.928518478326769
14.424051061058158,-4.932282858387937
14.429714544357706,-4.9360458912104965
14.43537864140329,-4.93980889520937
14.441042260611693,-4.943573422819232
14.446704673029453,-4.947339337572153
14.452366496429606,-4.9511058222808275
14.458027902949313,-4.954872595747578
14.463689385169742,-4.95863823321801
14.469352068223902,-4.962402225813726
14.475015638848294,-4.966166039177071
14.480678646841321,-4.969931586169016
14.486340329471172,-4.973698532977857
14.492001441480816,-4.977465409287382
14.49766309058026,-4.981230769165711
14.503325915421732,-4.984994788804347
14.508989357320486,-4.988758758656827
14.514652329292009,-4.992524226402753
14.520314060260478,-4.996291116519091
14.525975153430707,-5.0000580324228885
14.531636769454225,-5.003823396391638
14.537299619735476,-5.007587398307716
14.54296312372546,-5.011351370674175
14.548626054050906,-5.015116912416311
14.554287802501866,-5.018883768309907
14.559948896754031,-5.0226506659132575
14.565610495455989,-5.026416043586654
14.571273331367067,-5.030180033949302
14.576936805244959,-5.033944008945085
14.582599777645784,-5.037709530219686
14.588261538023355,-5.041476407708401
14.593922631743247,-5.045243307783184
14.599584232453793,-5.049008673329225
14.605247050909574,-5.052772663758306
14.610910523421802,-5.056536620709821
14.616573478039552,-5.060302136408263
14.622235219940148,-5.064069022892054
14.627896390217192,-5.067836472905434
14.63355716598901,-5.071604246089195
14.63921802504303,-5.0753708476870205
14.644880074805648,-5.079135822016932
14.650542985567848,-5.082900618278854
14.656205336609979,-5.086667117032632
14.6618663494751,-5.090435020249563
14.667526785387794,-5.0942028597386475
14.67318777846951,-5.097969190810111
14.67884997666743,-5.101734180765686
14.684512790338196,-5.10549913967854
14.690175129985041,-5.109265620384356
14.695836256603174,-5.113033478119106
14.701496757437663,-5.116801897885879
14.707156853133382,-5.120570619315027
14.712817037492353,-5.124338206968775
14.718478443146894,-5.1281041062241535
14.724140696006437,-5.131869887927165
14.729802412530892,-5.135637379942881
14.735462818230607,-5.139406262593355
14.741122621416936,-5.143175094556898
14.746783000168698,-5.1469423851859295
14.752444547672724,-5.150708363403026
14.758106695090827,-5.154474286009791
14.76376837850434,-5.158241705312543
14.769428815273832,-5.162010519525949
14.775088602877526,-5.165779373083054
14.780748908730486,-5.169546670897963
14.786410451740558,-5.173312604225012
14.792072623881264,-5.17707853787294
14.797734319707253,-5.180845993653624
14.8033947884579,-5.184614828157384
14.809054615494096,-5.188383677330166
14.814714932309027,-5.192151007246298
14.82037646501787,-5.195916943442013
14.826038633670489,-5.199682847930238
14.831700302905121,-5.203450273778152
14.837360728873879,-5.207219105837827
14.843020532249987,-5.210987956221696
14.84868085529386,-5.214755267985085
14.85434240470426,-5.218521220423727
14.860004602888457,-5.222287151994118
14.865666267913426,-5.226054608200839
14.8713267221464,-5.22982343022584
14.876986571239263,-5.233592807482737
14.88264602201154,-5.2373625142351905
14.888305579043628,-5.241131049624337
14.89396634507438,-5.244897956780185
14.899627973505286,-5.248664721815261
14.905289084797873,-5.252433173362718
14.910948805230209,-5.256203038915989
14.916607942018327,-5.259972825219912
14.922267639162605,-5.263741077021138
14.927928522280524,-5.267508012314806
14.933590029943637,-5.271274901807601
14.939251060772257,-5.2750433137351855
14.944910883137887,-5.278813113038999
14.950570057050593,-5.282582953295689
14.956229731645948,-5.28635123419615
14.961890626149586,-5.290118146996333
14.967552134125494,-5.293885039083292
14.973213167672085,-5.2976534453438004
14.978872954646697,-5.301423243334574
14.984532123090606,-5.305193063471892
14.99019181048056,-5.308961350877836
14.995852709739665,-5.312728286676874
15.001514220489854,-5.316495183579614
15.00717525064893,-5.320263583353967
15.012835043090814,-5.324033368622166
15.018494186214957,-5.327803195231563
15.024153855465242,-5.33157146970285
15.029814752950925,-5.3353383833341805
15.035476285948825,-5.339105286506573
15.041137322683603,-5.342873730044999
15.04679714736193,-5.34664352175782
15.052456299176768,-5.350413364684802
15.058115980358979,-5.354181607648048
15.063776856908135,-5.357948528027023
15.069438353235515,-5.36171541152126
15.07509937995129,-5.365483820772999
15.080759178817233,-5.369253612427106
15.086418339549637,-5.3730234411031095
15.092078019875427,-5.376791730873664
15.097738929561817,-5.3805586569706145
15.103400465899984,-5.384325574770461
15.109061513320645,-5.388093990773554
15.114721325228034,-5.391863788883859
15.120380489712117,-5.395633587676366
15.126040127868293,-5.399401872475148
15.131701007976753,-5.403168779076097
15.137362522577394,-5.4069356786590035
15.143023578444582,-5.410704081290699
15.14868337562641,-5.414473899731752
15.154342545225944,-5.418243724358935
15.160002214242946,-5.422012024488268
15.16566310285182,-5.42577892378647
15.171324629028089,-5.429545799178866
15.17698562453486,-5.43331422367272
15.182645431253604,-5.437084005870495
15.18830458464446,-5.440853850778617
15.193964272184871,-5.4446221331607205
15.199625186877899,-5.44838904964842
15.205286715640275,-5.4521559616556345
15.210947754247623,-5.455924374672524
15.216607556963732,-5.4596941673046215
15.222266706202017,-5.463463969424502
15.227926352635786,-5.467232252290363
15.233587235399794,-5.470999151673799
15.239248756134511,-5.474766040722573
15.244909775029472,-5.478534475233806
15.250569600705512,-5.4823042637003
15.256228769663739,-5.4860741131044595
15.261888465261542,-5.489842395705674
15.267549369595741,-5.493609320972423
15.273210878496611,-5.49737621607485
15.278871907440687,-5.50114461538556
15.284531698436842,-5.5049143993841065
15.290190840034356,-5.508684223517938
15.29585050883996,-5.512452495169265
15.301511405593294,-5.516219405759712
15.307172937407891,-5.51998630713304
15.312833973113777,-5.523754749929537
15.318493806720468,-5.527524545569397
15.324152970517552,-5.531294366756588
15.329812641379965,-5.535062643270681
15.335473521711878,-5.538829556947859
15.341135022420014,-5.54259644053045
15.346796048645125,-5.546364845550576
15.352455847101579,-5.550134634245726
15.358115006927955,-5.553904461196714
15.363774685708867,-5.557672747339275
15.369435594550506,-5.561439670567861
15.37509709168388,-5.5652060381811985
15.380758977667204,-5.568972078336645
15.38642077659086,-5.572739262429202
15.39208133419592,-5.576508093740635
15.397741031678736,-5.580277066424977
15.403401292020993,-5.584044323992013
15.409062883200548,-5.587810205888126
15.41472509545699,-5.5915761391958245
15.420386727846392,-5.59534363754792
15.426047184449153,-5.59911244917011
15.43170704237861,-5.602881282858734
15.437367339728494,-5.606648630041213
15.44302886308585,-5.6104145753509345
15.448691025911012,-5.614180475573821
15.454352689988655,-5.617947931925246
15.460013152462235,-5.621716747771362
15.46567296075761,-5.625485610730581
15.471333295738182,-5.629252912969601
15.47699484149512,-5.633018866008857
15.482657002386144,-5.636784779152947
15.488318689724693,-5.640552212579942
15.493979104506481,-5.644321034475179
15.499638924361873,-5.648089867616572
15.505299218768679,-5.651857210256864
15.510960781431628,-5.65562314279434
15.51662297501841,-5.659389063265543
15.522284643616686,-5.663156539191056
15.527945105108667,-5.666925343036742
15.533604900216174,-5.670694204464962
15.539265221197569,-5.6744614845850485
15.544926748543364,-5.678227430527911
15.55058894584504,-5.681993328843208
15.556250617477337,-5.685760796690649
15.561911070222331,-5.68952963546074
15.56757086922259,-5.693298508279501
15.57323120171231,-5.697065781893595
15.578892732939574,-5.700831727967138
15.584554884512361,-5.704597634520442
15.590216543783372,-5.708365088110854
15.595877010453936,-5.7121338972686475
15.601536820127325,-5.715902761380439
15.607197155451534,-5.71967007659629
15.612858711733104,-5.7234360255655305
15.618520842820272,-5.727201417886965
15.624183384708783,-5.730966452895133
15.629845776931635,-5.734732683843187
15.635507010862973,-5.738500520086552
15.641167347093097,-5.742268528185525
15.64682825829103,-5.746034819123577
15.652490503805533,-5.7497997292104355
15.658153353336534,-5.753564713289304
15.663815659148153,-5.757331217906005
15.669476766608822,-5.7610990665114175
15.675137250781876,-5.764866936566207
15.68079821199794,-5.76863329154957
15.68646038108468,-5.772398264539004
15.692123183438964,-5.776163195355505
15.697785514516484,-5.779929648880713
15.703446588436137,-5.783697503907039
15.7091070449683,-5.787465375383427
15.714768024391889,-5.791231711763685
15.720430217189683,-5.794996701343944
15.72609307961846,-5.798761641033879
15.731755373593357,-5.802528150168101
15.737416480421274,-5.806295991000246
15.74307691590659,-5.810063882305299
15.748737878762158,-5.813830184885844
15.754400050864449,-5.817595146954387
15.760062883545418,-5.821360070221228
15.76572519222958,-5.825126558721241
15.7713862875208,-5.8288944133406195
15.77704676310261,-5.832662293678241
15.782707756451599,-5.836428642185125
15.788369945617047,-5.840193634061755
15.79403279408178,-5.843958556738906
15.799695075255029,-5.847725053749488
15.805356166636075,-5.851492887305282
15.811016613234976,-5.8552607428390635
15.816677577453817,-5.859027071349676
15.822339751528675,-5.8627920535225915
15.828002592657558,-5.866556989101811
15.83366491649247,-5.870323483845619
15.839326026961182,-5.874091348313925
15.844986489525558,-5.877859248436234
15.850647476296164,-5.881625553788238
15.85630964172507,-5.885390532483719
15.861972400280264,-5.8891549377426635
15.867635556972276,-5.89291900768067
15.873298621949646,-5.896684249841764
15.87896049647024,-5.900451132251832
15.884621521723938,-5.904218168264844
15.89028308482152,-5.907983526956649
15.895946012966094,-5.911747456056605
15.901609506892745,-5.915511468618384
15.907272419860078,-5.919277004713958
15.912934165522499,-5.923043848940032
15.918595281750155,-5.926810720378113
15.924256856739861,-5.930576114230478
15.929919677882243,-5.934340095332569
15.935583150592329,-5.9381040555023885
15.941246117974032,-5.9418695732596
15.946907877713473,-5.945636455014164
15.952568988734658,-5.949403391579093
15.958230631719362,-5.953168744210736
15.963893468371772,-5.956932754629937
15.969556912153115,-5.960696730792224
15.975219887812958,-5.964462212188321
15.980881611670819,-5.968229078512677
15.986542695927735,-5.9719959937418015
15.992204312815362,-5.975761346839205
15.99786715365175,-5.979525339254737
16.00353063168588,-5.983289320718924
16.009193608266592,-5.987054849799468
16.014855377083098,-5.990821725075503
16.02051646715291,-5.994588651775565
16.02617809023449,-5.9983539821872
16.031840911183437,-6.002117983537443
16.03750435326753,-6.005881942514957
16.043167304475915,-6.009647445987818
16.048829063684583,-6.0134143075387305
16.05449016499957,-6.01718122587411
16.06015179091097,-6.020946592388917
16.065814644238138,-6.024710596768359
16.071478143936922,-6.028474562453576
16.077141075253756,-6.032240095329017
16.082802821584487,-6.036006951130634
16.08846393048527,-6.039773834930144
16.094125516092195,-6.043539227153496
16.09978836928382,-6.04730320997985
16.105451852983542,-6.051067182256237
16.111114811780016,-6.054832712143272
16.11677656360704,-6.058599569238237
16.12243764961509,-6.06236648278392
16.128099261556656,-6.0661318171074425
16.133762078702876,-6.06989581626729
16.139425565822634,-6.07365976533441
16.145088529299986,-6.077425283569202
16.15075027381674,-6.081192173342687
16.156411396954518,-6.084959085824958
16.162073011701523,-6.0887244861110466
16.167735863082818,-6.092488460433449
16.173399340135678,-6.0962524260253455
16.179062287251515,-6.100017926320377
16.184724005150905,-6.103784792344793
16.190385104145403,-6.107551682989927
16.196046721866576,-6.111317039981643
16.20170954827408,-6.115081053600771
16.207373045947286,-6.1188450155258645
16.21303602096023,-6.122610540633669
16.218697771791113,-6.126377425871556
16.22435888007273,-6.130144335023807
16.23002047680983,-6.133909715747514
16.235683307396364,-6.137673682622611
16.24134677402054,-6.141437634268819
16.24700971925959,-6.145203139808967
16.25267145314125,-6.148970016112189
16.258332570343537,-6.15273691366324
16.263994200104015,-6.1565022810461265
16.26965703995541,-6.160266303011706
16.275320532250138,-6.1640302780859555
16.28098352137801,-6.167795779129685
16.28664524082725,-6.171562666440989
16.292306334141546,-6.175329567371635
16.297967928370426,-6.179094919502136
16.303630753473353,-6.182858912745176
16.30929422467176,-6.186622872728755
16.31495718884994,-6.190388381045108
16.320618939881527,-6.1941552634646255
16.326280075289226,-6.197922167245209
16.33194168596552,-6.201687555036196
16.337604520927915,-6.205451550136117
16.343267971975724,-6.209215513315546
16.348930947714884,-6.212980998254194
16.35459267372509,-6.2167478847274475
16.360253778884736,-6.220514788505257
16.365915404719882,-6.22428015548615
16.371578248630655,-6.2280441675027065
16.37724172159888,-6.231808136509889
16.38290469689357,-6.235573630554948
16.388566414082998,-6.239340503838071
16.39422750107799,-6.243107417260402
16.399889114746358,-6.246872770540282
16.405551951968828,-6.250636763275185
16.411215427944242,-6.254400741981843
16.41687840247844,-6.258166267214397
16.422540169080765,-6.261933141012615
16.428201256515464,-6.265700065714525
16.433862877589046,-6.269465391462578
16.43952569699469,-6.273229388557129
16.44518916762866,-6.276993349328082
16.450852129896955,-6.2807588595810655
16.456513879218058,-6.284525741995965
16.462175016003894,-6.288292640163367
16.46783661404294,-6.292058023463796
16.473499444192385,-6.295822022561954
16.47916289219713,-6.299585984976015
16.484825869242687,-6.303351464978823
16.4904875955304,-6.30711834885925
16.496148699581497,-6.310885252489764
16.5018103241322,-6.314650619054493
16.507473170794515,-6.318414629012829
16.513136672823865,-6.322178602319488
16.518799615701372,-6.3259441376189205
16.52446136403902,-6.32971099502322
16.53012244778418,-6.333477905679919
16.535784058158725,-6.337243234406924
16.541446873963473,-6.341007231002648
16.547110358712988,-6.344771179731827
16.552773319036167,-6.348536695248506
16.55843506144041,-6.352303582568236
16.56409618263381,-6.356070494657052
16.56975782477314,-6.359835860317079
16.575420652328734,-6.363599878574406
16.58108414369909,-6.367363835874961
16.586747065166662,-6.3711293637914554
16.592408812621468,-6.374896217265865
16.598069903319693,-6.3786631036915695
16.603731518656716,-6.382428457191562
16.60939434298893,-6.386192466808097
16.61505783808632,-6.389956427230854
16.620720810014063,-6.393721954736149
16.626382561050807,-6.397488843126711
16.632043672885608,-6.401255760100991
16.637705283301514,-6.405021122339277
16.64336810537707,-6.408785106776229
16.649031584987448,-6.412549051242823
16.654694519315917,-6.416314558967846
16.660356252249183,-6.4200814309796295
16.666017366588292,-6.423848327538693
16.67167899295275,-6.42761369512937
16.677341829645513,-6.431377715740793
16.683005333620297,-6.4351416891309015
16.688668283482016,-6.438907225645088
16.694330037463835,-6.4426740873273545
16.699991131502976,-6.446440999106383
16.705652744720858,-6.450206321877528
16.71131555507723,-6.453970327015237
16.71697902410405,-6.457734286815147
16.722641984934267,-6.461499792918606
16.72830373377819,-6.465266672808797
16.73396486746847,-6.469033575724579
16.739626477441107,-6.472798977425238
16.745289317806463,-6.476562965518615
16.750952782567417,-6.480326928073585
16.75661574936663,-6.484092413537188
16.7622774734727,-6.487859297690519
16.767938575835217,-6.491626199070521
16.773600199741345,-6.49539156290009
16.77926304547157,-6.499155570975992
16.784926529538826,-6.502919543087226
16.790589506497334,-6.506685033360552
16.796251219326514,-6.51045192150921
16.80191230183016,-6.514218830411014
16.8075739152326,-6.517984181840913
16.81323675063644,-6.52174817341182
16.818900223999567,-6.525512149483479
16.82456319743847,-6.5292776696926085
16.830224973756337,-6.533044544656335
16.8358860922288,-6.536811433180946
16.841547682469763,-6.540576807490265
16.847210502160927,-6.5443407976783385
16.85287397091738,-6.54810475602636
16.858536930326114,-6.551870264629957
16.86419867714834,-6.555637146593369
16.869859810203994,-6.559404047491079
16.875521418180146,-6.56316943128882
16.881184250675638,-6.566933424467217
16.88684771086757,-6.570697383682401
16.892510677049614,-6.574462867422154
16.8981724008534,-6.578229749425575
16.903833503583957,-6.5819966515434185
16.909495125070066,-6.585762018866196
16.9151579684505,-6.589526028881469
16.9208214803743,-6.593289990268498
16.926484423306952,-6.597055524555741
16.932146176231562,-6.600822395351789
16.937807253692966,-6.604589313287238
16.943468865603165,-6.6083546441843914
16.94913168436031,-6.612118628274434
16.9547950939983,-6.615882064042753
16.960458923165678,-6.61964516337159
16.966122648142015,-6.62340944480708
16.971785179069794,-6.627175365454525
16.977446865162694,-6.63094144068946
16.983109077876232,-6.6347058229636495
16.988772625829817,-6.638468777951954
16.99443674214998,-6.642231803988713
17.000100328230886,-6.645996342926458
17.00576268397562,-6.649762220639611
17.011424462869957,-6.653528125691037
17.017086699977447,-6.657292548627916
17.022750178715633,-6.661055579878139
17.028414258123597,-6.664818043931465
17.034078746444624,-6.668580194774167
17.0397431421859,-6.6723434929785315
17.045406282728457,-6.6761084520715865
17.051068584173787,-6.679873540056391
17.056731440419114,-6.683636897955168
17.062395601329843,-6.687398890356982
17.06806036690346,-6.691160943103742
17.073724577383746,-6.694924536560404
17.07938763132729,-6.698689437482432
17.08505005140131,-6.702454416872589
17.090712975450124,-6.706217861759122
17.09637710945332,-6.709979913869877
17.102041890541063,-6.713741929891418
17.10770616182441,-6.717505475399829
17.113369106858364,-6.721269880575395
17.11903232515508,-6.725032456088777
17.124697215487092,-6.728793250445249
17.130362762862035,-6.732554297282227
17.136027565545128,-6.736317040331927
17.141691212539502,-6.740080967100215
17.14735433047356,-6.743844916805455
17.15301791642956,-6.747607380506511
17.15868264178648,-6.751368496787028
17.16434806482264,-6.755129490710491
17.170012964659456,-6.758892078528044
17.17567663140917,-6.762656054981616
17.181339675792255,-6.766420040540409
17.187003253485894,-6.770182480682508
17.19266802313917,-6.773943576911551
17.198333375655107,-6.777704098075031
17.203999068874882,-6.781463747434303
17.209665592914064,-6.785222683341566
17.21533201433404,-6.788983077447094
17.220997014951635,-6.792745245555239
17.22666121433641,-6.796507386700444
17.23232609267386,-6.800267784120967
17.23799224212677,-6.804026913787674
17.24365890884056,-6.807786090565006
17.249325081071117,-6.811546721176737
17.25499006272246,-6.815308699819204
17.260654405968705,-6.819070745850045
17.26631922879925,-6.822831261633993
17.271985292112706,-6.826590387403375
17.27765196017234,-6.830348956785036
17.283318964593754,-6.834106695704973
17.288986744919487,-6.83786372273756
17.294654490309572,-6.841622135405115
17.300320795424362,-6.84538234095452
17.30598625341213,-6.849142545429825
17.311652400067768,-6.852900988238383
17.317319832098143,-6.856658151151134
17.322987800715914,-6.8604153891952135
17.32865528466453,-6.86417408880904
17.334321583482605,-6.867934126845859
17.339987222361284,-6.871694248633035
17.34565334999776,-6.875452788697786
17.35132067808293,-6.879209977020357
17.35698860223728,-6.882966580187864
17.36265687145935,-6.886722357434394
17.368325905538033,-6.8904768886883305
17.373995790017606,-6.894230976869963
17.379665374407352,-6.897986644864055
17.385333575167067,-6.901743928459453
17.391001073115415,-6.905501162489572
17.396669195341502,-6.909256700261407
17.40233850655813,-6.913010982872969
17.408008417167554,-6.916765232642917
17.41367778353051,-6.920521008682112
17.41934599411005,-6.92427813273653
17.42501356540908,-6.928035309010355
17.43068161842034,-6.931790978613308
17.436350926857546,-6.9355452337108785
17.442020816434944,-6.9392989485550505
17.447691048848775,-6.943051810536884
17.45336202013936,-6.946803424961349
17.45903384079168,-6.95055458646419
17.46470531663194,-6.954307335588708
17.470375432251323,-6.958061657710482
17.476044841222347,-6.961815937964895
17.48171487280781,-6.965568575137033
17.487386126403297,-6.969319936307224
17.493057994278875,-6.9730712753341075
17.498729346645998,-6.976824143064661
17.504399499524723,-6.9805783689826
17.510069007793962,-6.984332637990367
17.515738982278034,-6.988085378600187
17.52141020305405,-6.99183668746351
17.527082007812755,-6.99558746419267
17.5327541654269,-6.999337388181923
17.538427070918722,-7.003086102344107
17.54410076424448,-7.006833825381482
17.549775081177355,-7.010581222255117
17.55544907317165,-7.014330050739852
17.561121846692398,-7.018080408221593
17.566793836834442,-7.021830830692674
17.57246640507934,-7.025579603489064
17.5781402350062,-7.0293270410590845
17.583814700003806,-7.033074472288973
17.589488621295352,-7.036823460972635
17.595161347614592,-7.0405737933163435
17.600833441355316,-7.0443241720447745
17.60650602883829,-7.048072975829036
17.61217979731498,-7.0518204319075055
17.61785416332283,-7.05556730707998
17.623528877654618,-7.059313325225944
17.629204345465283,-7.063058116425795
17.63488059899383,-7.066801943884484
17.640557418180098,-7.07054493309708
17.64623489247175,-7.074287457597822
17.651912233893135,-7.078031321967532
17.65758824127269,-7.0817768652055415
17.6632634181204,-7.0855224520580515
17.668939187218403,-7.089266341851504
17.674616237514595,-7.093008877714414
17.680293891932138,-7.096751432704891
17.68597099858805,-7.100495534377516
17.691646877193605,-7.104240446914923
17.697323040109655,-7.107983542889164
17.70300080327228,-7.111724921286431
17.70867920075647,-7.115465964677739
17.714357704842662,-7.119206274808981
17.720036987559386,-7.12294519879556
17.725717147762378,-7.1266831003410696
17.731397796204288,-7.130420257509862
17.737079045055857,-7.134156942301272
17.742760226781396,-7.137894917396689
17.74844010810228,-7.1416345977986975
17.75411914377317,-7.14537437040743
17.759798793400016,-7.149112412697706
17.765479737757282,-7.152849106080771
17.77116117412418,-7.156585318622577
17.776842926041006,-7.160320635585338
17.782525459695314,-7.164054662609573
17.788208787763374,-7.167787757508926
17.793892645926437,-7.171520034026863
17.799577101277308,-7.175251282392495
17.80526227042242,-7.178981486053456
17.81094817789448,-7.182711263377377
17.816633769154,-7.1864425408753885
17.82231808426995,-7.190175390978104
17.828001633901437,-7.193908246264798
17.833685757856244,-7.197639471099858
17.83937115915532,-7.201369349345838
17.845057149251986,-7.205099249594915
17.8507426303121,-7.208830666123124
17.856426874930815,-7.2125629040516674
17.86211136760337,-7.216293321316191
17.86779745699334,-7.220021993174567
17.873484143560212,-7.223750341325254
17.87917097221454,-7.227477959142063
17.88485858700444,-7.231204190513785
17.890547095018164,-7.234929412137759
17.896236100999772,-7.238653895644318
17.901925652724774,-7.242377362027823
17.90761592368775,-7.24609972561231
17.91330687558375,-7.2498211568798325
17.918998435539272,-7.253542200160482
17.924689828712776,-7.257264616769157
17.930379933304398,-7.260988667803879
17.936069248163495,-7.264712788857175
17.94175915452341,-7.268435224811907
17.94745032288835,-7.272156302983065
17.953141999117864,-7.275876884030582
17.958834001607666,-7.279596567881271
17.964526775098587,-7.28331497757962
17.970220333306475,-7.2870324418434445
17.975914426405904,-7.290749081397628
17.981609113495093,-7.294464696068625
17.98730451592921,-7.298179269104102
17.993000566798813,-7.301892898670682
17.998697181706017,-7.305605578931776
18.004394459315353,-7.309317240563521
18.010092428324047,-7.313028445458612
18.015790224113925,-7.316741093333779
18.021486691048704,-7.320455397809666
18.02718238527815,-7.324169732113259
18.03287868840738,-7.327882379457687
18.038576242813935,-7.331593705814894
18.044274318123176,-7.335304516134788
18.0499727071942,-7.339014405354075
18.055671862236075,-7.342723045369617
18.061371790294587,-7.346430726119031
18.06707222885821,-7.3501375702161225
18.07277327563321,-7.353843389161599
18.0784750380828,-7.357548169883886
18.084177458905998,-7.361252011154025
18.089880471983246,-7.364954914093357
18.09558412307416,-7.368656803874607
18.101288436901545,-7.372357701874218
18.10699334912508,-7.376057637403418
18.112698895748416,-7.3797565829625515
18.11840507134905,-7.38345454708396
18.12411190500873,-7.387151534444825
18.129819381764484,-7.39084754333888
18.13552748868303,-7.39454258502037
18.14123621210782,-7.3982366426315584
18.146945586331526,-7.401929705728764
18.15265557546347,-7.405621788343163
18.15836619013478,-7.409312888994532
18.164077444222134,-7.413003014242779
18.16978934668691,-7.41669216107087
18.17550189554868,-7.420380322855097
18.181215073841056,-7.424067520461122
18.18692888023239,-7.427753737432072
18.1926433271289,-7.431438962945762
18.19835837779877,-7.435123207845243
18.20407407061041,-7.4388064599313255
18.20979038181225,-7.442488738736284
18.215507346081022,-7.446170036170131
18.221224955830916,-7.449850346921469
18.22694319339365,-7.453529692490955
18.232662049630466,-7.457208057942764
18.23838154502384,-7.460885419602851
18.244101656524112,-7.464561799291736
18.249822390467617,-7.468237196286098
18.255543760775286,-7.471911615425821
18.26126577744263,-7.475585053923081
18.266988438184125,-7.4792575052207795
18.272711725442548,-7.482928991028017
18.278435647361693,-7.486599496443462
18.284160200558674,-7.490269005993785
18.289885352915014,-7.493937540086612
18.2956111481139,-7.497605071221154
18.301337550497465,-7.501271631230347
18.30706460016215,-7.504937184561344
18.312792272723446,-7.508601769526397
18.318520582682872,-7.51226537701732
18.324249529485993,-7.515928007087127
18.329979125187975,-7.51958964565495
18.335709351409083,-7.52325030987247
18.341440195445813,-7.526909995661044
18.347171675330017,-7.530568685436037
18.352903748005374,-7.5342263991294915
18.35863646119625,-7.5378831013056065
18.36436979432813,-7.5415388177742795
18.37010373385522,-7.545193559365932
18.375838311629064,-7.548847316328823
18.381573538874115,-7.5525000811094305
18.387309394988865,-7.556151870709187
18.393045877608024,-7.559802684256611
18.398782993476438,-7.563452514232049
18.404520744014018,-7.567101365063375
18.4102591287748,-7.570749236809594
18.415998145569784,-7.574396107803062
18.421737774142958,-7.57804198661456
18.427477999027396,-7.581686888060702
18.43321886265908,-7.5853307841316
18.438960340791997,-7.588973688698121
18.444702434063288,-7.592615618559878
18.450445162780145,-7.596256562641122
18.456188524683785,-7.599896527309466
18.461932519301318,-7.603535512370852
18.467677158594135,-7.607173503483177
18.47342242427491,-7.610810517576966
18.479168303617552,-7.614446550368117
18.48491481459963,-7.618081584494146
18.49066191427927,-7.621715639583032
18.496409650335643,-7.625348679939665
18.502158002312406,-7.6289807316661085
18.507906977325405,-7.632611809550466
18.513656580743266,-7.63624190254291
18.51940681518481,-7.639871012901634
18.525157680682373,-7.64349914249294
18.530909185934682,-7.647126278512841
18.536661286380408,-7.650752429064182
18.54241401672419,-7.6543775810371315
18.548167344260936,-7.658001751739396
18.55392131451771,-7.661624917347681
18.559675899122603,-7.665247109126072
18.565431113416686,-7.668868317046208
18.571186957377797,-7.672488542844664
18.576943439766488,-7.676107773619001
18.58270051605371,-7.679726017519654
18.588458220941067,-7.683343261532824
18.594216521748574,-7.686959523165948
18.5999754639528,-7.69057477884191
18.6057350192164,-7.694189060059867
18.61149520280944,-7.697802357041552
18.617256014669646,-7.701414671661274
18.623017463519407,-7.705025991045048
18.62877950483671,-7.7086363233199116
18.634542173300158,-7.7122456552580045
18.640305436230886,-7.715854004171102
18.64606933911905,-7.719461346206848
18.651833853661856,-7.723067712631815
18.65759899515733,-7.726673093489145
18.66336476358754,-7.730277490553166
18.66913116447669,-7.733880898670722
18.67489817726909,-7.737483308107927
18.68066580331796,-7.741084720007152
18.686434013868606,-7.744685149280767
18.692202866517153,-7.748284568191647
18.697972304810683,-7.75188300728338
18.703742392558894,-7.755480446577362
18.709513100101674,-7.759076905049466
18.71528442446663,-7.762672382406744
18.721056372436017,-7.766266870839829
18.726828945550242,-7.769860374569471
18.732602143319873,-7.773452893487105
18.738375963299408,-7.777044405800335
18.74415038534623,-7.780634920022062
18.749925394107805,-7.784224450951292
18.75570103180357,-7.7878129703227374
18.761477263153072,-7.791400510683075
18.767254127841937,-7.794987035730768
18.773031602002373,-7.798572584447607
18.778809700022048,-7.802157147503909
18.78458842129565,-7.805740725007863
18.790367777566047,-7.8093233028923015
18.796147750716337,-7.812904898391534
18.80192833812908,-7.8164855112053555
18.807709531876803,-7.820065120412088
18.81349132323813,-7.823643735277198
18.819273736671974,-7.827221346271914
18.825056744276022,-7.830797959446502
18.83084037091714,-7.834373581850591
18.836624614197035,-7.8379482168105215
18.84240947895553,-7.841521862856258
18.848194965256095,-7.84509452178881
18.853981078561315,-7.848666188491188
18.8597677983289,-7.852236853142228
18.865555125881187,-7.855806517121106
18.871343038438194,-7.859375193600524
18.877131581388078,-7.862942863457194
18.882920728997984,-7.8665095483124645
18.88871049738227,-7.87007524439372
18.89450088586438,-7.873639953057528
18.900291903103717,-7.877203661149653
18.90608351280467,-7.880766378287392
18.911875739440227,-7.8843280903076405
18.9176685485632,-7.8878888129662705
18.923461986615248,-7.891448527845734
18.929256027992384,-7.895007256208473
18.935050688902965,-7.898564994292503
18.940845968643888,-7.902121743651977
18.946641872667833,-7.905677499066203
18.95243838043937,-7.909232250865993
18.95823549326353,-7.912786000343099
18.9640331883346,-7.916338760794728
18.969831510983745,-7.919890513014598
18.97563043559987,-7.923441278554734
18.98142997828106,-7.92699105358464
18.98723013835869,-7.930539839398884
18.99303092131225,-7.934087630564228
18.99883230658645,-7.937634417207513
19.004634295464978,-7.941180200405022
19.01043686522207,-7.944724993266496
19.016240061200758,-7.948268776453476
19.022043857839346,-7.9518115715370765
19.02784827125866,-7.955353374743602
19.033653300814304,-7.958894187538125
19.03945889443371,-7.962433455559932
19.045265810021103,-7.965969328215682
19.051075216487877,-7.969501504370987
19.056886508119163,-7.9730311032378625
19.062699249685423,-7.976557965921294
19.068513850095147,-7.980081548513239
19.07433046631213,-7.983602070436748
19.080148829151874,-7.987119781424603
19.0859689249617,-7.990634495528058
19.09179090249179,-7.994146100579469
19.097614697055118,-7.99765473901544
19.103440236184337,-8.001160423131287
19.109267584918936,-8.004663062322928
19.11509672796519,-8.008162702298607
19.12092770239301,-8.01165933586742
19.126760468121773,-8.015152977715791
19.13259502844405,-8.018643625184534
19.138431399621737,-8.022131266938992
19.144269569056963,-8.025615917710802
19.150109536460313,-8.029097568725176
19.155951326250005,-8.032576184462355
19.161794853355726,-8.03605182879717
19.16764018390979,-8.039524418993546
19.17348730105997,-8.042993996601403
19.17933616117115,-8.046460583685317
19.185186836475427,-8.049924130571052
19.191039280754488,-8.053384676820329
19.196893515870517,-8.056842213459074
19.202749538621447,-8.060296741142075
19.20860736655459,-8.063748239627065
19.214466974737572,-8.067196719929163
19.220328349648565,-8.070642206058567
19.226191507185877,-8.074084670197177
19.232056448728436,-8.07752409400639
19.2379231092021,-8.080960526524084
19.24379156761392,-8.084393895048189
19.249661786924555,-8.087824236310741
19.25553372233932,-8.09125158353433
19.261407465384135,-8.09467587332923
19.26728297826058,-8.098097136040478
19.273160244133564,-8.101515395868109
19.279039279034944,-8.104930623683595
19.284920080495116,-8.1083428276533
19.290802646722067,-8.111752007453036
19.296686997069482,-8.115158129948416
19.30257304737368,-8.118561253909165
19.308460866955294,-8.121961299283193
19.31435043673643,-8.125358309152702
19.320241711979982,-8.128752306930583
19.32613476382004,-8.132143264238486
19.332029596575815,-8.13553115631889
19.33792615292414,-8.13891605047673
19.343824457740308,-8.142297906587997
19.349724512946235,-8.145676725585158
19.3556263214903,-8.149052484659936
19.36152981492518,-8.152425231455515
19.36743508555425,-8.155794889833556
19.373342051184814,-8.159161530507108
19.379250799327508,-8.162525091437125
19.385161158027064,-8.165885129672413
19.391073955266197,-8.169239647142783
19.396990254065567,-8.172588406884238
19.402909544905647,-8.175932461167053
19.408831315730083,-8.1792717155006
19.41475596495911,-8.182605601316839
19.42068366854575,-8.185934317568861
19.426614209693195,-8.18925809584409
19.43254748322868,-8.192576824635655
19.43848367124333,-8.1958903562513
19.44442274454065,-8.199198819503035
19.45036463950905,-8.202502206106647
19.45630929429447,-8.205800507239047
19.462256839513937,-8.209093641140065
19.468207165609666,-8.212381703421718
19.474160355512023,-8.215664623118878
19.480116336523427,-8.218942464512056
19.48607514111275,-8.222215189307969
19.49203675838209,-8.225482805155341
19.498001191405,-8.228745282418132
19.503968360769537,-8.232002668753427
19.509938381572514,-8.235254885311178
19.515911139138204,-8.238502004916214
19.52188673927201,-8.241743960531831
19.52786509228161,-8.244980829251979
19.533846227768176,-8.248212562986922
19.5398301446474,-8.25143915983652
19.54581682328852,-8.254660634089324
19.55180628862037,-8.257876924857282
19.55779850391052,-8.26108807048631
19.563793425350315,-8.26429409550725
19.56979114659827,-8.26749492812206
19.575791590055214,-8.270690650083434
19.58179478159897,-8.27388121604637
19.587800719872806,-8.277066626398659
19.593809420188858,-8.28024685405259
19.59982077955404,-8.28342196990409
19.605834902154182,-8.286591880381142
19.611851700367335,-8.289756649164064
19.61787127821137,-8.29291619821853
19.623893531690754,-8.296070630391808
19.629918497928315,-8.299219887182064
19.63594617566418,-8.302363967930562
19.641976558090246,-8.305502876643553
19.648009537744873,-8.308636087607606
19.654045764898214,-8.31176163774654
19.6600863546996,-8.314879164934057
19.66613081564146,-8.317989820878642
19.672178598441086,-8.32109355820286
19.678230154527153,-8.324189701380652
19.684285656126345,-8.327278457344798
19.690344810770817,-8.330360138196578
19.696407553047756,-8.333434566986934
19.702474056335078,-8.336501589822419
19.708544284763672,-8.339561350352763
19.714618177336227,-8.342613846495864
19.72069564884173,-8.345659052851943
19.726776842170313,-8.348696892298754
19.73286167447514,-8.351727412592002
19.738950077803736,-8.354750672992193
19.745042143560195,-8.357766578785508
19.751137847366017,-8.360775159547538
19.75723720268739,-8.363776401142205
19.763340123842582,-8.366770348744929
19.76944663648196,-8.369756948418136
19.77555675738651,-8.372736190014953
19.781670395092053,-8.37570809934024
19.78778764558358,-8.378672642658108
19.79390842076927,-8.381629832773047
19.800032766104604,-8.384579669467811
19.806160696354645,-8.387522126276371
19.81229212497674,-8.39045725507876
19.818427084551026,-8.393385005411977
19.824565419292774,-8.396304886587869
19.830707782225026,-8.399214849506782
19.836855220749616,-8.402114522862624
19.84300734806355,-8.405005644377452
19.84916311807267,-8.407890059833765
19.85532180764139,-8.410767536693282
19.861483989000277,-8.413637124779381
19.8676499233046,-8.416499173737696
19.87381917202503,-8.41935409988543
19.87999171658922,-8.422201628749523
19.886167798292593,-8.425041515370479
19.892347278924237,-8.42787408247693
19.898530109060616,-8.430699267850736
19.90471637296289,-8.433516957506527
19.910905872026962,-8.436326723585585
19.917099220649366,-8.439126550330432
19.92329745281067,-8.44191602651411
19.92950016541787,-8.444696279931078
19.935706749098504,-8.447467325168537
19.941917655538205,-8.45022843425383
19.94813296496745,-8.452979823989178
19.95435253063148,-8.455721788413822
19.960576201045093,-8.45845418981568
19.966804143512242,-8.46117685630148
19.973036334219987,-8.463889911001646
19.979272670085194,-8.466593392992543
19.985513181539893,-8.469287203625429
19.991757866683773,-8.471971322330752
19.99800663885605,-8.474645836645998
20.0042595780837,-8.477310655885457
20.0105166007893,-8.479965844337102
20.016777733361845,-8.482611349614448
20.023042954608492,-8.485247174972745
20.029312246182272,-8.48787331559401
20.035585626966487,-8.490489748362664
20.04186296427302,-8.493096506957189
20.048144363192325,-8.495693545443704
20.054429748109346,-8.498280846901649
20.060719139801254,-8.500858464762903
20.067012493780325,-8.503426360892224
20.07330981975221,-8.505984520957593
20.079611099451917,-8.508532948542134
20.08591632962331,-8.511071622419724
20.09222527653271,-8.51360009775938
20.0985384860415,-8.516116253374845
20.104856950130458,-8.518619666292546
20.111180303804264,-8.521111549561928
20.11750804038084,-8.523591824284527
20.123840465259704,-8.526059839624285
20.130177674987944,-8.528515792741931
20.136519496401856,-8.530959956399272
20.14286578731046,-8.533392125286726
20.14921673482908,-8.53581221538287
20.155572269206637,-8.538220311750122
20.161932310324037,-8.540616463025556
20.168296877592873,-8.543000562493072
20.17466598100941,-8.545372634766176
20.181039526051197,-8.54773271668311
20.187417519666457,-8.550080739464399
20.19379993614118,-8.55241667313468
20.20018674808138,-8.554740595830724
20.20657794748663,-8.557052422043563
20.212973447295173,-8.559352170046445
20.21937331042805,-8.561639843399384
20.22577747553478,-8.563915408604542
20.232185931149534,-8.566178877770271
20.23859866027545,-8.5684302354472
20.24501567806867,-8.570669470123311
20.251436875893038,-8.572896624614545
20.25786227694888,-8.575111634604108
20.264291870843586,-8.577314446162923
20.27072554078946,-8.579505183032822
20.277163199461512,-8.581683235270376
20.28360510970073,-8.583846594402425
20.290052364062404,-8.585994703342932
20.296504624492872,-8.58812880672094
20.302961272885057,-8.590248910532111
20.309422628154078,-8.592354274881174
20.315888860164193,-8.594445075426325
20.32235972357447,-8.596521621247126
20.32883504385116,-8.598583762118885
20.33531504811482,-8.600631329152602
20.341799596747627,-8.602664401894296
20.348288695458486,-8.604683066701616
20.35478223338204,-8.606687261397028
20.361280258341186,-8.608676914858398
20.36778272284624,-8.61065206297726
20.374289575013137,-8.612612699547723
20.38080082062544,-8.614558784909473
20.387316320245038,-8.616490346125374
20.393836156259198,-8.618407368312084
20.400360230528015,-8.620309773193961
20.40688855797483,-8.622197677779049
20.41342106586327,-8.624070992185004
20.41995774951901,-8.625929707743595
20.426498572768377,-8.627773826550316
20.433043506777782,-8.62960333591727
20.43959252861617,-8.631418274489553
20.446145544249855,-8.633218506083214
20.452702556491356,-8.635004183671313
20.459263339633388,-8.636774689774768
20.465828058069672,-8.638528037262818
20.472397738065762,-8.640263568100366
20.47897207948757,-8.641982546746483
20.485550538848738,-8.643684968771133
20.492133370283355,-8.645370125700255
20.49872065518919,-8.647038234096625
20.50531220063546,-8.648689563073845
20.51190788467776,-8.650323916843695
20.51850780467142,-8.651941182027763
20.525111907455216,-8.65354138530535
20.531720005634313,-8.655124737451763
20.538332186439007,-8.656691008772373
20.54494838696433,-8.658240192794294
20.551568565664873,-8.659772350324246
20.558192663037612,-8.661287457749188
20.564820664717235,-8.662785468327543
20.571452530015925,-8.66426643456056
20.578088157635882,-8.665730340703494
20.58472754528381,-8.667177107392071
20.591370637060056,-8.668606720156488
20.598017375825005,-8.67001931128331
20.6046677413327,-8.671414728741473
20.611321623240244,-8.672793006686389
20.617979075576052,-8.674154132421535
20.62464003620218,-8.67549815163439
20.631304405672676,-8.676825034675943
20.637972185121487,-8.678134706443492
20.644643061831587,-8.679426756534529
20.65131710524805,-8.680699059796304
20.657995226291913,-8.681950996042247
20.66467721286627,-8.683183714740291
20.671362438981667,-8.684397427323226
20.67805114779106,-8.685591249471992
20.684743484282105,-8.686765378539706
20.691439260589352,-8.687920175518471
20.69813825479917,-8.689055506477404
20.704840536816352,-8.690171121202816
20.71154613423792,-8.691267195231639
20.718254819887736,-8.692343751470757
20.72496665019826,-8.693400683671127
20.731681522412995,-8.694438056355382
20.738399412755502,-8.695455800089215
20.74512024119062,-8.696453940269038
20.751843960158805,-8.697432436859712
20.758570526339767,-8.698391336024935
20.76529982590933,-8.699330506429508
20.772031835368306,-8.70025012665568
20.778766499809244,-8.701150011225753
20.78550377501929,-8.70203022501359
20.792243632674843,-8.702890773967864
20.798985938944018,-8.703731697593541
20.80573067812718,-8.704552916718256
20.81247777218352,-8.705354391195414
20.819227192122398,-8.706136256551217
20.82597887577309,-8.706898318764285
20.832732710011626,-8.707640808642797
20.83948870307154,-8.70836350486032
20.846246783554584,-8.70906647455933
20.853006893333493,-8.709749704885128
20.85976901439117,-8.710413164903082
20.866532974360766,-8.71105697355815
20.873298817865678,-8.71168093363257
20.880066403411643,-8.712285177688624
20.886835751143778,-8.712869607278092
20.893606816919437,-8.71343428028422
20.900379471975274,-8.713979238237796
20.907153694021083,-8.714504403959678
20.913929428761588,-8.715009774012366
20.92070662296767,-8.71549535046317
20.927485151258825,-8.715961192222933
20.934264727378405,-8.716406852211799
20.941045104217444,-8.71683017844796
20.94782709729946,-8.71723044146411
20.95461063964027,-8.717608896569285
20.961395199201206,-8.717965637360834
20.968180787400385,-8.718299978755018
20.974967557638617,-8.71861202446444
20.981755328632484,-8.718902063293225
20.988543938813415,-8.7191700223314
20.99533336334218,-8.719415608578444
21.002123589728427,-8.719639195646371
21.008914481092795,-8.71984059213927
21.015706009130778,-8.720019824003414
21.0224981004773,-8.720176929793448
21.029290666748583,-8.720311929899514
21.0360836353352,-8.720424739065335
21.04287694046852,-8.720515377295959
21.04967051750367,-8.72058384597128
21.056464304569957,-8.720630142861484
21.063258204601038,-8.720654322874376
21.070052100907244,-8.720656305252431
21.07684598761408,-8.720636142547473
21.08363976159122,-8.720593729629856
21.090433322181823,-8.720529207286205
21.09722666578681,-8.720442433381603
21.104019680268287,-8.720333589169751
21.11081230687743,-8.720202560172268
21.117604476714256,-8.720049349413857
21.124396117780456,-8.719873984034864
21.131187164790827,-8.71967646317831
21.137977542719486,-8.719456807188475
21.144767163565938,-8.719215063905617
21.151555962639208,-8.718951148815025
21.15834387136615,-8.718665056688875
21.165130813957823,-8.718356795661942
21.17191670274411,-8.718026448751209
21.17870146907152,-8.71767387675346
21.18548502126326,-8.717299200650837
21.192267308453477,-8.716902416316309
21.19904826989815,-8.71648344581618
21.205827837641372,-8.716042346777664
21.212605933733997,-8.7155791178778
21.219382120103827,-8.715093483957395
21.226155893316168,-8.714583327979211
21.23292792632313,-8.714047751584639
21.239698681999094,-8.713488407304991
21.24646805666031,-8.712907531988487
21.25323522929241,-8.712305266925638
21.2600002045036,-8.711680552384427
21.266763280185256,-8.711033340969916
21.273524270292608,-8.710364542247579
21.280282896752894,-8.70967370495005
21.28703923104179,-8.708960542027324
21.29379324944782,-8.708225359768127
21.300544846617033,-8.707468314737067
21.307293905096483,-8.706689181783329
21.31404040744035,-8.705887954350612
21.320783894697968,-8.70506441038289
21.327523734431864,-8.704216502761337
21.334260550064048,-8.70334330241999
21.340994532463498,-8.702446161546277
21.347725110490543,-8.701525207773999
21.354452173605935,-8.700579699850774
21.361175900192574,-8.699609720702785
21.367896107515598,-8.698615767231036
21.374612609737458,-8.697597566643687
21.381325386504166,-8.696555065047288
21.38803436703625,-8.695488396709626
21.394739471567373,-8.694397529989535
21.4014409843535,-8.69328279209322
21.40813945330015,-8.692146190444213
21.414834145517247,-8.69098881488172
21.421524297733843,-8.689809046242027
21.428209622416706,-8.688604586031746
21.434890774798337,-8.687375308947335
21.441567708785364,-8.686122412143126
21.44823989656077,-8.684845722893522
21.454907345212103,-8.683544710979351
21.46157020084889,-8.682219616980648
21.468228237400425,-8.680870572268043
21.47488127825089,-8.679497673561222
21.481529311963307,-8.678100631914425
21.488172308524618,-8.676679591318539
21.494810095601395,-8.675234698978233
21.501442635102855,-8.673765854226136
21.508069848795294,-8.672273045928044
21.51469166376322,-8.67075633249336
21.52130793251804,-8.669215854031034
21.527918614640974,-8.667651486538812
21.534523612161266,-8.666063205948694
21.541122885982723,-8.664451228312632
21.54771625943206,-8.662815474769994
21.55430370964119,-8.661155933333138
21.560885117337506,-8.659472543535724
21.567460453663855,-8.657765597252517
21.57402958281349,-8.656034856521702
21.58059243328628,-8.654280422892322
21.58714889617067,-8.65250242182451
21.593698906538126,-8.650700636153122
21.600242350358428,-8.648875404336218
21.606779150792335,-8.647026510857474
21.613309259119493,-8.645154055666234
21.619832546528166,-8.643258031013122
21.62634895856821,-8.641338564377802
21.63285843750847,-8.639395636536705
21.639360866929923,-8.637429174943579
21.645856152927816,-8.635439323241279
21.652344219793076,-8.633425992185472
21.658825021590918,-8.631389309893699
21.665298403448958,-8.629329329203875
21.671764328146686,-8.627245985725413
21.678222684337864,-8.625139248389447
21.684673450991696,-8.623009330693545
21.691116437472964,-8.620856107804237
21.697551668770867,-8.618679736460207
21.70397900495291,-8.616480145381137
21.710398323273438,-8.61425729417666
21.716809620189363,-8.61201146163895
21.723212737162076,-8.609742487902485
21.729607625355378,-8.607450381960625
21.735994214264274,-8.605135231807457
21.742372397497295,-8.602797075070375
21.748742148925633,-8.600435991196147
21.7551033383466,-8.598051923488454
21.7614558866767,-8.595644899401043
21.76779972052972,-8.593214974807397
21.77413473664344,-8.590762189791448
21.780460878214267,-8.588286605754627
21.78677802667419,-8.5857882711869
21.793086573994533,-8.583267328877966
21.799387500935193,-8.580725726815434
21.80568026331778,-8.57816453806339
21.811964256966665,-8.575582701496693
21.81823935687231,-8.572979687470772
21.824504590575607,-8.570354294330928
21.830760079209927,-8.567705660988766
21.83700626059951,-8.565034427519015
21.84324283613183,-8.562341088431069
21.84946947679779,-8.559625152373195
21.855686773274712,-8.556886837202203
21.861895839086525,-8.554128285543415
21.868095994757027,-8.551350441380162
21.87428662872065,-8.54855221222243
21.88046807317615,-8.545733204434882
21.88664057999748,-8.542894412837333
21.89280371529409,-8.540035684951283
21.89895736823856,-8.537156635845756
21.905101666348344,-8.534257445612816
21.91123652539805,-8.531338337964355
21.917361791651118,-8.528399311060578
21.923477372990384,-8.525440113179457
21.92958332728934,-8.522461143266954
21.935679503508222,-8.519462188917588
21.94176584333094,-8.516443338472211
21.947842322975486,-8.513404677680933
21.953908887819647,-8.510346240855485
21.9599654185086,-8.507267979279533
21.966011873341238,-8.504169954963768
21.97204818306668,-8.50105227512443
21.97807427171015,-8.497914853444978
21.984090096247506,-8.494757890351936
21.990095584904886,-8.491581257497836
21.9960906846012,-8.488385041535446
22.002075326906578,-8.485169271312895
22.008049436398615,-8.481933991635879
22.014013001153078,-8.478679285672625
22.019965899053478,-8.475405111904937
22.02590806223667,-8.472111508197266
22.031839433310996,-8.468798520401615
22.03775997180293,-8.465466277844037
22.04366958401142,-8.462114662861813
22.049568239374793,-8.458743785878067
22.055455859444294,-8.455353687916887
22.061332431811216,-8.451944456927418
22.067197841675423,-8.44851605308846
22.073052029414395,-8.445068508280444
22.078894944631852,-8.441601877964832
22.084726521724683,-8.438116193627996
22.09054668982168,-8.434611503933334
22.096355428393263,-8.43108791241245
22.10215259720515,-8.427545334226787
22.10793815841586,-8.423983845365614
22.11371208238438,-8.420403569130746
22.11947428329559,-8.416804413830638
22.125224716680126,-8.413186467004971
22.13096331837125,-8.409549766352493
22.136690020136538,-8.405894365720249
22.142404810261684,-8.402220356033391
22.148107574368137,-8.398527703323573
22.153798203053622,-8.39481639304428
22.159476753666144,-8.391086676643198
22.16514305503192,-8.387338376484747
22.170797113223504,-8.383571664865148
22.17643884116584,-8.37978648120449
22.182068184935112,-8.37598290936038
22.187685133327378,-8.372161038993859
22.193289570758772,-8.368320835345749
22.198881439998004,-8.364462334779788
22.20446069527623,-8.36058559807338
22.210027274451747,-8.356690664380853
22.21558111386499,-8.352777589325465
22.221122206223782,-8.348846492237882
22.226650366978287,-8.344897235786053
22.23216565621752,-8.340930070748001
22.237667951102495,-8.336944930506826
22.243157203785426,-8.332941830975168
22.24863337521253,-8.328920841508374
22.25409640185175,-8.324881998028163
22.259546220641713,-8.320825352765763
22.264982820154543,-8.316750996770022
22.27040608465665,-8.312658899236961
22.27581591793126,-8.308549063634167
22.2812123652066,-8.304421703722031
22.286595242011227,-8.300276643132495
22.291964651350725,-8.296114172741463
22.297320404152643,-8.291934125887494
22.302662496341387,-8.287736621198214
22.30799087019543,-8.283521703673259
22.313305458072854,-8.279289409917363
22.318606252595742,-8.275039888636051
22.32389309601937,-8.27077302573493
22.32916652973822,-8.266489080736399
22.334427976527508,-8.262189433531027
22.339677304597053,-8.257875334666789
22.34491362964108,-8.253545909070716
22.350137143075912,-8.249200728878197
22.35534817950201,-8.244840410127042
22.360546515810448,-8.240465199156485
22.365731851515957,-8.236074625559937
22.370904410150136,-8.231668899538791
22.376064140694716,-8.227248150376774
22.381210911284825,-8.222812372375293
22.386344681473503,-8.218361521545784
22.391465458593093,-8.213895687798498
22.396573220440775,-8.20941499205018
22.401667864211277,-8.204919415942333
22.4067493481574,-8.200408969167887
22.411817605661632,-8.195883680209084
22.416872669737685,-8.1913436872862
22.421914427025786,-8.186788906055897
22.426942872370294,-8.182219415297133
22.43195794941828,-8.17763524654914
22.436959649686827,-8.173036484922713
22.44194792305675,-8.168423154981568
22.446922678541604,-8.163795238785601
22.451883906922134,-8.159152812110799
22.456831564541005,-8.154495912608056
22.461765623500053,-8.149824626585456
22.466685951086102,-8.145138892322768
22.471592653531413,-8.140438933696574
22.476485560784848,-8.135724600880048
22.48136470594151,-8.13099606050993
22.486230012543505,-8.126253256842956
22.49108145302628,-8.121496261997185
22.49591903349607,-8.116725168592673
22.5007426517708,-8.111939953740762
22.50555226749051,-8.107140653369267
22.510347854523783,-8.10232732303274
22.51512936894688,-8.097500000789035
22.51989676986245,-8.092658731027015
22.524650044673525,-8.08780363062625
22.52938910709825,-8.082934663164217
22.53411387672928,-8.078051831329098
22.538824436982676,-8.0731553255655
22.54352061899502,-8.068245009713092
22.54820249667341,-8.06332105012396
22.552870005944403,-8.058383464505832
22.557523052947243,-8.053432237220076
22.562161632250152,-8.048467441844782
22.56678570220348,-8.04348911833097
22.571395212169627,-8.038497298194367
22.575990164691568,-8.033492069553622
22.58057050823894,-8.028473466791143
22.5851366388913,-8.023441468671681
22.589690358694497,-8.018397430226944
22.594231570141233,-8.01334243077903
22.598759357522102,-8.00827581912702
22.60327383978323,-8.00319709311333
22.607775521261686,-7.998106889262521
22.61226411413953,-7.993005297590479
22.61673938189694,-7.987892036936935
22.621201486565084,-7.9827671653520085
22.625650513634316,-7.977630942583818
22.63008624784457,-7.972483286137373
22.634508654540024,-7.967324146423212
22.638917788704966,-7.962153621020451
22.643313604696363,-7.9569717732634215
22.647696075398763,-7.951778645243489
22.652065068103653,-7.946574184478894
22.65642071707868,-7.941358574648816
22.660762870197196,-7.936131730788078
22.665091527139612,-7.930893736637366
22.66940667316899,-7.9256445777854845
22.67370831984833,-7.920384342486065
22.677996425329574,-7.915113063132063
22.68227090894804,-7.909830721114822
22.686531778568263,-7.904537379426799
22.690779003676106,-7.899233073176958
22.6950125652439,-7.893917848199878
22.69923239038939,-7.888591748427383
22.703438508639955,-7.883254826638721
22.70763079924044,-7.877907028250787
22.71180939316845,-7.872548540449762
22.715974119802773,-7.867179254528891
22.720125006447702,-7.861799251761834
22.724262024402417,-7.8564085673507575
22.728385135520348,-7.8510072254485275
22.73249435427519,-7.8455952980364785
22.736589624273318,-7.840172832974037
22.74067090371885,-7.834739827644238
22.744738109582677,-7.829296306255174
22.74879135850431,-7.823842392430121
22.752830508608614,-7.818378017899672
22.756855573634024,-7.812903249422902
22.760866516245777,-7.8074181122428685
22.764863351416814,-7.801922677494169
22.768846042111623,-7.79641698433868
22.772814501569822,-7.790901027111493
22.77676927397405,-7.785374823168656
22.78071209373145,-7.779839359835021
22.78464330243641,-7.77429592756066
22.788561640485206,-7.768743732433331
22.792467313862993,-7.7631823728220555
22.796360906771845,-7.757612402082064
22.800242140651825,-7.752033976449803
22.80411069774126,-7.74644677756213
22.80796674920871,-7.740850841632118
22.81181045890423,-7.7352464506612755
22.81564157116845,-7.729633493489095
22.819460094021004,-7.724011976560643
22.823266065151014,-7.718381907459405
22.827059512983286,-7.712743396619589
22.83084036574212,-7.707096444429504
22.83460856898688,-7.701441023944847
22.838364154487017,-7.695777203582749
22.84210708964775,-7.690105012143091
22.845837363041717,-7.684424488329133
22.84955487807034,-7.678735619892382
22.853259768212137,-7.673038550891799
22.856951867100488,-7.6673331740410955
22.86063126681949,-7.6616196018324025
22.864297875781222,-7.65589780433583
22.86795170614155,-7.650167829253867
22.871592737135533,-7.644429703648174
22.875220940430786,-7.638683443221861
22.87883635117181,-7.6329291413129665
22.88243885107455,-7.627166750434635
22.886028500558645,-7.6213963922070445
22.88960526516895,-7.615618010988787
22.893169106159025,-7.609831657059006
22.8967200266668,-7.604037354608198
22.90025800793215,-7.598235132859122
22.903783020653915,-7.592425007628878
22.90729508567031,-7.5866070332665245
22.910794170789835,-7.580781262557906
22.914280191926093,-7.574947658112634
22.917753205113044,-7.569106348855132
22.92121367493838,-7.563257185524503
22.92466346254109,-7.557401017041791
22.928102988066083,-7.5515390563592835
22.931530984792996,-7.545670684785298
22.934947592032415,-7.539795444070661
22.938353405439788,-7.533913800090796
22.9417481891362,-7.528025926133821
22.94513165134794,-7.522131545529003
22.94850402222975,-7.516230726345508
22.951865304073838,-7.51032362342933
22.955215414210866,-7.50441021586549
22.958554269518064,-7.498490437487612
22.96188196634068,-7.4925643934565045
22.965198463824297,-7.486632058882488
22.968503772147045,-7.480693503373667
22.971797821963644,-7.474748678377363
22.975080651460303,-7.468797638693655
22.978352235568963,-7.462840407668243
22.981612543814514,-7.456876981541651
22.984861608629796,-7.45090740170551
22.988099395474286,-7.444931752030137
22.991325879850788,-7.4389499716588015
22.99454102571316,-7.432962098520851
22.9977448909191,-7.426968218359424
23.000937383941466,-7.420968242621872
23.00411859472603,-7.414962284341047
23.00728844519932,-7.408950316666698
23.01044692566493,-7.402932358947638
23.013594035777555,-7.396908438880913
23.01672976028564,-7.39087857464931
23.019854082372916,-7.384842765832218
23.022967039760307,-7.3788011305063295
23.026068537784912,-7.37275359144841
23.02915859674833,-7.366700253440719
23.032237236846292,-7.360641063983861
23.035304381313107,-7.354576082966059
23.038360102746505,-7.348505305781755
23.041404377282223,-7.34242878779858
23.0444371472145,-7.336346511260783
23.047458430267465,-7.330258510381968
23.050468213966855,-7.3241648069554435
23.05346698926899,-7.318065271778605
23.05645671057503,-7.311960666758365
23.05943779911644,-7.30585206593969
23.062408976701633,-7.299738968485565
23.06537041668284,-7.2936209726945815
23.068322678945762,-7.2874983983505635
23.07126557261825,-7.281371434088906
23.07419883693388,-7.275239898597602
23.077122605014125,-7.269103734989983
23.08003698596238,-7.262963103632961
23.08294185369457,-7.2568180051768305
23.08583715450454,-7.25066837302526
23.088723011324706,-7.244514282048046
23.09159935822824,-7.238355756592143
23.094466125872735,-7.232192826789986
23.09732339987632,-7.226025461967879
23.10017110346296,-7.219853659949575
23.103009317582746,-7.213677526457289
23.105837946903097,-7.207496983396611
23.10865702317112,-7.2013120663441645
23.111466539127683,-7.19512279320548
23.114266472211323,-7.188929142413129
23.117056867811698,-7.182731206932863
23.119837673218704,-7.176528957993545
23.12260888335222,-7.1703224083101675
23.12537046840542,-7.164111550606605
23.128122512782536,-7.1578965142188835
23.130864888065833,-7.1516771681005835
23.133597696563815,-7.145453680132706
23.13632086116683,-7.139225931928639
23.13903438805253,-7.132994012121486
23.141738754280162,-7.12675770005461
23.144436043888977,-7.120517641172476
23.147126641394312,-7.114274938684952
23.149809297609107,-7.1080291308
23.152484110308865,-7.101779743455313
23.155151713947397,-7.095527145071894
23.157811903494995,-7.089271591243948
23.160464374526864,-7.08301274976073
23.163109280922807,-7.076750667344152
23.165746794164416,-7.07048542083182
23.168376773423965,-7.064217073078207
23.170999142819802,-7.057945516691966
23.173614003939377,-7.0516707933544245
23.176221340241497,-7.045392938648201
23.178821119280865,-7.039112002676919
23.181413324314367,-7.032827903959787
23.183997983519895,-7.026540733906858
23.186575068338755,-7.020250416607011
23.189144616887194,-7.013957036516778
23.19170658104487,-7.00766055702035
23.19426098076871,-7.001360997707107
23.196807807157683,-6.995058373189913
23.199347045543835,-6.9887526806126345
23.20187869384904,-6.982443945185684
23.204402769771747,-6.976132219420793
23.206919231369845,-6.969817415383447
23.2094281414878,-6.963499619110077
23.211929443192567,-6.957178799547555
23.214423152691758,-6.950854970783257
23.21690974040166,-6.944527965233531
23.219391278931724,-6.9381982963749005
23.22186814037418,-6.931867052047584
23.224339224108075,-6.925533903608406
23.226804469073777,-6.919198240377054
23.229264611488475,-6.912860524215556
23.23171941522161,-6.906520851603017
23.234168551521236,-6.900178985704178
23.236612267966603,-6.893834957900515
23.239050643293776,-6.887488875103524
23.241483544133605,-6.8811407296933975
23.243910940605307,-6.874790454130711
23.246332906111974,-6.868438071091665
23.248749435991158,-6.8620836633788915
23.251160491425274,-6.855727203132268
23.25356607075922,-6.849368646004771
23.25596620622981,-6.843008058914399
23.258360887526155,-6.836645403197979
23.260750086462792,-6.830280658634252
23.26313382027378,-6.823913858972881
23.26551211610678,-6.81754503021159
23.26788493908631,-6.811174179456247
23.270252256633405,-6.804801268694437
23.27261409002123,-6.798426336784985
23.274970492168478,-6.792049422063507
23.277321398253974,-6.785670469229187
23.279666820248487,-6.7792894664221635
23.28200676510676,-6.772906449303382
23.284341259497488,-6.766521437789396
23.286670265825734,-6.760134425316697
23.288993777651083,-6.753745401778008
23.29131180953283,-6.747354414651498
23.293624344604943,-6.740961444797564
23.29593139987001,-6.734566505941731
23.298232952101735,-6.728169548896594
23.3005290098458,-6.721770615446345
23.302819600312386,-6.715369724684126
23.305104694981015,-6.708966884532142
23.30738425844731,-6.702562065602236
23.309658311699888,-6.696155301303654
23.31192690720526,-6.6897466264967855
23.314189981746757,-6.683335989722192
23.316447546502232,-6.676923380601514
23.31870007971155,-6.670508634864766
23.32094969968286,-6.664092220442804
23.323196823185,-6.657675145889841
23.32544025091449,-6.651257076474497
23.327680008378223,-6.644837559482508
23.329916754979664,-6.638416856776482
23.332150344790268,-6.6319952335902945
23.33438037432466,-6.625572396714916
23.336607102016863,-6.619148329157061
23.3388306418453,-6.612723147862534
23.34105085567579,-6.60629684912536
23.343267658228104,-6.5998693452452315
23.345481221025555,-6.593440702718755
23.34769150353159,-6.587010960111535
23.349898417371644,-6.580580064303508
23.352101997791237,-6.574148032335749
23.354302319018863,-6.567714900482476
23.35649928879787,-6.561280620042406
23.35869296363525,-6.5548452154522625
23.360883317988215,-6.548408669919715
23.36307036507774,-6.541970990313267
23.365254098567757,-6.535532177529412
23.36743450000337,-6.529092215641919
23.369611583634885,-6.522651141098794
23.371785336090102,-6.516208950829752
23.373955806090684,-6.509765683030824
23.37612291659408,-6.503321275099941
23.378286727877995,-6.496875785016245
23.380447646852023,-6.490428939269317
23.382607855349853,-6.483981207466004
23.38476778873677,-6.477533599846574
23.386926218360387,-6.47108578317586
23.38908318994356,-6.464637281682417
23.39123932813329,-6.458188379513587
23.393394483524567,-6.451739297481349
23.395548353844525,-6.4452898455891665
23.397700592606483,-6.438840105260937
23.399849297885492,-6.432389830737909
23.40199384404041,-6.4259379965074235
23.404135870268313,-6.41948464750257
23.406277521998256,-6.4130306896144
23.408418584282572,-6.406576887922881
23.410558003431593,-6.400122732863286
23.412696164163467,-6.3936679494367565
23.41483352417456,-6.3872128407923245
23.416969815241085,-6.380757519476463
23.419104807254545,-6.37430174895843
23.421238733352517,-6.367845541962738
23.42337164888966,-6.361389016437009
23.425503393389054,-6.354932139359361
23.42763399414585,-6.348474884479644
23.429763521194847,-6.3420172789953195
23.431891937882373,-6.335559312662111
23.434019239726965,-6.329101007523715
23.43614542923603,-6.322642307632607
23.43827050966633,-6.3161832291330375
23.440394486837416,-6.309723786427912
23.442517359101224,-6.303263974044775
23.444639125209925,-6.296803789088039
23.446759791875053,-6.290343239089346
23.448879328984752,-6.283882327896515
23.450997756872287,-6.277421059698222
23.45311509272796,-6.2709594597034615
23.455231294732666,-6.264497489429625
23.457346400433945,-6.2580351574727
23.4594604012768,-6.251572452271543
23.461573293453053,-6.245109371838284
23.463685066004683,-6.238645916663445
23.4657957475645,-6.232182099072984
23.467905809826753,-6.225717741480135
23.470017279230078,-6.219253189229602
23.4721306974075,-6.212789506424085
23.474244852909457,-6.206326392115237
23.476359735568945,-6.199863314060388
23.478476052472754,-6.193400582886871
23.480593098782627,-6.186938578034678
23.482708525266638,-6.180476704215963
23.484822003715536,-6.174013892735451
23.48693536922868,-6.167550365332486
23.489050483508745,-6.161087011825329
23.491167178831947,-6.154624508877268
23.49328399975147,-6.14816256876643
23.49539927792526,-6.141700560676583
23.497513412601016,-6.135237594011227
23.499629304887776,-6.12877434811496
23.50174738793947,-6.1223122199472995
23.503865913735094,-6.11585059183301
23.505985173272233,-6.109388889351071
23.50810598427479,-6.10292755916183
23.51022800853903,-6.096466820353301
23.512350862029486,-6.090006400996997
23.51447483985631,-6.08354624147061
23.51660007026778,-6.077086520707525
23.518726353923398,-6.070627218805547
23.520853685107497,-6.064168224862359
23.522982178569404,-6.057709576839156
23.52511180900578,-6.051251314334367
23.52724251352654,-6.04479341053329
23.529374322252085,-6.0383358511989496
23.531507254350412,-6.031878656983032
23.53364130996446,-6.0254218491565315
23.535776459166105,-6.018965410140234
23.537912691215585,-6.012509352023335
23.540050068525403,-6.006053661681085
23.54218852888508,-5.999598346521458
23.54432810356392,-5.993143382625009
23.546468795374405,-5.986688779054371
23.548610612803135,-5.980234537251491
23.550753523505712,-5.973780652921393
23.552897539274536,-5.967327141132787
23.55504267568532,-5.960874000060667
23.557188897560295,-5.9544212464987964
23.55933623827145,-5.947968872651816
23.56148469658094,-5.941516866365088
23.56363424537223,-5.9350652296035395
23.565784910778557,-5.92861395635193
23.567936687481115,-5.922163042625186
23.570089575116143,-5.915712488423108
23.572243587948396,-5.90926230038665
23.574398707450023,-5.902812471316761
23.576554907767207,-5.896363030167518
23.578712240008727,-5.889913971451328
23.580870675569685,-5.883465285597879
23.583030187783585,-5.877016988169498
23.585191319847187,-5.870568856220463
23.587356105209032,-5.864121302853658
23.58952503620156,-5.857675353647265
23.59169689217914,-5.85123068502881
23.593871740804804,-5.844786821590853
23.596050192234177,-5.838344045325027
23.598232060254514,-5.831902589973879
23.600417085676167,-5.825462245387212
23.60260539916202,-5.819022933431784
23.60479714090609,-5.81258478732613
23.606991696522467,-5.806147996837235
23.60918696335393,-5.799712075853454
23.61138251641962,-5.793276004064697
23.613579617862285,-5.7868401716408435
23.615778632922922,-5.7804048574905025
23.61798098331503,-5.773970155888514
23.62018734645808,-5.767536907327748
23.62239683863868,-5.761105006187638
23.624609302498964,-5.754674010593073
23.626825273007437,-5.748244086024139
23.629044698835635,-5.741815431847638
23.63126731730603,-5.735387925206302
23.633493180888845,-5.728961494032549
23.635722458593946,-5.722536238661841
23.637955017530313,-5.716112173529339
23.640190875126724,-5.709689251087864
23.64243002602316,-5.70326745028036
23.6446725133596,-5.69684681105422
23.646918295758624,-5.690427321934455
23.649167388784154,-5.68400899498154
23.651419763278643,-5.6775918304562785
23.653675472596863,-5.671175846988134
23.655934466934898,-5.664761024410162
23.658196773870486,-5.658347361088559
23.66046237664927,-5.651934856767996
23.662731287971052,-5.645523513510859
23.6650035028629,-5.639113328079864
23.66727902652025,-5.632704307313173
23.66955786803673,-5.626296475383074
23.67184001052879,-5.61988982691745
23.674125402112942,-5.613484356201557
23.676414143886433,-5.607080079681074
23.678706139395228,-5.6006769809780765
23.681001465571583,-5.594275066285778
23.683300100587115,-5.587874322753741
23.685602008504382,-5.581474751855648
23.687907220846803,-5.575076363765427
23.690215730664228,-5.568679153696189
23.69252753221052,-5.562283128448208
23.69484264937707,-5.555888317252348
23.69716105774697,-5.5494947020405405
23.699482717967243,-5.543102289549962
23.70180770944132,-5.536711095417529
23.704135977646295,-5.530321083818665
23.70646754449001,-5.523932266821782
23.70880244020192,-5.517544656695521
23.711140591466567,-5.511158227589252
23.71348203679995,-5.504773000098025
23.715826791911237,-5.49838899806443
23.718174783904153,-5.492006203220765
23.72052611358549,-5.485624633251943
23.722880682991086,-5.479244275738144
23.725238559986952,-5.472865124593266
23.72759976139449,-5.466487194880772
23.72996421382156,-5.460110459719754
23.732331956468794,-5.453734939770631
23.734702972890407,-5.44736063912066
23.73707730103084,-5.440987583813682
23.739454913085478,-5.434615759695126
23.741835767052837,-5.428245163095926
23.744219925005194,-5.421875786467078
23.74660740243135,-5.415507644942027
23.748998124941743,-5.409140711094405
23.751392131030165,-5.4027750058961
23.753789436390058,-5.39641055337116
23.756189976161696,-5.390047331192906
23.758593829569104,-5.38368536264677
23.761000919782308,-5.377324629324251
23.76341130603799,-5.370965135263943
23.765825006754582,-5.364606889993252
23.76824194851353,-5.358249865878404
23.770662170222725,-5.35189408389753
23.773085664545736,-5.3455395451535495
23.775512452617672,-5.33918627332367
23.777942514556788,-5.332834264098717
23.7803757983823,-5.326483505435123
23.782812406511123,-5.3201340178418794
23.785252245823752,-5.313785780404732
23.787695368905293,-5.307438790851192
23.790141762170503,-5.301093049996887
23.792591442443836,-5.294748574844388
23.795044400427265,-5.288405349816518
23.797500601730967,-5.282063376287266
23.79996007034563,-5.27572267059921
23.802422821325944,-5.269383243907926
23.80488881708557,-5.26304509872461
23.80735807507761,-5.256708232569999
23.809830614754826,-5.25037265354545
23.81230638140396,-5.244038343723672
23.814785444489768,-5.237705319676242
23.817267781499943,-5.231373561264919
23.819753356589977,-5.225043068978735
23.822242200837447,-5.218713853907506
23.824734306757115,-5.212385911162834
23.82722967293983,-5.2060592423097445
23.829728338547927,-5.199733872319822
23.83223019487378,-5.1934097828412735
23.834735344749276,-5.1870870034155665
23.837243751650966,-5.180765527661265
23.83975536345967,-5.174445342315533
23.8422702590352,-5.168126451446725
23.844788448456818,-5.161808864269916
23.84730985797713,-5.155492551013764
23.849834526089357,-5.149177533505913
23.852362445084623,-5.142863812949473
23.85489363578171,-5.136551412933721
23.857428077909944,-5.130240329146043
23.85996573042456,-5.123930547420601
23.862506641264744,-5.117622070999054
23.865050847221095,-5.111314915762832
23.867598266053445,-5.1050090477242325
23.870148936017866,-5.098704488970092
23.872702857761446,-5.0924012371822025
23.875260043038033,-5.086099315154895
23.877820421314347,-5.079798710598861
23.880384095267775,-5.073499447422975
23.882950974436767,-5.067201500520229
23.885521148353718,-5.060904884863292
23.88809453272645,-5.054609569811029
23.890671164774997,-5.048315577374784
23.893251044733358,-5.042022905160392
23.895834183713493,-5.0357315760075405
23.898420510309222,-5.029441577371039
23.90101012650859,-5.02315293348464
23.90360294096289,-5.016865618983921
23.90619904285175,-5.010579649371757
23.908798347683515,-5.004294993566931
23.911400892795346,-4.998011673820078
23.914006678960824,-4.991729687772381
23.91661572810804,-4.985449054543066
23.91922795360299,-4.979169762517391
23.921843452615207,-4.9728918392051185
23.92446215305251,-4.966615264154115
23.927084137740163,-4.960340048034824
23.92970932176969,-4.954066158870431
23.932337742125046,-4.947793618954608
23.934969399151985,-4.941522425938426
23.93760430388985,-4.9352526028780215
23.94024238472998,-4.928984136606667
23.942883744006615,-4.922717052000229
23.94552829015859,-4.916451323143537
23.948176112693876,-4.910186966428422
23.950827127165248,-4.903923949792344
23.95348137098864,-4.897662295872661
23.956138845102192,-4.89140200232831
23.958799535776713,-4.88514306750568
23.961463476848888,-4.878885535454304
23.964130636260485,-4.872629375382878
23.966800966610812,-4.866374589206277
23.969474588642612,-4.86012120257224
23.972151394153702,-4.853869165544085
23.974831424530628,-4.847618504440802
23.977514680070563,-4.841369216853151
23.98020118197389,-4.835121322268993
23.982890842513296,-4.8288748080482815
23.98558375838198,-4.822629702645933
23.988279854640666,-4.816385975950553
23.99097922293763,-4.8101436614063395
23.993681767501496,-4.803902709645587
23.99638753042343,-4.797663147214531
23.9990965126835,-4.79142497175796
24.001808700482513,-4.785188181591642
24.004524127544343,-4.778952820787307
24.007242761581317,-4.772718858480223
24.009964568874047,-4.7664862998526525
24.012689630964204,-4.760255155103115
24.01541787603001,-4.754025394986768
24.018149334581768,-4.747797037491647
24.02088400665708,-4.7415700801230365
24.023621877669843,-4.735344521156457
24.02636298072361,-4.729120404708759
24.029107283153916,-4.722897699952505
24.031854751081735,-4.716676411970819
24.034605466397625,-4.710456551294157
24.03735935787238,-4.704238088445434
24.040116456709875,-4.698021041565805
24.042876763695208,-4.691805408181021
24.04564026488044,-4.685591186549566
24.048406993817213,-4.6793784207554605
24.0511769180395,-4.673167079869664
24.05395000356837,-4.666957168781095
24.056726332060506,-4.660748698242507
24.05950583166863,-4.654541638547994
24.06228853287525,-4.648336007912574
24.06507443575707,-4.642131803845343
24.067863536008964,-4.635929025064987
24.070655860060143,-4.629727695763269
24.07345131509179,-4.623527798833422
24.07625000787581,-4.617329375755674
24.079051888830257,-4.611132399596461
24.081856919928583,-4.6049368594185776
24.084665160296304,-4.598742760153132
24.08747661268919,-4.592550115639715
24.090291265871606,-4.586358907778906
24.09310908617395,-4.580169136131587
24.095930104362054,-4.573980813425629
24.098754313171362,-4.567793934380654
24.10158172529707,-4.561608525611245
24.10441227682573,-4.555424575503153
24.107246047715204,-4.549242109864114
24.110082999017564,-4.543061106177792
24.112923105888775,-4.536881562914541
24.115766407356933,-4.530703472612689
24.118612895773854,-4.524526841140308
24.12146260234559,-4.518351686216687
24.124315455112153,-4.512177973649817
24.127171471923923,-4.506005734058624
24.130030699507692,-4.499834991771521
24.13289308209558,-4.49366572538407
24.135758646711878,-4.487497939477815
24.13862738543653,-4.481331619569631
24.14149930723384,-4.47516677261475
24.144374442224738,-4.46900341555728
24.147252717680544,-4.462841513694552
24.150134150688913,-4.456681097684415
24.153018787537533,-4.450522191983038
24.155906571878575,-4.444364775094577
24.158797530373427,-4.438208851727809
24.161691655275582,-4.432054407357814
24.164588955863156,-4.4259014490845905
24.167489462796492,-4.419749994084566
24.170393104028847,-4.4136000072600625
24.17329991769556,-4.407451513532668
24.176209918406986,-4.4013045383273885
24.179123033808406,-4.395159056881041
24.1820393530017,-4.3890150995849355
24.184958800932083,-4.382872635295256
24.18788145530637,-4.376731700196695
24.190807250738363,-4.370592253167193
24.193736211428565,-4.364454303993981
24.196668335326944,-4.358317853634514
24.199603639635633,-4.352182920695577
24.202542113481975,-4.346049488364203
24.205483715616165,-4.339917564612673
24.20842850003664,-4.333787170533773
24.211376387711564,-4.327658291336866
24.214327477706327,-4.321530965559626
24.217281719576448,-4.315405165250213
24.22023907547186,-4.309280878403056
24.2231996048395,-4.303158111066981
24.226163310062287,-4.2970368777573125
24.229130178934863,-4.290917159498916
24.232100178000604,-4.284798955211496
24.235073337529204,-4.278682278422361
24.23804965029854,-4.272567123693518
24.24102911471309,-4.266453492300876
24.244011757420257,-4.2603414121643866
24.246997491026818,-4.254230863286295
24.249986414400954,-4.248121879032983
24.252978452186625,-4.242014442642964
24.25597362979573,-4.235908555570161
24.25897197969742,-4.229804221853476
24.261973448180683,-4.223701413088178
24.264978065194274,-4.217600148147557
24.2679858311751,-4.211500424312423
24.270996742381307,-4.205402240139909
24.274010801185238,-4.199305601028282
24.277028014037732,-4.193210535306446
24.280048365511252,-4.187117030815526
24.28307180209493,-4.181025079604986
24.286098427620324,-4.174934706533768
24.28912816517497,-4.1688458765182075
24.292161044468795,-4.162758600815745
24.29519706100319,-4.156672877658509
24.298236228549705,-4.150588724828911
24.301278509113704,-4.144506143434047
24.30432393475862,-4.138425140756711
24.307372459535276,-4.132345705839928
24.310424156979245,-4.126267859311028
24.313478960069883,-4.120191568135417
24.316536899863504,-4.114116844306809
24.319597971908117,-4.108043686049446
24.322662178443743,-4.101972098544118
24.325729535384813,-4.095902103212396
24.328799988536513,-4.089833691959381
24.331873561049886,-4.083766870554913
24.334950274995993,-4.0777016481290875
24.338030094475315,-4.0716379982204804
24.341113042894797,-4.065575929048051
24.344199115644976,-4.059515438253177
24.34728832663417,-4.053456543715559
24.35038063765535,-4.047399246201083
24.353476095907507,-4.041343551923302
24.356574623972413,-4.035289447560221
24.359676305401553,-4.029236958446496
24.362781087190598,-4.0231860536201145
24.365888992832193,-4.017136742477165
24.36900001755157,-4.011089022699179
24.372114163482753,-4.005042899335584
24.375231461371037,-3.9989983927877706
24.378351805073308,-3.9929554812639654
24.381475300651825,-3.986914204807999
24.38460190514673,-3.9808745436724413
24.387731578655725,-3.9748364912363163
24.39086438375226,-3.968800056763061
24.394000317743988,-3.9627652331725507
24.39713933810909,-3.9567320103397625
24.400281474844604,-3.950700402377301
24.40342672149421,-3.9446704036066866
24.406575077015418,-3.9386420154341604
24.40972655594081,-3.932615272962968
24.412881136019852,-3.926590164076531
24.416038767904254,-3.9205666738612264
24.419199553767676,-3.9145448303018666
24.42236339171361,-3.908524609949288
24.4255303535952,-3.9025060142103527
24.428700454122158,-3.8964890638581666
24.431873619592825,-3.890473718385702
24.435049887196477,-3.8844600047559323
24.438229257776577,-3.8784479208406144
24.441411752007337,-3.8724374880223635
24.444597281518586,-3.866428686717134
24.4477859445031,-3.8604215518240728
24.45097766698367,-3.8544160567365187
24.454172509690544,-3.8484122308770963
24.45737043097571,-3.8424100311856226
24.46057144759964,-3.8364094704218754
24.463775576386283,-3.830410566906598
24.466982805325504,-3.824413302505803
24.470193101878365,-3.8184176752611396
24.4734064723805,-3.812423700976648
24.476622962467367,-3.806431414922936
24.479842533789153,-3.800440790894182
24.483065145892247,-3.7944518197260537
24.48629087678703,-3.7884645288107155
24.489519673339352,-3.782478885370249
24.492751559234303,-3.7764948995978758
24.49598653011001,-3.7705125691223897
24.49922458852404,-3.764531898995019
24.50246576550992,-3.7585529107858053
24.505709977977755,-3.752575571376359
24.508957295607445,-3.7465999234394025
24.512207636937784,-3.7406259438035163
24.51546109813333,-3.7346536689289938
24.518717600008834,-3.7286830569152962
24.521977227559955,-3.7227141431508315
24.525239894529633,-3.716746884114441
24.528505643714826,-3.71078130382361
24.531774468117426,-3.7048173962512996
24.53504636644538,-3.6988551626796435
24.538321377498626,-3.6928946334741877
24.54159938984085,-3.686935776549924
24.54488050817264,-3.6809786328225873
24.548164693479094,-3.6750231927150625
24.55145189403183,-3.66906943723778
24.554742191150982,-3.6631173761030102
24.55803559300895,-3.657167026565825
24.561332026592442,-3.6512183445921695
24.5646315289636,-3.6452713580710725
24.567934100976856,-3.639326064873252
24.571239727434442,-3.633382463055964
24.574548440752718,-3.627440597042662
24.577860207699302,-3.6215004349311237
24.58117497892031,-3.6155619742983283
24.58449286397098,-3.6096252508879743
24.58781377014272,-3.603690223027649
24.59113774321433,-3.5977568956687653
24.594464793610808,-3.59182528952255
24.59779490899057,-3.585895385964324
24.6011280575706,-3.579967182513726
24.60446426890381,-3.574040694388765
24.607803549710976,-3.5681159425527706
24.61114582755239,-3.562192904523972
24.614491196942048,-3.5562716178744336
24.617839580626217,-3.5503520405580815
24.621191049864958,-3.5444342138176728
24.624545547292634,-3.538518094546031
24.627903095377214,-3.532603694129969
24.63126369563261,-3.5266910170852306
24.63462737861449,-3.520780085926213
24.63799407255356,-3.5148708581963812
24.64136379232463,-3.5089633673917584
24.644736585877997,-3.5030576397187008
24.6481124175035,-3.497153661734423
24.651491237754403,-3.491251414770329
24.654873149517215,-3.48535093011111
24.658258073445456,-3.479452168072034
24.661646045294187,-3.473555148256042
24.66503705802495,-3.46765986425109
24.66843111033862,-3.4617663172519917
24.6718282198851,-3.45587452767059
24.675228349564872,-3.4499844863329847
24.67863152396613,-3.444096211245742
24.68203767585833,-3.4382096839370244
24.685446911103107,-3.4323249385512398
24.688859133744483,-3.426441938993281
24.692274437670658,-3.4205607154821625
24.69569273853667,-3.414681221944279
24.699114072243965,-3.408803486873539
24.702538439787062,-3.4029275080386947
24.705965837383577,-3.3970532838959127
24.709396290817452,-3.3911808416935076
24.712829704402903,-3.385310154632738
24.716266187454988,-3.3794412729236387
24.71970568823245,-3.373574166713358
24.723148168997856,-3.367708821086265
24.72659368974593,-3.3618452453309464
24.730042252885074,-3.355983455930765
24.733493844535882,-3.3501234317473205
24.73694843292536,-3.344265169550741
24.740406047262024,-3.338408685082113
24.7438666707838,-3.332553973841473
24.74733033151519,-3.3267010714798997
24.750797002701923,-3.3208499589924863
24.754266632872557,-3.3150006264538074
24.757739318495002,-3.3091531129723006
24.761214999828745,-3.3033073711305083
24.76469369623813,-3.297463411723169
24.768175409366297,-3.29162123820079
24.771660169732606,-3.2857808741184957
24.775147905652275,-3.279942274969238
24.77863864440511,-3.2741054768338342
24.7821319022087,-3.2682705860571315
24.785625679143422,-3.262436728714772
24.789119758525114,-3.256602848350885
24.792615291168794,-3.250769484970426
24.796112064706257,-3.2449370878350026
24.79960955239501,-3.23910524169169
24.803107969803158,-3.233273787887801
24.806607579836644,-3.227443002215385
24.810108212419273,-3.221612917145806
24.81361026286586,-3.2157832775552984
24.817115753085854,-3.209954950553327
24.820624993802156,-3.204129171050287
24.82413628526167,-3.198305383992504
24.827647809478627,-3.1924822262487242
24.831160005729025,-3.1866590935724006
24.834673680786565,-3.180836661396843
24.83818843915912,-3.1750151307339953
24.841703902870524,-3.169194052202814
24.845220404271323,-3.1633734376878393
24.84873806342115,-3.1575535329642963
24.85225668349502,-3.151734292797861
24.855776223272226,-3.1459155896868563
24.859296772885735,-3.1400974894865876
24.862818374897905,-3.134280055824478
24.866340921359793,-3.128463209279772
24.869864489320808,-3.122646952617361
24.873389075885846,-3.116831296700196
24.876914653538346,-3.1110162470722442
24.880441225052575,-3.105201790524205
24.883968806785496,-3.0993879480576036
24.88749736423252,-3.0935747190503884
24.89102693722566,-3.087762106309113
24.894557479653265,-3.0819500977084413
24.898089049860644,-3.076138696721747
24.901621618228234,-3.070327893126225
24.905155177462564,-3.0645176872109268
24.908689739223906,-3.0587080828903606
24.912225305349484,-3.052899088171232
24.91576184961116,-3.0470907113042687
24.91929940339465,-3.0412829492573987
24.92283792770088,-3.035475797684237
24.92637747666071,-3.029669253987699
24.929918021453016,-3.0238633074899917
24.933459557474976,-3.0180579603729263
24.93700209467154,-3.0122532164999134
24.940545634067217,-3.0064490827037544
24.944090150196402,-3.0006455675850257
24.94763567484074,-2.994842668422941
24.951182168249574,-2.989040380895564
24.954729684856144,-2.9832387020053903
24.958278196030612,-2.9774376214874025
24.96182769738952,-2.9716371416920135
24.965378198789068,-2.9658372663916253
24.968929701448303,-2.9600380024465758
24.97248218007297,-2.9542393585731515
24.976035666342202,-2.948441332050615
24.979590120542028,-2.942643918509689
24.98314559728025,-2.9368471149828665
24.986702067793185,-2.931050911189795
24.990259527640216,-2.9252553094139406
24.993817986596873,-2.919460313401379
24.997377445802652,-2.913665929999922
25.000937879893968,-2.907872167875134
25.004499320521003,-2.9020790243342582
25.00806172805191,-2.896286494997141
25.011625157187353,-2.890494577048617
25.0151895792622,-2.8847032602472655
25.018754989962282,-2.8789125469315024
25.02232139915185,-2.873122440906397
25.025888798810893,-2.867332941533197
25.02945720372075,-2.8615440696295753
25.033026595057684,-2.8557558151177984
25.03659694538889,-2.849968182666715
25.040168322082394,-2.8441811623758833
25.043740691117748,-2.8383947447558575
25.04731404803214,-2.832608932014593
25.050888402616728,-2.8268237279113237
25.0544637560363,-2.8210391393373517
25.05804008286598,-2.8152551748662753
25.06161741476582,-2.8094718318960146
25.06519571223624,-2.803689105966732
25.068775030030753,-2.7979069944654293
25.072355339517408,-2.7921254870817767
25.07593663637855,-2.786344586140336
25.07951893043235,-2.7805642954639564
25.08310221359857,-2.774784614363702
25.086686500624605,-2.769005563671458
25.090271772674487,-2.763227133248659
25.093858012138742,-2.7574493256595196
25.097445260271787,-2.7516721323901847
25.101033505861505,-2.745895547616342
25.104622738157346,-2.740119570731656
25.10821296677999,-2.7343442054744522
25.111804192816148,-2.7285694586733564
25.115396399913585,-2.7227953334538597
25.1189896041014,-2.7170218325822453
25.122583774596098,-2.7112489558348796
25.12617895303909,-2.7054766948769498
25.12977512834971,-2.699705043950897
25.133372289845315,-2.693934002493489
25.136970447112798,-2.6881635742259036
25.140569592039476,-2.6823937583849076
25.144169739375045,-2.6766245758413
25.147770870274417,-2.6708560164166015
25.15137296713238,-2.665088082634676
25.15497607125953,-2.6593207661173333
25.158580171375203,-2.6535540609796096
25.16218525677258,-2.6477879665921646
25.16579133700257,-2.6420224867010864
25.169398403895453,-2.636257620518553
25.173006472224937,-2.630493388945012
25.176615523235633,-2.6247297818485715
25.18022553941323,-2.6189668018044747
25.183836562150347,-2.613204440529858
25.187448580216863,-2.607442692130535
25.191061582973372,-2.60168155599202
25.194675579960712,-2.595921035872691
25.198290562988344,-2.5901611309528225
25.201906546811877,-2.584401862109524
25.20552351261862,-2.5786432191552335
25.209141442812705,-2.5728852045995274
25.21276037869999,-2.567127810160989
25.216380308937257,-2.5613710298857555
25.22000122284663,-2.555614863106388
25.22362312994491,-2.5498593135870595
25.22724602965035,-2.5441043766997358
25.2308699258637,-2.5383500715992184
25.23449478220808,-2.5325963997148855
25.23812063352766,-2.5268433628608387
25.241747474828465,-2.5210909457352897
25.2453753101948,-2.51533914449667
25.249004128452054,-2.5095879581820837
25.252633939219773,-2.5038373905413973
25.256264734363107,-2.4980874408263896
25.259896528620363,-2.49233812995461
25.263529303120535,-2.4865894476583854
25.267163040378286,-2.4808413964467957
25.270797781626722,-2.4750939681514597
25.27443351544731,-2.4693471567272662
25.27807023120353,-2.46360096144354
25.281707938436615,-2.4578553861243515
25.28534663661874,-2.4521104261777023
25.288986337973682,-2.446366094976335
25.292626985599647,-2.440622396715193
25.296268642789347,-2.4348793374408007
25.29991127142812,-2.4291369105357234
25.303554878677833,-2.4233951135541285
25.307199476588274,-2.417653932551351
25.310845069334867,-2.4119133748456427
25.31449166482743,-2.406173439007043
25.318139234490268,-2.4004341158212807
25.321787792683814,-2.394695415138772
25.32543733373127,-2.3889573388264265
25.32908787109586,-2.383219899740027
25.332739385212495,-2.3774830979630748
25.336391853666274,-2.371746929607967
25.340045338049986,-2.3660113931107607
25.343699782127608,-2.3602764849809055
25.347355222126012,-2.3545421943840714
25.351011651236234,-2.348808522013047
25.35466908335939,-2.3430754794205386
25.35832749997805,-2.3373430523705654
25.361986888117567,-2.331611254710881
25.365647271807646,-2.325880091619583
25.36930860304942,-2.320149566173604
25.372970942994694,-2.3144196877966476
25.37663425952218,-2.3086904355143547
25.380298557910194,-2.3029618095731794
25.383963839253354,-2.2972338068368177
25.38763010909451,-2.2915064260522473
25.391297366680465,-2.285779665366185
25.394965616578965,-2.280053530309187
25.398634866686063,-2.2743280210517702
25.40230506027746,-2.2686031499582424
25.405976258317526,-2.262878922550181
25.40964843322406,-2.2571553309691827
25.413321566384543,-2.2514323771434213
25.416995699177317,-2.2457100530359377
25.420670820280716,-2.2399883525785103
25.424346919120886,-2.2342672750008865
25.42802400516359,-2.228546824144579
25.4317020780148,-2.22282699544268
25.435381138793975,-2.2171077954351652
25.439061176627366,-2.211389241874579
25.44274219836972,-2.205671322790722
25.44642417505442,-2.199954048389873
25.45010714842641,-2.1942374121789174
25.453791087367396,-2.188521403815589
25.45747602314471,-2.1828060237801163
25.461161957230548,-2.1770912725617464
25.464848861431488,-2.1713771407318987
25.468536749930113,-2.1656636382477448
25.47222562461314,-2.1599507617670244
25.475915488040314,-2.1542385279950182
25.479606296113513,-2.148526935196933
25.48329810816097,-2.1428159945455696
25.486990894827446,-2.137105688583179
25.490684643249445,-2.131396019028943
25.494379383322197,-2.125686973891426
25.498075108016888,-2.1199785536299034
25.50177183114701,-2.114270769874967
25.5054695341638,-2.108563608162199
25.509168204106857,-2.102857082313159
25.512867865164086,-2.0971511977623685
25.516568469574345,-2.091445957401292
25.520270087746162,-2.0857413629252233
25.52397266055732,-2.080037401076807
25.52767622337808,-2.074334063521438
25.531380783856637,-2.068631364049713
25.53508632345925,-2.062929288014418
25.538792819772084,-2.0572278528188215
25.542500311703392,-2.0515270645385053
25.546208759150666,-2.045826920757834
25.54991819556567,-2.0401274220600296
25.55362860680384,-2.034428549096667
25.557340000600384,-2.028730304903797
25.561052391039315,-2.0230326999889146
25.564765759617814,-2.017335719769296
25.56848009342981,-2.0116393780758908
25.57219541670815,-2.0059436804570376
25.575911681666128,-2.0002486296696005
25.579628958548643,-1.9945542275620425
25.583347188324765,-1.9888604606712692
25.587066406354293,-1.9831673207705944
25.59078662025571,-1.977474821665133
25.59450781151765,-1.9717829486317706
25.598229957736585,-1.9660917190680072
25.601953097887808,-1.9604011391723426
25.605677191752836,-1.9547112064193148
25.609402272765422,-1.9490219214462339
25.613128326817076,-1.9433332648492394
25.616855361693258,-1.93764523970409
25.620583391472778,-1.9319578565720685
25.624312397698652,-1.9262711008192894
25.628042375716714,-1.9205849772043118
25.631773325854248,-1.9148995100303987
25.635505239185438,-1.9092146905599996
25.639238140067196,-1.9035305186446572
25.642971998672497,-1.8978469896058965
25.646706843861466,-1.8921640903568349
25.65044268310467,-1.8864818345960022
25.654179497989283,-1.8808002075427315
25.657917266100245,-1.875119226618616
25.66165602641807,-1.8694388981160046
25.665395738606623,-1.8637592193623094
25.669136436118833,-1.858080191074409
25.672878104879814,-1.8524017937937234
25.67662075273803,-1.8467240306450503
25.68036439379825,-1.841046912261931
25.684109009638412,-1.8353704239631963
25.68785459561617,-1.8296945705204597
25.69160114348465,-1.8240193625038112
25.695348683419223,-1.8183448169388132
25.699097190870877,-1.8126709196762896
25.702846645823435,-1.8069976706749824
25.70659709321428,-1.8013250743127136
25.710348506501713,-1.7956531130559994
25.714100898593742,-1.7899817893289967
25.717854269065715,-1.7843111006103904
25.721608622572628,-1.778641052572016
25.72536396665331,-1.7729716453510034
25.72912025454929,-1.7673028832041582
25.732877531723965,-1.7616347762275653
25.736635754354023,-1.755967326331952
25.74039496424563,-1.7503005267245877
25.74415513642562,-1.7446343804333653
25.74791629284597,-1.7389688693764171
25.751678417426003,-1.7333039963839696
25.755441519731917,-1.727639765072804
25.75920559934685,-1.7219761707999708
25.762970655952106,-1.7163132134139554
25.76673670328181,-1.7106509107118546
25.770503689671088,-1.7049892612909783
25.774271653664265,-1.6993282713466369
25.778040592939366,-1.6936679344134795
25.781810478239574,-1.6880082473898057
25.785581353280936,-1.6823492031814529
25.789353216538434,-1.6766908047762532
25.793126040218667,-1.6710330401382754
25.79689983836641,-1.6653759194479465
25.800674613096945,-1.6597194394849473
25.80445037402069,-1.6540636123816501
25.808227069460354,-1.6484084397666308
25.81200475653284,-1.6427539272784537
25.815783390972932,-1.6371000711623063
25.819563006151498,-1.6314468722174997
25.823343588376922,-1.6257943109070099
25.82712514541116,-1.6201423905173757
25.830907691360313,-1.6144911217819065
25.83469120773985,-1.6088404897989594
25.83847568981304,-1.6031904992949428
25.84226113904748,-1.5975411607295404
25.846047568892185,-1.5918924782251669
25.849834951528905,-1.5862444589661666
25.85362329013619,-1.5805970979571182
25.85741261093646,-1.5749503958396436
25.861202892917415,-1.5693043370398103
25.864994149452723,-1.5636589226215218
25.868786380060346,-1.5580141499824618
25.87257958940428,-1.552370024843578
25.876373784854863,-1.5467265473023093
25.88016892917376,-1.5410837162076065
25.88396505168774,-1.535441546778867
25.887762108664294,-1.529800037429745
25.89156015659977,-1.5241591946083315
25.895359156809175,-1.518519002079503
25.89915914262806,-1.5128794639690792
25.90296008706491,-1.5072405670632258
25.906762004547815,-1.5016023183694014
25.91056489483701,-1.495964713277221
25.91436875777683,-1.4903277517465294
25.918173607126175,-1.4846914518045486
25.92197939122076,-1.4790558116649906
25.925786148435414,-1.4734208378088849
25.929593876432932,-1.4677865236873626
25.933402545955783,-1.4621528659600638
25.937212200979484,-1.4565198578466718
25.94102283964901,-1.450887502319577
25.944834434532662,-1.4452557871625942
25.948646999549613,-1.4396247226988923
25.952460536693152,-1.4339943056706428
25.956275045240364,-1.42836453429704
25.960090527973197,-1.422735430022341
25.963906960277008,-1.4171069917427368
25.967724345333895,-1.41147921640896
25.971542707844673,-1.4058521033452696
25.97536201815155,-1.4002256473332746
25.979182305665677,-1.3945998360504976
25.98300357774846,-1.388974683450984
25.986825815826943,-1.3833501742369334
25.99064901519157,-1.3777263131123783
25.9944731673545,-1.3721031104864276
25.998298302171023,-1.366480583694546
26.002124395357807,-1.3608587182978042
26.005951427024986,-1.3552375139978685
26.009779438938274,-1.3496169562852802
26.013608434664583,-1.3439970588119956
26.01743839531639,-1.338377805945471
26.02126931622941,-1.3327592023797679
26.025101197133875,-1.3271412724140381
26.02893402942133,-1.3215240070277745
26.032767845722315,-1.315907402414077
26.03660259531753,-1.3102914613617787
26.040438324538115,-1.3046761678944834
26.044275036776348,-1.299061536056906
26.048112713161157,-1.2934475502333913
26.051951349003616,-1.287834215106539
26.05579095360802,-1.282221534821536
26.05963152806037,-1.2766095239123867
26.063473032015953,-1.2709981790045606
26.067315521211,-1.2653875084552557
26.071158966938267,-1.2597775027927203
26.07500335913177,-1.2541681555691127
26.078848724976865,-1.2485594614139797
26.082695058421567,-1.2429514182336128
26.086542364291915,-1.2373440318216828
26.09039064999011,-1.231737302377899
26.094239878505704,-1.226131228564784
26.09809007904409,-1.22052582592977
26.10194120775882,-1.2149210924230232
26.10579333109201,-1.2093170272925702
26.109646391731367,-1.203713623201403
26.11350042559188,-1.1981108697289504
26.11735543092774,-1.1925087744620377
26.121211415073308,-1.1869073374805703
26.12506833153023,-1.181306562346425
26.12892622574768,-1.1757064600330487
26.132784530099542,-1.1701070749710558
26.136641429797283,-1.1645074787136607
26.140496695350027,-1.1589064919359526
26.144351437623264,-1.153304776703427
26.148205466399045,-1.147702790042567
26.15205827740072,-1.1421000908908707
26.155910031513567,-1.1364965093251083
26.15976100876486,-1.1308923631508032
26.163611538675166,-1.1252876271808927
26.167463368585235,-1.119683024652432
26.171316864757365,-1.1140797740830917
26.17517040778418,-1.1084773189381254
26.179022268073712,-1.1028742408262733
26.18287282205381,-1.0972698508302152
26.18672342687596,-1.0916648958470834
26.19057499775439,-1.0860605442403588
26.194425467095023,-1.080456500261848
26.198273970742367,-1.0748510479910818
26.20212183774629,-1.0692445896960148
26.20596920817808,-1.063637951085441
26.20981534177582,-1.058030719009659
26.213660327551978,-1.052422523568784
26.217504566079278,-1.046813704601541
26.221347879708222,-1.0412043908904816
26.225190099667053,-1.0355943665533223
26.22903135485926,-1.02998361189697
26.232871714429496,-1.024372272420559
26.236711597612896,-1.0187602135955187
26.240552901956743,-1.0131483755021853
26.24439584935248,-1.0075378863289994
26.24823880668987,-1.0019281668241808
26.252080084468496,-0.9963178127179569
26.2559200776287,-0.9907061676338311
26.25975956845437,-0.9850939997230669
26.263598164560502,-0.9794814903548893
26.267435494140518,-0.9738681843541073
26.27127189621008,-0.9682540811195505
26.275107473059816,-0.9626394504898305
26.278942037665313,-0.9570241891515946
26.28277557672693,-0.9514081900178568
26.28660820154295,-0.9457915247329295
26.290439892192776,-0.9401742357275914
26.294270593172378,-0.9345562739408817
26.298100310225408,-0.9289376279780214
26.301929076529035,-0.9233183552260791
26.30575687364106,-0.9176984497596756
26.309583686824276,-0.9120778634552433
26.31340954282148,-0.9064566472461258
26.317234443354852,-0.9008347605582941
26.321058367676528,-0.8952121976138203
26.324881334645358,-0.8895889733572784
26.328703346884605,-0.8839650937891338
26.332524395842235,-0.8783405531257582
26.336344474310454,-0.8727153483845875
26.340163583811,-0.8670895101465255
26.343982230589567,-0.8614629456112023
26.347802327606654,-0.8558366577481835
26.35162401309103,-0.8502116916809568
26.355445719525534,-0.8445874987804424
26.35926575551106,-0.8389626752486694
26.363084505857596,-0.8333365763042643
26.366902745204563,-0.8277099281830634
26.370720099247173,-0.8220829325494432
26.37453619385641,-0.8164551456419534
26.378351348527474,-0.8108265788241227
26.382165676052914,-0.8051974632083111
26.385978980271105,-0.7995677552973509
26.389791263039484,-0.7939373082438687
26.393602620477065,-0.7883061863585916
26.397413036917907,-0.7826744393514029
26.401222459573887,-0.7770420517656991
26.405031406597836,-0.7714089007448047
26.4088418396237,-0.765776050802575
26.412653857198077,-0.7601445149532451
26.41646588343671,-0.7545137673461412
26.420276239568228,-0.7488823799784134
26.424085311339923,-0.7432497243612852
26.42789387125889,-0.737616521770008
26.43170154280556,-0.7319829704433659
26.43550795547366,-0.7263486306675538
26.439313428335094,-0.7207135143469745
26.443118072842623,-0.7150778506144427
26.446921692913193,-0.7094415959731655
26.450724291541615,-0.7038046047238483
26.454525964095957,-0.698166940760292
26.458326694857977,-0.6925286533108085
26.462126955407935,-0.6868896591686342
26.465928611408703,-0.6812508464919382
26.469731956073655,-0.6756134624748265
26.473535284055135,-0.6699768223769126
26.477336909559586,-0.6643395585637295
26.48113724877761,-0.6587010201809232
26.484937087724678,-0.6530619418949959
26.488736045003744,-0.6474225198246444
26.49253374436574,-0.6417822805439084
26.496330514241034,-0.6361412756250963
26.5001264439022,-0.630499728094916
26.50392134826125,-0.6248575865714225
26.50771521648867,-0.6192147347466952
26.511508152813843,-0.6135712164434051
26.515300156375414,-0.6079270935700329
26.519091683832155,-0.6022822450705035
26.522884636320484,-0.596637588921864
26.526678702336202,-0.5909943171417977
26.53047095495965,-0.5853509270787605
26.53426130940452,-0.5797057789336143
26.538051393412903,-0.5740599704242144
26.541840823006027,-0.5684141350453177
26.545628820052897,-0.5627675128094657
26.549415789876207,-0.5571199613881868
26.55320203896524,-0.5514718771261949
26.55698730166694,-0.5458232755560547
26.56077145761949,-0.5401739062533558
26.564554703697073,-0.5345238418118324
26.56833757676774,-0.5288731345909758
26.57212180401513,-0.5232226135139816
26.57590768132283,-0.5175734698612826
26.579693560292736,-0.5119250734446021
26.583477791573458,-0.5062761136094579
26.587260649998562,-0.5006258620835753
26.59104302713065,-0.49497507829490023
26.594824524445936,-0.4893239516450588
26.598604773775588,-0.48367202462242626
26.602384081457892,-0.47801930796319453
26.60616256963162,-0.47236604958633344
26.60994003838006,-0.4667121857178369
26.61371646103372,-0.4610576050389148
26.617492457141356,-0.45540229808709504
26.621269949393493,-0.4497473142686638
26.625049002938542,-0.44409361797431246
26.62882807405106,-0.4384406961826211
26.63260548990805,-0.4327871582945649
26.63638160564778,-0.42713236415721567
26.640157201245522,-0.4214770186561044
26.643931912272357,-0.4158213295345371
26.647705367404402,-0.41016485639382233
26.65147787666219,-0.4045076079037493
26.65524954959691,-0.39884983242551963
26.659020198027044,-0.3931914613829405
26.662789819395332,-0.3875323674434191
26.66655904054603,-0.38187255402959625
26.670329684016142,-0.3762129477801535
26.674101986105953,-0.3705547297505722
26.677874289533857,-0.36489726153633556
26.681644888946256,-0.35923918252966147
26.685414185115057,-0.3535798482517009
26.689183499420103,-0.34791994773084556
26.692953784635503,-0.34226060521096613
26.696723027152622,-0.33660157496841786
26.70049027749543,-0.3309411661785012
26.704256856524633,-0.32527973859295917
26.708022950383913,-0.3196181657317794
26.71178778651656,-0.3139560170043304
26.71555144245566,-0.30829295407773144
26.71931484338779,-0.3026292176687735
26.723079712595318,-0.2969658213596719
26.726846132380444,-0.29130375432073313
26.730612553372776,-0.2856423628612598
26.73437736912836,-0.2799804029693945
26.738140861162996,-0.27431720609053845
26.741904341681714,-0.2686533756098324
26.745669331103148,-0.26299004227223843
26.749435151069374,-0.25732799829916253
26.75319916576034,-0.25166571077352395
26.756961416695923,-0.24600177999560519
26.76072335704106,-0.24033727039188052
26.764484577918875,-0.2346726205925753
26.76824439302359,-0.22900716338556493
26.772003217216067,-0.22334081383061363
26.775761837659008,-0.21767389220857683
26.779521854445633,-0.21200727922197418
26.78328336830344,-0.2063418744131112
26.78704494493628,-0.20067723763906867
26.790804923416093,-0.19501209219888496
26.794563510403393,-0.18934566406982745
26.798322102307317,-0.18367861314918055
26.802082245518775,-0.17801210046942803
26.805843202975588,-0.1723468302565672
26.80960233754903,-0.16668127365551177
26.813359746264513,-0.16101411096484486
26.817116826533287,-0.15534635044216796
26.820873177089563,-0.14967846997791656
26.824628133282793,-0.14400980116511558
26.828382084891732,-0.13834022751702346
26.83213583203956,-0.13267008791972992
26.835890972773612,-0.12700025634922033
26.839647637435267,-0.12133164702314558
26.84340438146416,-0.11566377643860372
26.847159450631978,-0.10999536409503269
26.850913189080998,-0.10432572304159546
26.854666899750296,-0.09865544657814654
26.858421661909233,-0.09298578597610616
26.86217534964616,-0.08731644569594112
26.865927009219973,-0.08164569704205621
26.869678026223017,-0.07597395011149771
26.873428546555076,-0.07030204729003814
26.87717779703238,-0.06462959659726655
26.880926392963364,-0.05895614931019283
26.884676607426304,-0.0532829294594061
26.888428567997355,-0.0476112281043397
26.89218040103572,-0.04194022128179859
26.895930551419085,-0.036268529721283006
26.89967946382062,-0.03059562438921874
26.903428379504042,-0.024922148019199213
26.90717875704163,-0.01924918233371745
26.910930496667547,-0.013577381127395005
26.91468229786548,-0.007906264708221391
26.918432559518596,-0.002234664571391708
26.922181420810325,0.0034381704092039727
26.92592973425647,0.009111604361019416
26.929677207155304,0.014785377701868524
26.933423436091587,0.02045991359659433
26.937169224386903,0.026135298624452328
26.94091659120394,0.03181038711972374
26.944665556529742,0.03748410517937251
26.948414458495066,0.0431570928685115
26.952161735568275,0.048830673693113925
26.9559076853762,0.054505484537710265
26.959653639897198,0.06018085837097292
26.963401072421096,0.0658557549245819
26.967149899318184,0.07152944377064738
26.97089877328053,0.07720249956925321
26.974646110066143,0.08287605496533976
26.978392072715675,0.08855083715880258
26.98213747660381,0.09422622008545448
26.9858820368372,0.09990194594587305
26.98962535521784,0.10557843322402975
26.993368227576866,0.11125574929120603
26.997112653869344,0.11693275236411954
27.000858679173636,0.12260837962930589
27.004604643950014,0.12828327713369217
27.00834898390862,0.1339587665027347
27.012092008737746,0.13963549699645836
27.01583504952086,0.14531280806393665
27.019579589654036,0.15098963674148855
27.02332496986819,0.15666523377134894
27.027068535167732,0.16234109368816987
27.030810349638045,0.16801857215209995
27.03455184702683,0.17369665722057614
27.038293162102264,0.17937489209583343
27.042035447047354,0.18505308824121383
27.045779357032647,0.19073017188147284
27.049523517126854,0.19640636309340692
27.053265960982017,0.20208304375304775
27.057006954520148,0.20776110203931117
27.060748047109545,0.21343976627151642
27.064490686774988,0.21911788188113124
27.06823464198011,0.22479481424587613
27.0719786243018,0.23047113497362542
27.07572112160306,0.23614791121179063
27.079462205543905,0.24182588665447266
27.083202703497957,0.2475044492650974
27.08694236579815,0.2531833589598891
27.09068131398194,0.2588630895003065
27.094421694167902,0.2645427482190261
27.098163868104393,0.27022099085982
27.10190602300547,0.2758984309454598
27.10564645195998,0.2815765155735646
27.109385558207034,0.28725587594973806
27.113124718950786,0.2929357799589497
27.116865359143254,0.2986151457803085
27.120607337874322,0.3042933596568469
27.12434939615896,0.30997093130207004
27.128089923252254,0.31564898610594216
27.131829060027314,0.3213282724313372
27.135567640116044,0.32700815752108214
27.139305903136844,0.33268840322759935
27.143045287714852,0.338368576580097
27.146786322791744,0.3440475504555813
27.15052754522188,0.3497256454893396
27.154267038183498,0.3554042988848177
27.158005131415237,0.3610842889233888
27.161743307260885,0.3667648689486729
27.16548300873619,0.37244492131099605
27.169224030069486,0.37812376581161683
27.172965101289655,0.383801989782506
27.17670464136995,0.3894806778759752
27.180442794042147,0.3951605846998297
27.184180906854106,0.40084114957750866
27.18792058259514,0.4065212138221272
27.19166109888694,0.4122000188766382
27.195399808798705,0.4178790603116933
27.19913672672111,0.42355973751145126
27.202873858699434,0.42924108028895414
27.206612687225793,0.4349216785850262
27.210352715359775,0.440601101498932
27.2140927452603,0.446280009039012
27.21783134245657,0.45195937567704425
27.22156856313535,0.45763991011858396
27.225305704933792,0.4633211348810567
27.229044390484027,0.4690018529370533
27.23278447508703,0.47468133964633397
27.23652455610305,0.48036017589102253
27.240263121095804,0.48603950641928834
27.24400029639314,0.4917200761357196
27.247737457804448,0.497401274497267
27.251476160393686,0.5030819817390537
27.25521622948468,0.5087614977453515
27.258956313252565,0.5144403540891737
27.262694885954584,0.520119675496153
27.266432063191925,0.5258002273462579
27.270169198514548,0.5314814298382664
27.273907894526065,0.5371621226034214
27.277647967333326,0.5428416082525502
27.281388066319924,0.5485204772251192
27.285126634998377,0.5541998508088941
27.288863838804637,0.5598804121187887
27.29260046891643,0.5655615583750938
27.296336760670485,0.5712430832010185
27.30007419100711,0.5769245502293516
27.30381328838763,0.582604775404767
27.30755253513903,0.5882841703588767
27.311290102911002,0.5939640955800132
27.3150262342624,0.5996453787544948
27.31876245276867,0.6053272441596081
27.322500215158122,0.6110085610463016
27.326239292377732,0.6166887202432472
27.32997841454296,0.6223682410464202
27.33371603428379,0.6280482224774923
27.337452228468333,0.6337294131557649
27.34118838455863,0.6394112437212567
27.344926104357253,0.6450925727557211
27.34866519302191,0.6507727027918998
27.35240433946356,0.6564521834701276
27.35614192067018,0.6621321942497643
27.35987813401879,0.6678134213173962
27.363614298678804,0.6734952897913268
27.367352036687585,0.6791766008251797
27.37109111909885,0.6848567294166794
27.37483077001758,0.6905362599669563
27.37857073517868,0.6962154186186524
27.382309593594822,0.7018946318330049
27.386046765917815,0.7075750842102333
27.389783783089552,0.7132564003434628
27.393522500974374,0.7189371771518691
27.39726264889741,0.7246165746868117
27.401002714652655,0.7302953960086956
27.40474122301333,0.7359747828090728
27.408478983985063,0.7416553769731646
27.412218514642706,0.7473357520218734
27.41595982637131,0.7530144865901515
27.419700913562757,0.7586925752905825
27.42344033592357,0.7643713682863356
27.427178504385036,0.7700513451849739
27.430916684679772,0.7757318548709222
27.43465632284547,0.7814118669393019
27.438397329372993,0.7870907537726574
27.44213845152525,0.7927689477895603
27.44587799166932,0.7984476519475756
27.449616134518475,0.8041276032313407
27.453354246987615,0.8098081986288428
27.457093944977363,0.815488219244225
27.460834978506604,0.821167068375132
27.464576569765974,0.8268453153946328
27.468318486944636,0.8325231896579092
27.47205929517777,0.8382011157486523
27.47579841473296,0.8438802844163961
27.479537381315815,0.8495603176253681
27.48327804955397,0.8552398091638899
27.487020146742626,0.8609179208122546
27.490762176921912,0.8665954586914476
27.494502625066414,0.8722735615613284
27.49824179121778,0.8779528269545555
27.501980890052813,0.8836327432589038
27.505721531120905,0.8893121717640539
27.509463567168076,0.8949903895309118
27.513206157851037,0.9006680159257625
27.516949054174276,0.9063452233864809
27.520691327021883,0.9120225954539174
27.524434367337204,0.9177002786877906
27.528179305017122,0.923376834946108
27.53192459843185,0.9290522589627325
27.53566795242325,0.9347283100494577
27.539409865157282,0.9404058216265133
27.543151995295936,0.9460838370098101
27.54689561005079,0.9517612606194393
27.550640487932636,0.9574375428432615
27.554385423585437,0.9631132074322374
27.558128887109564,0.9687893300767398
27.56187096330901,0.9744666530091531
27.56561296595927,0.9801446771426869
27.569356553475835,0.9858221839715264
27.57310151135121,0.9914984553820568
27.576847005338763,0.9971741348824177
27.580593358655953,1.0028494916662685
27.584340952162062,1.0085240591743287
27.588088975181957,1.0141978222243533
27.59183548533466,1.0198718504171254
27.59558034356587,1.0255473142379328
27.599325267503374,1.0312234736719381
27.603071850601534,1.0368990097749666
27.60681970085409,1.0425733287449404
27.6105675760888,1.0482470416944896
27.614313910643045,1.0539212681718362
27.618058912572952,1.0595966652805289
27.62180384389018,1.0652727418311567
27.62555034281336,1.0709483155279862
27.629298231750592,1.076622664820154
27.633046662265517,1.0822964319499027
27.636795948305657,1.0879698310238723
27.6405464572549,1.0936425029572265
27.644297403458523,1.0993143092436048
27.648046792591142,1.1049864297708918
27.651794605319754,1.1106599269847481
27.65554244021088,1.1163341610904287
27.659291938866826,1.1220077718183161
27.663042734945638,1.127680161835845
27.666793532889777,1.1333519634187894
27.670542838057383,1.1390242414787304
27.6742907268066,1.1446977213905782
27.678038578984093,1.1503718531091902
27.68178798620611,1.1560454614372502
27.6855387763917,1.1617178654510998
27.689290133563777,1.1673896905826664
27.693042343562354,1.1730611880947466
27.696795793174346,1.178731938907399
27.700550220351733,1.1844019075711631
27.704304935973678,1.1900712781189535
27.708058285602153,1.1957408629690893
27.711810053669673,1.2014117272391749
27.715561747146502,1.2070833293222463
27.719315071832135,1.212754403038958
27.723069783433512,1.2184241828800242
27.72682446845729,1.2240933802679512
27.730577633139283,1.229763115089639
27.734329468276684,1.2354340364711827
27.738081248660308,1.241105591816896
27.741834535896878,1.2467766649126302
27.74558922753666,1.2524464762219936
27.749344468133156,1.2581157172646367
27.7531005676536,1.2637846103543942
27.75685789959615,1.2694527607805945
27.76061620329555,1.2751201417923568
27.764375359052075,1.2807869701116485
27.768135014758627,1.2864531430252413
27.771893252901904,1.2921194752594307
27.77564985312579,1.2977870987053968
27.779406372280587,1.3034555515568789
27.783164623228696,1.309123353489531
27.78692419681837,1.3147898925295514
27.79068374496471,1.3204558536174447
27.794442285963477,1.3261224343963451
27.79820191703861,1.3317893224580737
27.80196356269257,1.3374548243427469
27.80572585894614,1.3431193566714525
27.809488665157694,1.3487837247344676
27.813252719384288,1.3544474957775372
27.81701792380623,1.3601103334257385
27.82078339079843,1.3657724770125836
27.82454732126243,1.3714349986481946
27.828309776264756,1.3770987955349636
27.832071698503963,1.3827632415156743
27.835833342820983,1.3884280663994455
27.839596148970454,1.3940927623357322
27.843360551000835,1.3997562933419765
27.847125130373243,1.4054189519916038
27.850888531072265,1.4110821969534864
27.85465292091363,1.4167459002387808
27.858419442686163,1.4224081894160105
27.862186654261954,1.428069405315869
27.865954263596887,1.4337305302221812
27.869723164575948,1.4393911017519696
27.873493265067854,1.4450507194232496
27.877263611708482,1.4507096327375861
27.881032393639682,1.4563689512717093
27.884799726154945,1.4620295070947036
27.888567032658916,1.4676907687451333
27.892335923499964,1.47335146635176
27.896106166833913,1.479010936721823
27.89987641791602,1.4846698098295315
27.90364516971509,1.490329182028554
27.907413077653256,1.4959898496126893
27.911182832773324,1.501650230301999
27.914954302775104,1.50730899062431
27.918726095004644,1.5129671209615443
27.922498591560228,1.5186251327686924
27.92627248967183,1.5242823179503189
27.930047379708544,1.5299386188404753
27.93382300083325,1.5355944167014044
27.937599645833814,1.5412496719131543
27.94137685298939,1.5469041336425156
27.9451525948245,1.5525587809937433
27.94892666538556,1.5582148270276734
27.9527007395964,1.5638716496947918
27.9564764991592,1.5695278373857802
27.96025355498577,1.5751827289348275
27.964031106578066,1.5808371194831823
27.96780956359314,1.5864911541822664
27.971589275723293,1.592144395444047
27.975369921453744,1.5977968666073008
27.97915140005612,1.6034488093658805
27.98293391113352,1.6091001511425826
27.98671745478327,1.6147507833813113
27.990501427687597,1.6204006876466897
27.994283890339428,1.6260508674439995
27.99806478425812,1.6317023419134844
28.001845645606306,1.6373545839722696
28.005628180161146,1.6430061821315463
28.009412017012938,1.6486565611989072
28.013195876628743,1.654306332817982
28.016978714060812,1.6599567259970283
28.020762633268475,1.6656074303773634
28.024548568512145,1.6712567394768112
28.028335163697175,1.6769050471543605
28.032122227341645,1.6825531780408325
28.035910540481623,1.6882007445688525
28.039700010355574,1.693847354699911
28.043489763719837,1.6994932771587976
28.04727799762938,1.7051396045030769
28.05106473354887,1.7107872235063222
28.054851480998284,1.7164355205501263
28.058639791388533,1.7220832843507954
28.062429466172254,1.727729768589251
28.066219124362483,1.7333756366116417
28.070007255502382,1.739022041478171
28.07379458029467,1.744669707782661
28.077583742373324,1.7503170947539393
28.081374638200657,1.7559628520308284
28.08516583491154,1.7616080145883253
28.088957756061028,1.7672530469806
28.09275106525646,1.7728972465862372
28.09654536595655,1.7785405621221035
28.10034038889483,1.7841833529624413
28.10413643646665,1.789825607425845
28.107933575324914,1.7954671094444148
28.11173110756513,1.8011078749389267
28.1155271509327,1.8067489374738888
28.119321622079223,1.8123913293408234
28.123116062779566,1.8180344700702578
28.126912181130493,1.8236769637485888
28.130709593421404,1.8293182210277636
28.13450753472323,1.8349589507502206
28.13830636688325,1.8405993383834425
28.14210644541633,1.8462389321044261
28.145907463668564,1.8518777557467243
28.14970932165488,1.8575160344925545
28.153512175155534,1.8631536883315647
28.15731554554583,1.8687905558340445
28.161117419097007,1.8744276396462525
28.164917653762544,1.8800660907834217
28.168717911175623,1.8857053128156933
28.172519856490712,1.8913439117235216
28.17632308583038,1.8969812645262747
28.18012631672249,1.9026180323317332
28.18392855612857,1.9082554104929894
28.187731874237546,1.9138930907864748
28.191537188071866,1.91952936806397
28.195343131489306,1.9251646331361445
28.19914958064734,1.9307997216900714
28.202957270431806,1.9364342290247125
28.206766119205565,1.9420677824154755
28.210575731098597,1.947700730076719
28.21438573364018,1.953333129976668
28.21819444877966,1.9589656999022365
28.22200155964546,1.9645995416515345
28.225808557899025,1.9702341959198733
28.229617231435597,1.9758682748522036
28.233427263718188,1.9815010233858075
28.23723725051651,1.9871331774399106
28.24104624877157,1.9927659546403473
28.244856330657203,1.9983990425851346
28.248668406663437,2.0040307364127066
28.252481155264714,2.0096614253588343
28.256294366928913,2.0152919696847373
28.26010884293348,2.020921917191895
28.263924458996087,2.026550897405872
28.267740325680858,2.0321791923786443
28.271554677919095,2.037807882284266
28.275367576948423,2.0434378356639558
28.27918043734326,2.0490685216800113
28.282994912860474,2.054698633960308
28.28681072398805,2.0603275060273876
28.290626534832157,2.065955781721967
28.29444085165279,2.07158457115902
28.298254340509747,2.0772146304988697
28.302069626863634,2.0828444155726493
28.305886640364225,2.088472521585659
28.309703963569085,2.0941000065807414
28.313522001928472,2.0997273671711154
28.317341423444578,2.1053539078034555
28.321161835054966,2.1109795606880652
28.324982454209415,2.1166046578357594
28.32880171228069,2.122230072301456
28.332619477001437,2.1278567455515955
28.336437159581997,2.1334841788749337
28.34025647480248,2.1391110546141965
28.34407714492879,2.144736655679407
28.34789780451454,2.1503616284426976
28.351717451091776,2.1559871953202423
28.355538143418244,2.1616130802814824
28.359360852184903,2.1672375411174998
28.36318418582015,2.172860979992173
28.36700802976042,2.1784842666267767
28.37083311555993,2.1841069915884597
28.374658862850776,2.1897286953209787
28.378482959485815,2.1953506836088916
28.38230537771649,2.2009741896454593
28.38612794809798,2.2065983885770324
28.3899521479213,2.2122219201827087
28.393777603280288,2.2178441985209654
28.397603006386717,2.2234659242236043
28.40142699037266,2.229088116722982
28.405249587104002,2.2347115231931935
28.40907215890306,2.240335579669808
28.41289624393588,2.245959172625223
28.416721724246898,2.2515815026324746
28.42054775149641,2.257203243636601
28.424374634439317,2.2628246392226097
28.428202734066303,2.2684452682854803
28.432031252723164,2.274065029323014
28.43585822530873,2.2796850875053916
28.439683593331644,2.285306570615122
28.443509021585623,2.2909287499471187
28.447336092865076,2.296550295789176
28.451164443175696,2.302170616834522
28.45499278645058,2.307790371419219
28.45881968580611,2.313410611353294
28.46264518745363,2.3190320941091467
28.466470640451266,2.324654226328426
28.47029765674745,2.3302757884678824
28.474126003245633,2.335896137588396
28.477954912993788,2.3415158848671314
28.481784684509574,2.347135283164235
28.485615124730543,2.3527538966337826
28.48944421221819,2.3583725461095555
28.4932714631442,2.3639926929393065
28.497098758954007,2.369613649545224
28.500927811948003,2.3752338723172475
28.504758109334883,2.380852830955596
28.508588349260926,2.38647124688394
28.512417121665493,2.3920902103388046
28.51624459222344,2.3977103454744064
28.52007198222592,2.403331158258829
28.52390091969367,2.40895144783001
28.52773122624712,2.41457049601702
28.531562071894765,2.420188918283512
28.53539375212719,2.4258069951519006
28.539226126587348,2.431424262765447
28.543057094409487,2.43704161408572
28.546886305715073,2.442660422174869
28.550715527764957,2.4482800850674993
28.554546524481466,2.453899012595598
28.55837876983341,2.4595166627463367
28.562210923618647,2.4651337678423295
28.566041635711024,2.4707513866186064
28.56987101170227,2.476370200212322
28.57370034509085,2.4819896579895366
28.577531198127712,2.487608637281127
28.581363423236834,2.493226392029068
28.58519621417884,2.4988435349276386
28.589029846542363,2.5044603050231693
28.592864145612523,2.5100762660284444
28.596697055436834,2.5156922853068364
28.600528157302875,2.521309769783548
28.60435929536096,2.526928086310136
28.60819219845167,2.532545695956921
28.612026372239452,2.5381620172900563
28.61586047648237,2.543777818639874
28.619693113112238,2.5493941684000703
28.623524456518055,2.555011682488917
28.62735571612538,2.560629849428586
28.631188480708047,2.566247531609333
28.63502263842149,2.5718639165833674
28.638857339190405,2.577479718040043
28.642692327918517,2.5830951192666505
28.646526212443305,2.5887106056472238
28.650358439021232,2.594327353650219
28.654190521131518,2.5999449673684687
28.65802432134081,2.6055620129286297
28.661859505595235,2.611177717159434
28.66569462086286,2.616792821800581
28.669528188620784,2.622408495896503
28.673360448623242,2.6280253573185135
28.677192662037367,2.6336428566920085
28.681026404959837,2.6392598077508524
28.68486150418343,2.6448755591703863
28.68869663941565,2.6504906627753164
28.692530260164173,2.6561062879820865
28.696363023450395,2.661723240166516
28.70019764729631,2.6673398852519714
28.704033992336434,2.672954873394324
28.707870085760824,2.6785691878364877
28.711704519521014,2.684184255480995
28.715537746601566,2.6898005077056095
28.719370989265617,2.6954172789521977
28.72320566622249,2.701033580791419
28.727041709441554,2.706648707323647
28.73087836652747,2.7122632104724196
28.734715346440865,2.71787728268457
28.738551122372137,2.7234915146176655
28.742385278689092,2.7291069699875807
28.746219310897377,2.7347232594119
28.75005500983287,2.7403389856358125
28.753892110939116,2.7459533179794047
28.75772914365201,2.751567072683767
28.761564627631817,2.757181424128445
28.76539881759506,2.7627969761588558
28.769232985470378,2.7684131498417144
28.773068665627253,2.7740288319841104
28.776905703865854,2.7796433049759908
28.780743309780775,2.785257150095026
28.784581236660458,2.790870575946269
28.788417946836915,2.7964841347710623
28.79225308823895,2.8020988747091273
28.79608806457364,2.8077144746656
28.79992471332885,2.8133295548324186
28.803762794483962,2.8189432456790127
28.807600784589443,2.8245563648447187
28.811437249590732,2.830170076403596
28.81527242436131,2.835784988970493
28.81910757112771,2.8414005302880216
28.82294420611801,2.847015550179243
28.826782208490275,2.852629344743365
28.83062023139837,2.858242459621997
28.834456705697992,2.8638561019316757
28.838291833857696,2.8694709851603157
28.842126932948503,2.875086504137973
28.8459635773924,2.8807014972659992
28.849801572549406,2.8863152661487526
28.85363958448266,2.891928419180677
28.85747611429522,2.8975420639478537
28.861311247679023,2.903156993200406
28.865146376170134,2.908772556000332
28.868983056716633,2.914387572832416
28.872821049227177,2.920001365851483
28.87665960354088,2.925614550809916
28.88049846338182,2.9312273129344644
28.88433618124586,2.9368401751540234
28.88817225134377,2.9424542653730352
28.89200820138007,2.9480692157852353
28.895845837342595,2.953683631182305
28.899684873715362,2.9592966820968147
28.903523832741715,2.9649091491981796
28.90736126595427,2.9705222084944762
28.9111974070451,2.9761364611469463
28.915033498033708,2.9817513184855384
28.918871079283736,2.9873656900950047
28.92271004097677,2.9929787862770483
28.926549026808594,2.9985912371636636
28.93038646667417,3.0042042259038952
28.93422256095242,3.0098184649675472
28.938058660048814,3.015433335565598
28.941896252057084,3.021047726370936
28.94573524315756,3.0266608436680666
28.949574223327463,3.032273338255142
28.953411696495678,3.037886330727903
28.957247792407664,3.0435005637148205
28.961083859729726,3.049115427378319
28.96492144723676,3.054729777528003
28.96876041712126,3.060342866740325
28.972599397817465,3.065955333763289
28.976436848814274,3.071568341647208
28.980272960380088,3.077182588088318
28.984109058882833,3.0827974845953725
28.987946670082508,3.088411875251552
28.991785651452698,3.094024981431612
28.995624640050774,3.0996374575983636
28.999462107968753,3.1052504463713464
29.003298180234633,3.110864676802824
29.007134245123666,3.1164795459319166
29.01097184865985,3.122093864039186
29.014810801851944,3.1277069691569612
29.018649780434473,3.133319442234522
29.022487255737694,3.1389324363564204
29.02632334968674,3.1445466959835744
29.03015890855661,3.15016153835016
29.03399361152116,3.1557767543468493
29.037827624411953,3.1613928042648682
29.041663082661035,3.1670087088404513
29.04550026050311,3.17262319478029
29.04933739894336,3.178236836815737
29.053172824290787,3.183851134552776
29.057006960509373,3.189466746156753
29.06084114897063,3.1950829235749216
29.064676839931444,3.20069854655985
29.068513852741177,3.206312992798912
29.072350922411562,3.2119268089063255
29.07618647442494,3.217541130748979
29.080020662236567,3.223156696278644
29.083854821196937,3.228772885694491
29.08771236224656,3.2343918926773547
29.0916754518836,3.2399700947012335
29.09576386550843,3.2454508069720065
29.09992940760277,3.2508564751316142
29.10417394467224,3.256208437748128
29.108520366603614,3.261485362596582
29.112959107743652,3.2666783348202033
29.117478516215428,3.271798820491877
29.122084193660932,3.2768461268182567
29.126778781907493,3.2818113069000017
29.13155580441962,3.2866945278957687
29.13641364384072,3.2914980416274977
29.14135301692626,3.296218828374835
