-0.1458274302944899,0.017819843396287366
-0.14582741435736418,0.017819843273074547
-0.14582741175847272,0.017819843260202233
-0.14582742316801892,0.01781984330159902
-0.14582743158853767,0.01781984325300033
-0.14582743711066173,0.017819843262826148
-0.14582743616386173,0.01781984327231542
-0.14582742495940407,0.017819843305994582
-0.14582740615145165,0.017819843326429996
-0.14582740407994,0.017819843250487126
-0.1458274026498173,0.017819843237096157
-0.1446726509316433,0.017819842750200664
-0.14236264697234535,0.01781984421642646
-0.13889709716164458,0.017819846167940228
-0.1342760927465634,0.017819852210083108
-0.1284996213158534,0.01781986292168613
-0.12173634324373167,0.017817387103842855
-0.11493345657061568,0.017798875202963617
-0.10813080372337674,0.01775676231668297
-0.10132995130705122,0.017697937296509373
-0.0945280638589783,0.017624560796501775
-0.08772507980708864,0.017532518906170306
-0.08092265655475664,0.01742157680158498
-0.07412049322198108,0.01729409428951218
-0.06731784155827196,0.017149620701324773
-0.06051514127654096,0.016986954589006027
-0.05371277910394936,0.016806658228037626
-0.04691050230569222,0.0166092495943027
-0.04010824648755504,0.016394291604679118
-0.03330625191454145,0.016161609838770227
-0.026504577534575597,0.015911489230252037
-0.0197031618624551,0.015643961017962844
-0.012902073514783605,0.015358869100951798
-0.006101414535881326,0.015056243280338584
0.0006987931608982761,0.014736170549109407
0.007498525617031538,0.01439862115184356
0.014297715225309808,0.014043561013918673
0.02109630669415359,0.013671019104633463
0.02789426554933786,0.013281009227028627
0.03469148608703642,0.012873476987529617
0.04148703362366629,0.01244855700660366
0.04828067476555372,0.012006180933768358
0.055071850404401185,0.011546439021218446
0.06186062003026309,0.01106928123429973
0.06864693643555035,0.010574710382082375
0.07543075641187016,0.010062731414146929
0.0822121600817437,0.009533362023795436
0.08899142353751355,0.008986616620404812
0.0957691888798831,0.00842228766814217
0.10254572918163254,0.007840421333617582
0.10932111559511777,0.00724106113768467
0.11609533330226379,0.006624217716219205
0.12286831938392564,0.005989895887285972
0.129640025893779,0.005338089075546024
0.13641040483362743,0.0046688024295798705
0.14317940950504635,0.003982037434855141
0.14994699061054254,0.0032777908279775078
0.15671309786740897,0.002556063724149187
0.16347767743019964,0.0018168632219903618
0.17024067364844225,0.0010601931960375727
0.17700202078061683,0.0002860571192682661
0.18376168700512022,-0.0005055360344243415
0.1905199090554122,-0.0013145819106626622
0.19727640473385988,-0.002141083070399975
0.20403114451405416,-0.0029850303038322086
0.21078410187216248,-0.003846407606737232
0.21753524610032343,-0.004725207208229401
0.2242843957412666,-0.005621404870198399
0.2310310934300097,-0.006534976234922786
0.23777473452678882,-0.007465768912419891
0.24451496167656567,-0.008413729195975654
0.2512517346054084,-0.009378975519587251
0.2579847923411518,-0.010361362070009312
0.26471426449656643,-0.0113608855589743
0.2714405069690807,-0.012377820716560559
0.27816360546906727,-0.013411942344054366
0.2848840114341462,-0.014463439019427071
0.29160200681451676,-0.015532369047499378
0.29831769138482317,-0.016618686457786577
0.3050310681861019,-0.017722380628894
0.311742080125323,-0.018843435747252106
0.3184506774308492,-0.019981852451814924
0.3251568092188218,-0.021137615844873944
0.3318604319370214,-0.02231071742638861
0.3385615009327801,-0.023501156555795495
0.3452599682035708,-0.024708928385514337
0.35195578216733997,-0.02593405153600057
0.3586486657937369,-0.027176412068941894
0.3653382474959937,-0.02843595613652296
0.37202421126498236,-0.029712738439320412
0.37870589777307434,-0.0310060937662232
0.3853836409691661,-0.03231403801312724
0.3920580067411659,-0.033635786535084686
0.39872883430502326,-0.03497258255399528
0.40539590185114505,-0.036324718888044207
0.4120596099128228,-0.03769134234781862
0.41872026783084715,-0.03907271894042357
0.42537797701183483,-0.04046920773057897
0.43203286866270607,-0.04188070715305737
0.4386851225078184,-0.04330703978736502
0.44533468846502317,-0.04474833447608472
0.4519814991443902,-0.04620462923822211
0.4586255263306876,-0.047675843355597665
0.4652667123691865,-0.04916194818577434
0.47190478602351266,-0.05066297624283181
0.47853954209451144,-0.052178762109524615
0.4851707148770202,-0.0537093832984313
0.4917981619065112,-0.05525465400551856
0.4984217203016585,-0.056814640682007485
0.5050412904327803,-0.058389353917564224
0.5116569018533226,-0.05997865281222523
0.5182685631024887,-0.061582726600509057
0.5248763663497767,-0.06320140128512802
0.5314804091893154,-0.06483491956918927
0.5380808641977676,-0.0664831087930626
0.5446777958795816,-0.0681461342485664
0.5512713060453498,-0.06982398997310778
0.5578614027486497,-0.07151661250467
0.5644480876587334,-0.07322406298168735
0.5710312815171027,-0.07494628912388651
0.5776108521428513,-0.07668326462986438
0.5841866475367764,-0.07843499500926868
0.5907585421422235,-0.08020135976377879
0.5973263775676452,-0.08198231398977464
0.6038900100204234,-0.08377794147178655
0.6104493381857937,-0.08558810337055299
0.617004349313996,-0.08741282037827369
0.6235549973879186,-0.08925212322584354
0.6301012857702702,-0.09110596193716654
0.6366432993543678,-0.0929743666284129
0.6431810338824037,-0.09485735752079937
0.6497146177490861,-0.09675499524985476
0.6562440309245309,-0.09866722630588763
0.662769355819352,-0.10059409475063232
0.6692905927191379,-0.1025355958886257
0.6758077126995524,-0.10449171603743422
0.6823206366273408,-0.10646246534337865
0.6888293130430049,-0.10844774323475855
0.695333577182193,-0.11044755532301685
0.7018333803959583,-0.11246193647109949
0.7083285955714478,-0.11449071161640113
0.7148191388029981,-0.11653403352211114
0.7213049712824535,-0.1185917148624241
0.727786026488472,-0.12066382077492219
0.7342622523205208,-0.12275036602923518
0.740733692561976,-0.12485129534517819
0.7472003105203451,-0.12696668699954383
0.7536621914835211,-0.1290964375244281
0.7601192869591624,-0.13124064064208912
0.766571656510619,-0.13339932370132063
0.77301934409499,-0.13557240271131293
0.779462257862998,-0.13775990695170964
0.7859003954637155,-0.13996184215824806
0.7923337279080136,-0.14217818390776013
0.7987621841184429,-0.14440895457312825
0.805185732322943,-0.14665400162586462
0.8116039156431228,-0.14891294961451848
0.8180175366241488,-0.15118364312283128
0.8244272130826732,-0.15346564894084214
0.8308325082522404,-0.1557599908030378
0.8372331055326591,-0.1580668472763991
0.8436292601489963,-0.1603854089118002
0.8500210502963743,-0.1627159621901832
0.8564083563509872,-0.16505865896831337
0.8627911052777719,-0.16741351484002007
0.8691694785493254,-0.16978027010839042
0.8755433984129994,-0.1721591033536023
0.8819128860809115,-0.17455008700383903
0.8882778820195063,-0.17695308381448682
0.8946384498021599,-0.17936814259052977
0.900994501018623,-0.1817951984654327
0.9073460272886347,-0.1842343501428541
0.9136929586239793,-0.1866854329371158
0.9200352668346715,-0.18914856362608168
0.926372870280723,-0.19162359944454546
0.9327057310966699,-0.19411066468043364
0.9390338653922446,-0.19660957273657256
0.9453571881352927,-0.1991204620418709
0.9516756619076013,-0.2016432524725523
0.9579893377637776,-0.2041779521639269
0.9642981624679263,-0.20672455446295146
0.9706021713236158,-0.20928309436205378
0.9769013166380864,-0.21185350217317306
0.9831956584727859,-0.21443584717716152
0.989485123531109,-0.2170301078550799
0.9957697696359507,-0.21963622440102687
1.0020494879019788,-0.22225425134413637
1.0083243212445494,-0.2248841379060773
1.0145941875579048,-0.22752591852279366
1.0208590953795407,-0.2301794972263916
1.0271189732457766,-0.23284493186947555
1.0333737604956683,-0.23552219471003463
1.0396234805006688,-0.23821121288133518
1.0458680483168792,-0.24091204158530463
1.0521074824538603,-0.24362464089916513
1.0583417718083572,-0.24634899992899761
1.0645708407785588,-0.2490851082495966
1.07079472621558,-0.25183299503114065
1.077013384869847,-0.254592589561439
1.0832268285254443,-0.25736395965659464
1.0894350558765549,-0.2601470559189558
1.0956380155731156,-0.2629418650153223
1.1018357085972421,-0.26574845484936904
1.1080281724649654,-0.26856669521044413
1.1142153239733754,-0.27139670627436313
1.1203971269759865,-0.2742383487710423
1.1265732812908191,-0.27709117622662305
1.132744787324068,-0.27995319656672735
1.1389123484565993,-0.28282396972970947
1.1450754706979258,-0.2857046053347098
1.1512337891373685,-0.2885950914619432
1.1573876845370528,-0.29149483857330183
1.1635371990730883,-0.29440388422692704
1.1696821081869482,-0.29732269112914217
1.1758224809982818,-0.3002509271945852
1.1819583718527096,-0.30318859127234626
1.1880897232299445,-0.3061357502431417
1.1942165113516314,-0.3090924624101382
1.2003387151017135,-0.312058620305367
1.2064563978345713,-0.31503421147379895
1.2125694545176595,-0.3180193372883721
1.218677941011225,-0.3210138426607005
1.2247817592485983,-0.32401781261714013
1.2308809501599138,-0.32703122042679067
1.2369754559531108,-0.33005405750972877
1.2430652813064043,-0.333086280586007
1.2491503566234532,-0.3361279120315196
1.2552307421100342,-0.3391789176070762
1.261306366451356,-0.3422393462298305
1.2673772842432847,-0.34530911065338166
1.273443395031171,-0.3483883054906995
1.2795047917775737,-0.35147682847921535
1.2855614079995106,-0.35457472838049453
1.291613241731111,-0.3576820213333559
1.2976602594069047,-0.360798625802373
1.3037024523204337,-0.36392459903020113
1.3097398107587965,-0.3670599344251038
1.315772357907374,-0.37020456059751444
1.3218000027833152,-0.3733585171722354
1.3278227927717392,-0.37652180056474205
1.3338406831419125,-0.3796943998384996
1.339853658478791,-0.38287625182727775
1.3458616894803745,-0.38606742820327494
1.3518648063607743,-0.3892678341469236
1.3578629205480162,-0.39247752329933655
1.3638560632128953,-0.39569649812920243
1.3698442426198925,-0.3989246864347518
1.3758274286192547,-0.4021621525455996
1.3818056156827498,-0.40540886699362466
1.3877787724396329,-0.4086648356741411
1.3937468857558557,-0.4119300231588746
1.3997097538483663,-0.4152038413430589
1.4056684371038188,-0.4184845477562765
1.4116237320659482,-0.42177162876926005
1.4175750576419814,-0.425066245663824
1.4235220811177653,-0.4283682953447566
1.4294652021645964,-0.4316772592539611
1.4354045248876421,-0.4349931883039266
1.4413397667381007,-0.43831647155473197
1.447270958100302,-0.4416469076214774
1.4531982146000968,-0.4449843716005383
1.4591214418268248,-0.44832899856938396
1.4650406524948179,-0.45168076387471146
1.4709558298443335,-0.45503962084442084
1.4768669476532235,-0.45840557545118643
1.4827739888056963,-0.46177867822025565
1.4886769937076112,-0.4651588227270267
1.4945758984139927,-0.4685460962148302
1.5004707616287483,-0.4719404274004427
1.5063615317358034,-0.4753418703049621
1.512248217992203,-0.47875039431655875
1.5181308165800493,-0.48216599119317777
1.5240093006136215,-0.48558867450833787
1.5298836554508504,-0.4890183904644916
1.5357538696015454,-0.4924551905414362
1.5416199678997893,-0.49589899817443517
1.5474818922705635,-0.49934987246137824
1.553339679381062,-0.5028077940765843
1.5591933154194486,-0.5062727586182392
1.5650427931336417,-0.5097447628394589
1.5708880599969326,-0.5132238342356135
1.5767291817320697,-0.5167098551618782
1.5825660690432712,-0.5202029528399649
1.588398775667567,-0.5237030164073856
1.594227242209599,-0.5272101060698102
1.600051505004474,-0.5307242005478464
1.6058715495420424,-0.5342452951183131
1.6116873689868045,-0.5377733846397511
1.6174989393439518,-0.5413084774020016
1.6233062501444315,-0.5448505499698608
1.6291093281088858,-0.5483995637522093
1.6349081040723636,-0.5519555703508103
1.6407026016955313,-0.5555185405057111
1.6464927973267756,-0.5590884538622141
1.652278679320084,-0.5626653539053752
1.6580602935763562,-0.5662491747054345
1.663837400549708,-0.5698393760992717
1.669611203660115,-0.5734342282697413
1.6753825379377738,-0.5770332956409863
1.681150776775544,-0.5806376941265898
1.6869155527056916,-0.5842473479146097
1.6926773319158186,-0.5878616727849534
1.698436151781017,-0.5914808132206814
1.7041917538133249,-0.5951050982574749
1.709944197417355,-0.5987343012619163
1.7156935707030994,-0.6023683698849519
1.7214398380471112,-0.606007398411657
1.7271829680610584,-0.6096513892760839
1.7329229645320297,-0.6133003042599118
1.7386598580137111,-0.6169541299589532
1.7443936202202557,-0.620612895823142
1.7501241832043135,-0.6242766064498351
1.7558516080295732,-0.6279452246361447
1.7615759016485468,-0.6316187118320188
1.7672969884644956,-0.635297162693911
1.7730149419973331,-0.6389804982049689
1.7787297372620043,-0.6426687483854097
1.7844413390773513,-0.6463619415908567
1.790149807947842,-0.6500600005940941
1.7958551021772162,-0.6537629646988016
1.8015572212987085,-0.6574708336890537
1.807256132932429,-0.6611836273471545
1.8129518822236381,-0.664901239608374
1.8186443992547252,-0.6686237844823872
1.8243337160427588,-0.6723511879351292
1.830019820863036,-0.6760834894195733
1.835702657306742,-0.679820160011338
1.8413831461822017,-0.6835592982925799
1.847062419751194,-0.6873006859426544
1.8527398184815442,-0.691045446337086
1.8584149092959774,-0.694793365046736
1.8640881067439095,-0.6985439338077717
1.8697596015915163,-0.7022972904454969
1.875429025339536,-0.7060538121133876
1.8810964437920719,-0.7098132141627167
1.8867620073925588,-0.7135754396533749
1.8924256533154056,-0.7173406353004331
1.8980873179198514,-0.7211088153496896
1.9037470507947167,-0.7248798470669978
1.9094048450402552,-0.7286538031803035
1.9150607051384283,-0.7324306373882408
1.9207145654325262,-0.736210446864452
1.9263665030822634,-0.7399931212274014
1.932016507390821,-0.7437787195726594
1.9376645431997763,-0.747567257245163
1.9433106361794799,-0.7513587139114081
1.9489547898208035,-0.7551530437437596
1.9545969710546538,-0.7589503069140187
1.9602372045265346,-0.7627504194059639
1.9658754463941304,-0.766553491184243
1.971511747221558,-0.7703594287075279
1.9771460962046468,-0.7741682805825936
1.9827784715012249,-0.7779800562328655
1.98840889484234,-0.7817947416463197
1.9940373708282009,-0.7856123067322864
1.999663821874606,-0.7894322516671399
2.005289151578083,-0.7932527063159501
2.010914530871149,-0.7970734606219689
2.0165393308016375,-0.8008955648498901
2.0221630417990366,-0.8047189297017056
2.0277861836370854,-0.8085429386189257
2.0334088799587966,-0.8123678554696266
2.0390308404404704,-0.8161939240654493
2.044652059621375,-0.820020955956577
2.050272678096483,-0.8238488913334955
2.055892689556368,-0.8276777733585418
2.061511976513655,-0.8315076907404404
2.0671305955326402,-0.8353385071866527
2.07274857039104,-0.8391702976541398
2.0783658390992947,-0.8430025468695477
2.083983335001107,-0.8468333761877238
2.089602201934804,-0.8506625632221699
2.0952217791195618,-0.8544912319885752
2.1008416124026645,-0.8583191825683307
2.1064621558718586,-0.8621458551671893
2.112083558112028,-0.8659715134169417
2.117705530551994,-0.8697963683986916
2.123328076645374,-0.8736202594188882
2.1289513514258434,-0.8774431022725934
2.134575324957423,-0.881265013978734
2.140199920063579,-0.8850860072399583
2.1458251474772343,-0.8889060061700809
2.151451059940252,-0.8927250168845773
2.1570775991014624,-0.8965430747084927
2.1627047854011963,-0.9003601667269902
2.1683326232588063,-0.9041762760569783
2.1739611336994358,-0.9079914252884124
2.1795902946242123,-0.911805622533762
2.185220113983137,-0.9156188540396852
2.1908505988387854,-0.9194311220882536
2.196481746520307,-0.9232424315453294
2.202113564274599,-0.9270527633481318
2.207746002560802,-0.9308621303039559
2.2133790952107653,-0.9346705159272918
2.219012842283207,-0.9384779280211791
2.2246472194257207,-0.942284379289118
2.2302822679269987,-0.946089858753152
2.2359179866425194,-0.9498943656861667
2.241554293966014,-0.9536973994324408
2.2471921423149794,-0.9574970605639647
2.2528326457246304,-0.9612931721299426
2.2584751800442278,-0.9650867897557794
2.2641192516284496,-0.9688777391556758
2.2697653337737416,-0.9726654924198929
2.2754135469971555,-0.9764502685824388
2.281063641857287,-0.9802322834153301
2.2867155894270215,-0.9840113980116402
2.2923695579346175,-0.9877875148732546
2.298025527721761,-0.9915607320326982
2.3036833982431264,-0.9953310894753526
2.3093431966510156,-0.9990985245550584
2.3150049474245016,-1.0028630325376198
2.320668594660083,-1.006624072741475
2.326334989336833,-1.0103798304421183
2.3320052910769706,-1.0141300318418451
2.3376789041895374,-1.0178757652734771
2.343355320964059,-1.0216169045613346
2.3490350132086872,-1.0253528769876905
2.354718120201425,-1.029083901043868
2.360404357533777,-1.03281023333581
2.3660937392342074,-1.0365316491837828
2.3717863564381996,-1.040248118579484
2.3774821583923296,-1.0439597327733419
2.3831811313278033,-1.0476664645348666
2.3888832714547634,-1.0513682775034214
2.3945885692495175,-1.0550651929870112
2.4002970832789687,-1.0587571964750382
2.406008722687165,-1.0624443421924008
2.4117235420374774,-1.0661265622440024
2.4174415340040194,-1.0698038834400576
2.4231626824947634,-1.0734763081806402
2.4288870119474053,-1.0771437905000703
2.4346144256235616,-1.0808063838867705
2.4403450159316784,-1.0844640148689373
2.4460787536070296,-1.0881167120829411
2.451815583073742,-1.0917645272595549
2.4575555642115035,-1.0954073997738345
2.463298677912458,-1.0990453500489994
2.4690449194560844,-1.1026783753015172
2.4747942283000923,-1.1063059306743264
2.480547417920829,-1.109926124446943
2.4863056163408297,-1.1135387128467986
2.4920682674940124,-1.1171447685089884
2.4978348135920356,-1.1207442133808163
2.5036057582930207,-1.1243364072092312
2.5093812265003987,-1.1279215851392912
2.5151609253792158,-1.1315000152455732
2.5209448537772965,-1.1350714793971626
2.5267331227597523,-1.1386358884972663
2.5325257158069876,-1.1421933416993384
2.538322479544393,-1.1457439012493196
2.5441235369822275,-1.1492874440462857
2.5499288621347924,-1.1528239930205395
2.5557383509230664,-1.156353085594572
2.5615528371997627,-1.1598727572527752
2.567373440000374,-1.163382705885489
2.573199557648921,-1.1668841025916372
2.579030685127474,-1.1703767511692886
2.5848671886627206,-1.173860121498949
2.5907093332353712,-1.1773343358890291
2.596556712650387,-1.1807997399722119
2.6024093679758127,-1.184256092402634
2.6082674329192845,-1.1877032934415257
2.614130876742277,-1.19114145381225
2.6199995964814073,-1.194570612329052
2.625873528324628,-1.1979906798999806
2.6317528129438155,-1.2014016200370154
2.637637237370166,-1.2048029895839258
2.643527597807782,-1.2081927888803152
2.649425014798819,-1.2115707307162569
2.6553289134825655,-1.2149379626518026
2.661238783848571,-1.218294336756856
2.6671550524494783,-1.2216392422351037
2.673077802140137,-1.2249729095251969
2.6790067675785094,-1.2282955567978424
2.6849419156337917,-1.231607003157923
2.690883345770854,-1.2349070891172251
2.696831020582944,-1.2381960094455067
2.7027848668728653,-1.2414737089713515
2.708744867085635,-1.244740143450978
2.7147109454294935,-1.2479947792314778
2.7206838128003183,-1.2512356893106402
2.7266645451718245,-1.2544625163277527
2.7326526063959444,-1.2576763922354193
2.7386474188706815,-1.260877240950007
2.7446494034020725,-1.264064392687711
2.750658709819508,-1.26723799635641
2.756674941174817,-1.2703984400825723
2.762698156589137,-1.2735454201819982
2.768728416334131,-1.27667881904779
2.7747657112690285,-1.2797987966772226
2.7808099070712813,-1.2829053267130943
2.7868610211309717,-1.2859983314312968
2.7929189184825782,-1.2890773056701779
2.7989842670187945,-1.292140258322962
2.8050581135921524,-1.295186836728954
2.811139873949951,-1.298218198295307
2.8172290820975228,-1.301234168637519
2.82332606790013,-1.3042341169689473
2.829430919934333,-1.3072183111701667
2.835543394939719,-1.3101869257674044
2.841663362361262,-1.3131397803093368
2.8477909840302402,-1.3160767941376992
2.8539263347566424,-1.3189985108438367
2.8600686525456274,-1.3219069736326514
2.866216845335723,-1.324802468959871
2.872371259841955,-1.3276833070727987
2.8785329171062997,-1.3305476116013977
2.8847025013300094,-1.3333955676320464
2.8908793472982897,-1.3362280985572756
2.8970631767706796,-1.3390448503146009
2.9032543608708576,-1.3418452812546013
2.9094528003511746,-1.3446298581129539
2.915658340366059,-1.3473985517099252
2.9218709683777946,-1.3501512201887889
2.9280906962596247,-1.3528878434141187
2.9343174776966237,-1.3556084687793768
2.9405512244705334,-1.3583130654856057
2.9467919279018617,-1.3610015628757122
2.953039411922265,-1.363673474526164
2.95929408591069,-1.3663267921776499
2.9655570904381263,-1.368961041463509
2.971827882756649,-1.3715773569310512
2.978105955344714,-1.3741757036968443
2.984391611133153,-1.3767553921130826
2.9906849594114497,-1.3793166414069804
2.996985678616778,-1.3818597204952978
3.003293734057282,-1.3843843261233308
3.0096091475536455,-1.3868904887231575
3.0159319189023366,-1.3893781298331631
3.0222618554431078,-1.3918474406746761
3.0285987919938355,-1.3942977336080473
3.0349432060125423,-1.396726939844106
3.041296061295284,-1.3991346349664724
3.047656896338587,-1.401521994084059
3.0540251811704686,-1.4038889321934007
3.060401092681641,-1.406234817729918
3.0667848381492573,-1.408559731211174
3.0731760529409486,-1.410863990092087
3.079574666863048,-1.4131474359905531
3.085980747890904,-1.4154098419942909
3.0923942207464035,-1.4176513570537814
3.0988149486905106,-1.419871988107233
3.105242697571835,-1.4220711733855267
3.1116777959005817,-1.424246838247775
3.1181212116475416,-1.4263984563052254
3.124572522988784,-1.4285272066173507
3.1310311591772853,-1.43063302888913
3.13749734475341,-1.4327152285992961
3.143971166128269,-1.4347740501356547
3.150452333818408,-1.4368095803222145
3.156940664734258,-1.4388218744509413
3.1634362723944234,-1.440810577148771
3.1699390294939556,-1.4427758871403924
3.1764488142513603,-1.444717773136822
3.1829653300330256,-1.4466356847230837
3.18948885136405,-1.4485274985409138
3.196020296898017,-1.4503926941065273
3.2025591990647877,-1.4522325444267588
3.2091050269045955,-1.4540468959548443
3.215657955721713,-1.4558350472417982
3.2222180746343136,-1.457597170499299
3.228785094908308,-1.4593335721012208
3.2353587672309696,-1.461044050381006
3.241939206878227,-1.4627284791986597
3.2485262746016255,-1.4643868384599568
3.2551198223490334,-1.4660192400051695
3.2617195241812182,-1.4676251087606844
3.2683255211836166,-1.4692023612513148
3.274938634005098,-1.4707504149411905
3.2815585520467105,-1.4722704040731307
3.288184658089857,-1.4737623441685241
3.294817070927482,-1.475225517448057
3.3014558594909666,-1.476660137780512
3.3081007188251,-1.4780663338882356
3.3147514610067517,-1.4794441525614441
3.321408077287161,-1.480793171028655
3.32807047670852,-1.4821136157935413
3.3347384840367718,-1.4834055195609934
3.3414116587039704,-1.4846683787394312
3.3480900682780645,-1.4858999532564932
3.354774509909788,-1.487099642276073
3.3614646700103266,-1.4882686952895787
3.3681599239209463,-1.4894071112002443
3.374860631813522,-1.490514619651301
3.3815667315985616,-1.4915935570815149
3.388277049438218,-1.492644780391537
3.394991504755329,-1.4936668302480762
3.4017105563060785,-1.4946594881114026
3.408433918330754,-1.4956237056242743
3.4151611810338105,-1.4965591558832845
3.421892028348809,-1.4974651326197685
3.428626570489614,-1.4983394951201345
3.4353653726501285,-1.4991819339694479
3.442108204360946,-1.499993415864988
3.448854537307647,-1.5007739745464332
3.455604376074748,-1.5015228554978741
3.4623576836546732,-1.5022404171034662
3.4691143037749597,-1.5029268737357002
3.4758739684945303,-1.5035818885186727
3.482636639770428,-1.5042056674318114
3.4894021848187333,-1.5047979220120562
3.496170316941231,-1.5053589807848171
3.5029407130059953,-1.5058882514648202
3.5097130750146244,-1.5063835537905896
3.516488110035543,-1.5068440731942632
3.5232655523556846,-1.5072713490715604
3.5300448804195126,-1.5076652520194658
3.5368259681670184,-1.508024970046581
3.5436089550541765,-1.5083507918646177
3.5503934569898106,-1.508643099073492
3.5571792401551203,-1.5089016058148368
3.5639662523654776,-1.5091261701583252
3.5707542760746076,-1.5093168929206793
3.5775432103335123,-1.5094739790869698
3.584332785071646,-1.5095972932993098
3.591122910914931,-1.5096867012139548
3.5979134085527775,-1.5097423234295442
3.6047040926274434,-1.5097641416610599
3.6114948214438964,-1.509752116432478
3.618285417164373,-1.5097063561403326
3.625075678615817,-1.5096268029598485
3.631865461857475,-1.5095133349609233
3.638654598855084,-1.509366027011796
3.645442922925612,-1.509184885063764
3.652230286626081,-1.5089699122644489
3.659016492125949,-1.508721223391993
3.66580136203438,-1.5084387679697506
3.6725843836675858,-1.5081220790515555
3.6793650080633116,-1.5077691780827893
3.6861438198087066,-1.5073791923698456
3.692920761584961,-1.5069535995813315
3.699695162546944,-1.5064922210934835
3.706466885334078,-1.5059946585840447
3.713235978391389,-1.5054609050563568
3.7200021820851483,-1.5048912362954463
3.7267655683628433,-1.5042859443285728
3.7335264740967493,-1.5036469139407038
3.7402840328065188,-1.5029751721925715
3.7470378448765103,-1.5022696473612842
3.753788179687035,-1.5015300319013998
3.760534515108597,-1.5007566035049256
3.767275917803422,-1.4999473998052377
3.77401295637728,-1.4991011565501045
3.780745781123886,-1.4982192607918818
3.7874737015240245,-1.4973022906920275
3.7941964306978773,-1.496349070208043
3.8009141087902427,-1.4953600575632298
3.8076265039305346,-1.494335372399255
3.8143332774718948,-1.4932750615740746
3.821034287355278,-1.4921789136996253
3.8277294013088152,-1.491047066014296
3.8344184013393714,-1.4898797602304483
3.8411010832804457,-1.4886768669504424
3.847777254234491,-1.4874381892697224
3.8544467899782986,-1.4861641228988178
3.8611093984074776,-1.484854616552427
3.867764950027123,-1.4835096122673934
3.8744132349393285,-1.4821290320115432
3.8810541269468666,-1.4807133054271435
3.8876873453044505,-1.47926223355795
3.8943127512171842,-1.4777758056713874
3.900930167779572,-1.4762540555195158
3.907539377806979,-1.4746973105247232
3.914140198311185,-1.473105347520487
3.9207324467460505,-1.4714781603266562
3.927315978260688,-1.469815934885154
3.9338905228267906,-1.4681187929554107
3.9404559518391604,-1.4663866211941914
3.9470120509365176,-1.4646193820546982
3.9535586954932125,-1.4628173954397845
3.960095622495094,-1.460980591810759
3.9666226984926216,-1.459108870523207
3.973139721735913,-1.4572026315915245
3.979646497064618,-1.4552616717784577
3.9861428376670007,-1.45328599871343
3.9926285970397792,-1.4512758099486354
3.999103543858596,-1.449231236483744
4.00556751957783,-1.4471521765392055
4.012020310217765,-1.445038602350546
4.018461803839236,-1.4428908388940644
4.024891744974668,-1.4407088455450427
4.031309988020037,-1.4384926175136459
4.0377163007445125,-1.4362420956739193
4.044110606516876,-1.433957709944184
4.0504926313237295,-1.4316392926625063
4.056862218167226,-1.4292868663680711
4.06321918021742,-1.4269004879238172
4.0695633792888275,-1.4244805008226715
4.075894593908872,-1.4220267182486042
4.082212635950421,-1.419539162822156
4.088517369065243,-1.4170180428477845
4.094808592340917,-1.4144634998408756
4.101086127293507,-1.4118754535610152
4.107349782525141,-1.4092539761056333
4.113599397298589,-1.406599186738463
4.119834792773541,-1.4039111540752884
4.126055780220613,-1.4011899506776309
4.132262217413887,-1.3984357656342516
4.138453924708201,-1.3956486136138604
4.144630669792788,-1.3928284514839464
4.150792285193301,-1.3899754081837983
4.156938663520994,-1.387089760543678
4.1630695652687,-1.3841713312853323
4.169184834245321,-1.381220287258927
4.175284335963286,-1.378236820641525
4.1813678883370295,-1.3752209480611335
4.1874352670261965,-1.3721726401261845
4.193486334251247,-1.3690920624425915
4.199520916776599,-1.3659792993844502
4.205538832451104,-1.362834435800688
4.211539953382351,-1.3596576715397295
4.217524098376543,-1.3564490372659799
4.223491042979722,-1.353208515283944
4.229440654670183,-1.3499362762718001
4.235372763705175,-1.346632409030032
4.241287191426223,-1.3432970006342693
4.247183815775827,-1.339930249457245
4.253062454716922,-1.3365321861755055
4.258922842329434,-1.3331027318220832
4.264764940650718,-1.3296422936110275
4.270588493267641,-1.326150693184566
4.276393377470516,-1.3226281250005834
4.282179416583203,-1.319074680206821
4.28794649576953,-1.3154905654831057
4.293694433445722,-1.3118758237984722
4.2994230064543695,-1.308230453248698
4.30513209416256,-1.304554636158952
4.310821532954789,-1.3008484751025642
4.316491152401521,-1.297112071086368
4.322140845853803,-1.29334563368386
4.327770432256979,-1.2895492101179282
4.333379687875775,-1.2857227983727373
4.338968496711905,-1.2818665767763193
4.344536696909743,-1.2779806467244637
4.35008411946602,-1.2740651089935378
4.3556106946794335,-1.2701202466594714
4.361116087681926,-1.2661458463062454
4.366600301821301,-1.2621423255433628
4.372063082513924,-1.258109580014192
4.377504318704887,-1.2540477995365158
4.382923854285041,-1.2499571000375134
4.38832152546148,-1.2458375936274702
4.393697240771149,-1.2416894987348976
4.399050822038861,-1.237512880412063
4.404382048180188,-1.2333077539195523
4.409690817151577,-1.229074307110172
4.414976975932968,-1.2248126539341428
4.420240364309345,-1.2205229065351888
4.425480894348092,-1.216205280623855
4.430698385545816,-1.2118598423338032
4.435892616014075,-1.2074866110805074
4.441063488845,-1.203085778221942
4.446210855236104,-1.1986574643593984
4.4513345491353915,-1.1942017784939094
4.456434542757967,-1.1897190363780834
4.4615104997674075,-1.1852090825201869
4.466562447985847,-1.1806722726813113
4.471590122792288,-1.1761085648694378
4.476593435847088,-1.1715181570381452
4.481572242088011,-1.1669011750988645
4.486526391919654,-1.1622577414496331
4.491455815204463,-1.1575880795696643
4.496360335106943,-1.152892271042763
4.501239731796855,-1.1481703488922297
4.506094434853321,-1.1434225431047687
4.510925969516664,-1.1386502779248613
4.51573419114522,-1.1338548237683315
4.520518094784814,-1.1290355306380888
4.5252777649298315,-1.124192050642626
4.530013448085578,-1.1193249524697046
4.534724916663164,-1.1144346454903848
4.5394112136346685,-1.1095207066430341
4.544070862727524,-1.1045822464630979
4.548703663032938,-1.099618299123615
4.553310389793901,-1.0946297992672966
4.55789108240818,-1.0896171365665477
4.562447111677155,-1.0845813716875645
4.566978570112315,-1.0795236073062358
4.571484483519478,-1.0744434166136065
4.575964768383794,-1.0693404320506399
4.580419799686863,-1.0642151877937254
4.584849392741092,-1.0590680979039877
4.589253171041412,-1.0538989555818603
4.593631126325368,-1.0487078292226084
4.597983137153592,-1.0434949117030488
4.602309264457859,-1.038260576395048
4.606609210826089,-1.0330046915848412
4.6108829014167645,-1.0277274023778833
4.615130278515074,-1.0224289147392238
4.619351181531327,-1.0171093120839874
4.62354563278359,-1.0117688766762687
4.627713404726934,-1.0064075910078314
4.631854334074613,-1.001025563141944
4.6359685030358895,-0.9956230689494685
4.640055653994727,-0.9902000982281796
4.644115749409538,-0.9847568354915222
4.648148731780541,-0.9792934513513989
4.652154353237866,-0.9738099591298665
4.656132712840842,-0.9683066868007426
4.660083634292741,-0.9627836730382745
4.664006985497848,-0.9572410295375986
4.667902628606698,-0.951678870379318
4.671770589732889,-0.9460973961773772
4.675610678904278,-0.9404967083241397
4.679422897855207,-0.9348770116378522
4.68320706591401,-0.9292383776665757
4.686962983894746,-0.9235808763557184
4.690690836882271,-0.9179048784392697
4.694390356667898,-0.9122103545412508
4.698061379498719,-0.9064974100293353
4.70170395955852,-0.9007662804132529
4.705318023871802,-0.8950171379531481
4.708903304201668,-0.8892500200633277
4.712459928023579,-0.8834652076363464
4.71598754761999,-0.8776626459104004
4.719486390539968,-0.871842739627412
4.722956110416436,-0.8660053988665658
4.726396709932908,-0.8601508395658304
4.729808218446216,-0.8542792829469743
4.733190291233444,-0.8483907038822841
4.736543097193814,-0.842485447200546
4.739866471293463,-0.8365635610676928
4.743160290371831,-0.8306251781369471
4.746424364344711,-0.8246703850225225
4.749658926730729,-0.8186995390705525
4.752863625890031,-0.8127125598440461
4.7560385492879735,-0.8067097443769374
4.759183531317078,-0.8006911644123687
4.762298378854861,-0.7946569216029217
4.765383311878332,-0.7886073635129253
4.76843806664414,-0.7825424841959338
4.771462483719647,-0.7764624149969522
4.774456643370407,-0.7703673757169243
4.777420482168617,-0.7642575516512126
4.780353735414904,-0.7581330098588623
4.783256563702775,-0.7519940076450851
4.786128692278798,-0.7458405888422404
4.788970142455817,-0.7396729743528698
4.791781307536065,-0.7334911063371977
4.794564157439205,-0.7272957599767318
4.797319078330619,-0.7210881635147128
4.800044846565881,-0.7148680416415497
4.802741387154107,-0.7086349786874968
4.805409279004606,-0.7023894651775708
4.8080482970878515,-0.6961318319136444
4.810658071999196,-0.689861967729624
4.813238766243569,-0.6835799721709847
4.815790490660122,-0.6772861748334591
4.818312946282679,-0.6709806343495993
4.8208060389207255,-0.6646634083585429
4.823269759942963,-0.6583346373742726
4.825704275627881,-0.6519946529276078
4.8281092409258575,-0.6456433827105863
4.830484778499656,-0.6392810765735378
4.832830742282408,-0.6329077879312246
4.835147126502464,-0.6265236898208267
4.837433868472632,-0.620128899082343
4.8396910231535974,-0.6137235953596062
4.841918494536255,-0.6073079167920431
4.8441161326280024,-0.6008819460245592
4.846283958165616,-0.5944458470256591
4.848421920893921,-0.5879997586068588
4.85052996310074,-0.5815438098295667
4.852608124933557,-0.5750781785799756
4.854656304430728,-0.5686030023115903
4.856674254320246,-0.5621183575391053
4.858662311866455,-0.555624503691907
4.8606200527909555,-0.5491214464783061
4.862547744525925,-0.5426094355199605
4.864445187326264,-0.5360885443549569
4.8663123403685145,-0.5295589088732904
4.868149197600095,-0.5230206800519309
4.869955718840833,-0.5164739949937713
4.8717319027147745,-0.5099189880121276
4.8734777595639045,-0.5033558550971253
4.875193146340468,-0.4967846852289992
4.876878020413228,-0.4902056161042046
4.878532371376292,-0.4836188000487848
4.88015615327625,-0.4770243763725594
4.881749439236425,-0.47042252822298075
4.883311937698407,-0.4638133353453724
4.884843905803826,-0.45719704661278754
4.886345072129239,-0.4505736864452525
4.887815499585852,-0.44394342219754584
4.889255249333944,-0.4373064235202999
4.890664237970432,-0.4306628421190425
4.892042337984068,-0.424012775398705
4.8933895956759095,-0.4173563852951842
4.894705980724191,-0.4106938146558314
4.89599145941225,-0.40402519379392565
4.897246099972602,-0.3973506917531367
4.898469816846945,-0.3906704654020911
4.899662477665925,-0.38398461580256116
4.900824039533282,-0.3772932989897207
4.9019547513272785,-0.3705967213555032
4.903054237862205,-0.36389493019697716
4.9041227740683215,-0.357188179802361
4.905160099195399,-0.3504765166021143
4.906166281779204,-0.34376011190103095
4.9071412982101,-0.3370391074910373
4.908085167293133,-0.3303136281692109
4.9089979208877175,-0.32358388130475396
4.90987943503188,-0.31684996722226627
4.910729689315275,-0.31011202733997867
4.911549119250852,-0.30336991850593026
4.912339809665304,-0.2966237531173584
4.913102505884217,-0.28987454841793564
4.9138359240031795,-0.2831224685969161
4.914539927098558,-0.2763670364236328
4.915214668435354,-0.2696088961261424
4.91585815377032,-0.2628484361297012
4.916469053019257,-0.2560847811212559
4.917049395979906,-0.24931768953400588
4.9176012300447285,-0.24254779800773688
4.918124825166813,-0.23577608847952786
4.918618741616336,-0.2290022374769748
4.9190833086571315,-0.22222606634434655
4.919519081391268,-0.21544799762369127
4.919925952805517,-0.20866824920843688
4.920303461815421,-0.201886759894125
4.920651790057233,-0.19510366058019657
4.920971243050712,-0.18831912584964322
4.921261481989012,-0.18153330907529155
4.92152240442015,-0.17474627711730348
4.92175439733065,-0.16795823104785582
4.921957236710698,-0.16116921370658038
4.922130845316212,-0.15437938582948113
4.9222753181431935,-0.14758889663814886
4.922390622115483,-0.14079783505101462
4.922476773766952,-0.13400631744182423
4.9225337745863085,-0.127214571335956
4.922561676524084,-0.12042260432762604
4.922560293148171,-0.11363059657040173
4.9225298860755675,-0.10683867575729758
4.922470291099843,-0.10004694320258917
4.92238150723444,-0.09325552290921857
4.922263562849574,-0.08646454236812443
4.922116452850547,-0.0796741219422355
4.921940214394566,-0.07288436964351858
4.921734899502901,-0.06609545700269502
4.921500408105071,-0.059307486617332685
4.921236740650109,-0.05252057985657339
4.920943916171392,-0.04573486484933914
4.920622022879511,-0.03895051064622282
4.920271033150704,-0.032167585325212564
4.919890868079136,-0.025386240653114234
4.919481594418331,-0.018606582542865853
4.919043213528614,-0.01182873685445448
4.918575725669895,-0.0050528266922503446
4.918079231664441,0.001721016427459847
4.91755368763958,0.008492667090919542
4.916999003897578,0.015262001808629813
4.916415258713847,0.02202890008963551
4.915802459496127,0.028793238076277282
4.9151607094159475,0.03555486253047931
4.914489784172632,0.04231365320837123
4.913790045433597,0.04906949760406792
4.913061202552994,0.0558222818644582
4.912303369220046,0.0625718787808635
4.911516593495166,0.06931815111855497
4.910700936032469,0.07606100301937586
4.909856308003444,0.08280029215287268
4.908982720569312,0.08953589811459385
4.908080217872546,0.09626769982500323
4.907148774052225,0.10299555499251396
4.9061886245251864,0.10971934744176831
4.905199444515483,0.11643893173221413
4.904181561629514,0.12315422123082147
4.9031347593248595,0.12986507972657596
4.902059148105978,0.13657136356798863
4.900954836990458,0.14327297668805078
4.899821796502624,0.14996980649959915
4.89865995027498,0.15666170745378244
4.897469388534282,0.1633485663398954
4.896250129125089,0.1700302603581205
4.895002186207204,0.17670664781333384
4.893725673096954,0.1833776149243238
4.892420531889891,0.19004305900431478
4.89108679580094,0.19670280154429182
4.889724368547852,0.20335676116956228
4.888333442251431,0.2100047777373754
4.8869140516175325,0.2166468052441449
4.88546612226153,0.22328267674016286
4.883989677106752,0.229912272879563
4.882484775111062,0.23653547775334854
4.880951443720563,0.24315216652145344
4.879389747098524,0.24976217699974984
4.877799764972646,0.2563654687471872
4.876181426166357,0.26296186992060505
4.874534685397054,0.2695512480491429
4.8728598519541295,0.27613348304115576
4.87115660814257,0.2827084330276973
4.869425352283252,0.2892760525955566
4.867665796991792,0.29583616206836844
4.8658780836805136,0.3023886646152271
4.864062239811171,0.3089334397372483
4.8622182908724705,0.31547035116629946
4.860346363301997,0.3219992895408061
4.858446444240855,0.3285201596718004
4.856518749444997,0.3350332397800823
4.854565287595523,0.34153929051633236
4.852586945734986,0.348037190817417
4.85058044542881,0.3545255421940947
4.848544791736102,0.36100514111917964
4.8464817260101265,0.3674765310868248
4.844391589065899,0.3739388953207922
4.8422732984806816,0.380391938623424
4.840127062748292,0.38683594494846724
4.837953550785315,0.3932708483843501
4.835752726915056,0.3996967001116795
4.833526245793678,0.40611438669796596
4.831275389873655,0.4125234228800106
4.828999085749103,0.41892314101883743
4.826697166954681,0.4253138093681524
4.824370149735731,0.43169552877810435
4.8220181098322605,0.4380679445219195
4.8196408261578725,0.4444309049587426
4.817238353993587,0.4507844922865807
4.814810649612926,0.45712812504076605
4.812355816428486,0.4634606274369082
4.809872880519576,0.46978234751758347
4.8073630010177295,0.4760937773051815
4.804826693290064,0.48239480162585796
4.802265296373742,0.4886862055370859
4.7996798204517885,0.4949676522842128
4.7970695193268424,0.5012385667049308
4.794433937635351,0.5074990235460333
4.791773906695804,0.5137492621478059
4.789089373787033,0.5199889124550062
4.786380028878221,0.5262178037596147
4.7836461205993395,0.5324360126698456
4.780887689625836,0.538643399200798
4.778104780123293,0.544839818775452
4.7752974490297415,0.5510251723290708
4.772465610950256,0.5571993636349862
4.76960956420449,0.5633623603892468
4.766729109840558,0.5695139787409254
4.763824442226403,0.5756541973256911
4.760895574666814,0.5817829249920805
4.757942461304833,0.5879000127837684
4.754965192715688,0.5940053908599261
4.75196381457343,0.6000989688432932
4.748938372273537,0.6061806395160976
4.745888991272015,0.6122503359186019
4.742815678675078,0.6183079535521171
4.739718379285194,0.624353339055378
4.736597315798425,0.6303864643352933
4.73345236120946,0.6364071699215219
4.730283762353334,0.6424154629580913
4.727091437227106,0.6484111845424789
4.723875430472108,0.6543942430893457
4.720635814340076,0.6603645577668358
4.7173726331815145,0.6663220325121408
4.714085959519929,0.6722665685904674
4.710775920401188,0.678198124308029
4.70744234056665,0.6841164827822372
4.7040855456795505,0.6900216778261073
4.700705318054841,0.6959135111669648
4.697301934994826,0.7017919864101396
4.6938753822170876,0.7076569970574185
4.690425630750275,0.7135084019801329
4.6869527913507,0.7193461418749688
4.683456917032014,0.7251701251318649
4.679938056119157,0.7309802495843085
4.67639634062094,0.7367764617720498
4.672831774237545,0.7425586415911566
4.66924440888068,0.7483266826621824
4.665634216198762,0.7540804588092486
4.6620013654844925,0.7598199479753345
4.658345932639697,0.7655450909453344
4.654667887605242,0.7712557392076866
4.650967281158471,0.7769518046151995
4.647244194089123,0.7826332131793703
4.643498682056401,0.7882998732893239
4.639730826450752,0.7939516956328526
4.63594075615625,0.7995886321508532
4.632128398241299,0.8052105094373074
4.628293873363423,0.8108172792542938
4.624437200899699,0.8164088416433782
4.620558542735655,0.8219851694233686
4.616657917276007,0.8275461585315129
4.612735302496141,0.8330916666257704
4.608790810734867,0.8386216431270986
4.604824499792865,0.8441360005764567
4.60083642261786,0.8496346421815641
4.5968267138788645,0.855117526100643
4.592795376669254,0.8605845115694172
4.588742516423699,0.8660355315731113
4.58466807148834,0.8714704535758516
4.580572221246446,0.8768892556240868
4.576455059041297,0.8822918883599308
4.572316566357724,0.8876782032982753
4.568156802200453,0.8930481179731223
4.563975854155444,0.8984015659855777
4.5597737842990895,0.9037384602866635
4.55555067698829,0.9090587202792166
4.551306666271412,0.9143622931919023
4.547041696253609,0.919649025175485
4.542755881084077,0.9249188570814231
4.538449249610362,0.9301716992162703
4.534121964747862,0.9354075372739749
4.529774056177981,0.9406262673682896
4.525405513633972,0.9458277477247663
4.521016454652042,0.9510119368271581
4.516606945413773,0.9561787521512851
4.51217704687321,0.9613281032909459
4.507726950825,0.9664599886395729
4.503256482069277,0.9715741386021496
4.498766014563288,0.9766706997935511
4.494255331555757,0.9817493975724463
4.489724650304435,0.986810261830496
4.485174070754983,0.9918532434474792
4.480603583677933,0.9968781940427993
4.476013255325554,1.001885036252086
4.471403178779476,1.0068737112839068
4.466773422808061,1.011844138615698
4.462124076371197,1.0167962488277595
4.457455283381954,1.0217299962294109
4.452766997279678,1.026645227090289
4.448059340839695,1.031541887874338
4.443332346744488,1.0364198950302612
4.438586179013768,1.0412792466436729
4.433820877647955,1.0461198389392559
4.429036442093933,1.0509415313963453
4.42423299218964,1.0557442919621327
4.419410600025661,1.0605280430557162
4.414569332205147,1.0652926998587604
4.4097093783565535,1.0700382615363746
4.404830598605414,1.0747644820550706
4.399933339370355,1.0794715046594534
4.395017415768379,1.0841590503582479
4.3900830382359795,1.088827171534614
4.385130315746557,1.0934758242219285
4.38015925022848,1.098104862683009
4.375169914280563,1.1027142146249536
4.370162404745894,1.1073038275548122
4.3651367958398035,1.1118736257641728
4.3600931786356645,1.1164235483691927
4.355031700180767,1.120953544418828
4.349952336486922,1.1254634879761067
4.344855198424901,1.1299532995065409
4.339740337384717,1.1344229336146483
4.334607903958202,1.1388723786113721
4.32945795717189,1.1433015394254706
4.324290507280572,1.14771027861121
4.319105678140629,1.1520985768785383
4.313903549556843,1.1564663652162748
4.3086841941267,1.160813567461069
4.303447801881242,1.1651402139767653
4.2981942479430435,1.1694460068136083
4.292923877415517,1.1737311511195272
4.287636520783461,1.1779953399157694
4.2823323789473955,1.182238644272545
4.277011568503048,1.1864610216959168
4.271674100013002,1.1906623261248925
4.266320051376635,1.1948424905944548
4.2609495239072555,1.1990014711222037
4.255562598349456,1.2031391997854985
4.250159432945261,1.207255689122909
4.244739999608515,1.2113507112935504
4.239304459859017,1.2154243374081735
4.233852880818165,1.2194764321310054
4.228385313252039,1.2235069598560144
4.222901908193709,1.2275159218758758
4.217402734671267,1.2315032262544152
4.211887812099042,1.2354687364828416
4.2063572641440015,1.2394124397353192
4.200811174737517,1.2433342693544391
4.1952496203176555,1.2472341520359345
4.1896727870552475,1.2511121296911323
4.1840805763737166,1.2549678917275178
4.1784733108779815,1.2588016516859986
4.172850866599915,1.2626131475205684
4.167213410304744,1.2664024217844307
4.161561078939533,1.2701694585559056
4.155893893947904,1.2739141183791687
4.150211938999861,1.2776363444694994
4.144515319776464,1.2813361045738894
4.138804122561699,1.2850133390697664
4.1330784422083,1.2886680088732239
4.127338444823231,1.2923000793680117
4.121584139598469,1.2959094485089213
4.115815590255365,1.299495994165652
4.110032909321158,1.303059735306243
4.104236229773822,1.30660066410725
4.098425629978524,1.3101186877618904
4.092601138247623,1.3136136724713265
4.086762879957103,1.3170856193350784
4.080910945552641,1.3205344735339881
4.075045416450086,1.3239601747339835
4.069166478319535,1.327362770209275
4.063274089282312,1.3307420217722927
4.057368462680075,1.334098028940514
4.051449581634505,1.337430641696066
4.045517580729269,1.3407398810476345
4.039572601000443,1.3440257354676688
4.033614672547462,1.3472880662595201
4.0276438833381665,1.3505268180077625
4.021660340764643,1.3537419599903642
4.015664134993117,1.3569334340601358
4.0096553612091075,1.3601012077966943
4.003634194599889,1.3632452545480545
3.9976006460914384,1.3663654811768977
3.9915547958263824,1.3694617719000466
3.9854967501050447,1.372534165218879
3.979426642849399,1.375582670439675
3.973344563121916,1.3786072045501734
3.9672505489196457,1.3816076413064318
3.9611447250838037,1.3845839932541686
3.955027186212282,1.3875362127999131
3.948898016768528,1.3904642452424225
3.9427573980687423,1.3933681479820623
3.936605308358476,1.396247674065607
3.9304419551471175,1.3991029225464393
3.9242673324751887,1.4019337646336174
3.918081563694794,1.4047402071124493
3.9118848005807187,1.4075222520676784
3.905677082185775,1.4102797664756535
3.8994583406651127,1.4130132012576473
3.8932292721989237,1.4157245675851482
3.8869910306687463,1.4184142542154825
3.8807433267507068,1.4210810216118082
3.8744856961319196,1.4237249621047514
3.868218734052239,1.4263460567134263
3.8619421628841177,1.4289421387814516
3.855654753138719,1.4315123955722406
3.849356843358634,1.434058746823103
3.8430496959200418,1.4365832322171115
3.8367340341075455,1.4390853650101785
3.8304093148194758,1.4415641325365536
3.8240753818644104,1.44401992142339
3.817732791496114,1.4464532904741239
3.8113815872918355,1.4488636768382381
3.8050216730029196,1.4512509463577519
3.798653102993442,1.4536152993946416
3.792276156806316,1.4559568328215091
3.7858907923205147,1.4582752433106976
3.779497062662799,1.460570577278672
3.7730950917543695,1.4628428784608118
3.7666849693489133,1.4650920819541662
3.7602667819072324,1.4673181956589139
3.753840617279775,1.469521176955267
3.7474065290092247,1.4717009283793485
3.74096461926078,1.473857459037552
3.734514942969359,1.475990706792684
3.7280576966305237,1.4781007544270977
3.7215928644635055,1.4801874959313286
3.7151205420355735,1.4822507958161124
3.7086408293573565,1.48429083662257
3.7021538213746883,1.48630752108265
3.695659559430769,1.4883007427174995
3.6891581453945395,1.4902705313282325
3.6826496631983763,1.4922168607643063
3.6761341852703224,1.4941396993165095
3.669611821948349,1.4960390944691926
3.663082689667619,1.4979149558788116
3.6565468208870513,1.4997672630635226
3.650004328105547,1.5015958988619242
3.6434552558897515,1.5034009764074614
3.636899750874086,1.5051824868466657
3.630337854072261,1.5069403213738342
3.623769647097517,1.5086744537816725
3.6171952225941517,1.5103848854019062
3.6106146565317583,1.5120715615919744
3.6040280986196915,1.5137346163805545
3.5974355433733267,1.5153737877157691
3.5908371933637864,1.5169892717042315
3.58423302432186,1.51858088908895
3.577623138169986,1.5201486710700425
3.5710076421754335,1.5216926712877308
3.5643866423916415,1.5232128302053793
3.5577601837995396,1.524709045206548
3.551128366825982,1.5261813528742318
3.5444912562087096,1.5276297045640939
3.5378490380420415,1.529054212853384
3.5312016650135436,1.5304546262608574
3.524549363039811,1.5318312082746526
3.517892098065556,1.5331836901924938
3.5112300289344858,1.534512240761794
3.504563194152849,1.5358167039563995
3.4978916929865216,1.5370971192213259
3.491215612961083,1.5383534660771885
3.4845350258178316,1.5395857188735358
3.4778500324738264,1.5407939365248546
3.4711607488722773,1.5419780636960099
3.464467222245455,1.5431380002450434
3.457769550838667,1.5442737865926406
3.4510678210390533,1.5453854241347729
3.4443621838985985,1.5464728396895369
3.4376526481188043,1.5475361595812502
3.4309393268102766,1.5485751580264748
3.4242222865858105,1.5495900390808581
3.417501654967486,1.5505807214472842
3.4107774797879418,1.5515471096519147
3.4040498582580105,1.5524892472488605
3.3973188784565314,1.5534071178298257
3.390584612083514,1.5543007003599678
3.3838471523548694,1.5551700573940361
3.3771066454283845,1.5560151296057396
3.3703631041119424,1.5568358010435075
3.3636167247117656,1.5576321838212968
3.3568674612828855,1.5584042756228056
3.3501154992833873,1.5591519367161017
3.343360872368366,1.5598752496710133
3.3366036589505526,1.5605741848595651
3.32984394837184,1.5612488134824327
3.323081575694875,1.5618995108092366
3.316316505428225,1.5625282915930825
3.3095497134637557,1.5631359318741511
3.3027812297453387,1.5637211533844622
3.29601062631055,1.564283847538229
3.2892381500461525,1.564824858323143
3.282464086530659,1.565343825544374
3.2756884524537426,1.5658405187559494
3.2689110977826257,1.5663150986923786
3.2621322954306797,1.5667675730135588
3.2553520400586,1.5671979544320875
3.2485704305980914,1.567606194139986
3.2417875005158434,1.5679922921800684
3.2350033530088353,1.5683562560914615
3.228218056081752,1.5686980584920274
3.2214316611457994,1.5690177018987175
3.214644217194245,1.5693152328957674
3.207855874601261,1.569590687204949
3.20106666531741,1.5698439663083281
3.1942766564165694,1.570075072769603
3.1874859157942557,1.5702840133267382
3.1806945952524126,1.570470831360837
3.1739026726279875,1.5706355179493612
3.167110258553202,1.5707779619145419
3.1603174505141074,1.5708983093123885
3.1535242677777084,1.5709964336547335
3.146730793608634,1.57107237780269
3.1399370841157555,1.5711261360043072
3.1331432345420356,1.5711577801634966
3.12634932534108,1.5711672802263306
3.119555414724161,1.5711545631356247
3.1127615748432365,1.5711196853652558
3.105967878004519,1.5710626466494266
3.0991743844846225,1.5709834921468582
3.092381230982326,1.570882128483396
3.085588446310876,1.5707586951727577
3.0787961026209025,1.5706130193970305
3.0720043007154643,1.5704452418684631
3.065213065108551,1.570255246323335
3.058422471671899,1.5700431014906058
3.051632610680263,1.5698088506085748
3.0448435469063977,1.5695524132902334
3.0380553487736655,1.569273790862852
3.0312680873350515,1.5689730122792114
3.024481833353351,1.5686500816836004
3.017696661133575,1.568305026287861
3.010912648439751,1.5679379017073585
3.0041298760246598,1.5675486275648707
2.997348411887054,1.5671372173201656
2.990568350359648,1.5667036694032335
2.983789751551681,1.5662480983072806
2.9770126765818357,1.5657702990691442
2.970237198545779,1.5652705457080367
2.963463383116885,1.5647485931382836
2.956691297466927,1.564204531130891
2.949921013450815,1.5636383613052254
2.9431526165527893,1.5630500806815935
2.9363861632496278,1.5624397674471677
2.929621728666477,1.5618073984688132
2.92285939003102,1.561152906363465
2.916099214362735,1.5604763450385417
2.9093409273090862,1.559778145760304
2.9025840927669213,1.5590602104958593
2.8958294911342746,1.5583236546375951
2.889077415213502,1.5575670801219457
2.882327432844464,1.556790336165156
2.875579591671348,1.5559941438964557
2.8688342087729124,1.5551784404808355
2.8620913007503246,1.5543428546339095
2.855350761220603,1.5534875797369654
2.8486127331250586,1.552612717541854
2.841877325314516,1.5517181521123133
2.8351445440203764,1.550803845116489
2.828414458298156,1.5498699399938858
2.8216871460916653,1.5489163215055846
2.814962667901911,1.5479431869963012
2.8082410670733684,1.5469503074004562
2.801522365877104,1.545937917414864
2.7948066514654912,1.544905908233221
2.788093973625554,1.5438542738546093
2.781384381595236,1.5427830496520398
2.7746779382488813,1.5416922435817833
2.7679747326205937,1.5405819356097203
2.7612747968728724,1.5394519396659834
2.7545781982375614,1.5383025163102784
2.747885004133216,1.5371334366182743
2.7411952336989707,1.5359449142044312
2.734508959414407,1.5347367945948758
2.727826229751075,1.5335091499600235
2.721147105806988,1.532261990129218
2.7144716755453575,1.5309953427793868
2.707799931945411,1.5297092712357045
2.701131969754883,1.5284037137234172
2.6944678419000994,1.5270786803194196
2.6878076322596427,1.5257341899709134
2.6811513603546673,1.5243703116411602
2.6744991504094737,1.522987039703382
2.667850992943693,1.521584261346511
2.661206971803922,1.5201622103534194
2.6545671164720144,1.5187206915241724
2.6479314874273774,1.517259782083172
2.641300158746355,1.5157794856358024
2.6346731799379786,1.5142798774075743
2.628050578195237,1.512760946183258
2.6214324405198894,1.5112226368371493
2.614818811420423,1.5096650114198236
2.6082097468788144,1.5080880838121304
2.6016053384556956,1.5064919059835231
2.5950055965051355,1.5048764258053544
2.5884106467644763,1.5032417681402728
2.5818205047268035,1.5015878021191493
2.5752351982079413,1.49991466944998
2.5686548092622354,1.498222272798365
2.5620794186280857,1.4965106826377153
2.555509006100088,1.4947799548204015
2.548943673941661,1.4930300268578356
2.5423830476068816,1.4912611898414285
2.5358263554404634,1.4894754289041625
2.529274232957085,1.4876737298566036
2.5227271586086566,1.4858550364137868
2.5161847397537254,1.4840189653448148
2.5096468805701684,1.4821662495655252
2.503113923997878,1.4802969443319542
2.496585860552667,1.4784106459012745
2.4900626097122474,1.4765074508010219
2.4835442403953887,1.4745875778627884
2.477030874369674,1.472650923147663
2.470522558772545,1.4706974309914713
2.46401923006359,1.4687272486929648
2.457521047553846,1.4667403217334236
2.451027997994809,1.4647366359209424
2.4445401366896307,1.462716189294882
2.438057503400356,1.4606790841993698
2.431580107662116,1.458625308846879
2.4251080327071457,1.456554798760202
2.4186413404834495,1.454467589764193
2.4121800164666047,1.4523638227774232
2.405724165139141,1.4502433800874088
2.3992737823203507,1.4481063313630689
2.3928289193321937,1.445952657826196
2.386389615365405,1.443782390391641
2.379955916575469,1.4415955369625177
2.37352789247823,1.439392173326711
2.3671055558745038,1.4371721758705551
2.3606889830407223,1.4349357543194479
2.354278172473724,1.4326827182381066
2.3478732287336035,1.4304132485536292
2.3414741240076125,1.4281272420316216
2.3350809194579014,1.4258247514676796
2.32869365977373,1.423505790840399
2.3223124183479484,1.4211703840608794
2.3159371676335714,1.4188185972156457
2.3095679967922056,1.4164503794709862
2.3032049383116595,1.4140657206624376
2.2968480873976715,1.4116647553893071
2.2904974520327617,1.4092473693282215
2.284153049664637,1.4068136879449207
2.2778149367975176,1.4043636370754915
2.271483177385884,1.4018972670841785
2.2651577469698414,1.3994146441230486
2.2588387344201544,1.3969157161524444
2.2525261778677885,1.3944004960613965
2.2462201407252187,1.3918690070893547
2.2399206274723067,1.3893213271982534
2.2336272700981463,1.3867576729790216
2.227339032958948,1.3841798136610548
2.2210563997967485,1.3815889227255413
2.2147799193081528,1.3789838698562067
2.2085092683452414,1.3763643099953884
2.202244264056276,1.3737309563563993
2.195985198304274,1.3710838319871488
2.1897321642522924,1.3684225378992891
2.183485041611644,1.365747306543065
2.177243872647044,1.36305821833385
2.1710087788344894,1.3603551590565357
2.1647797558883393,1.357638201572411
2.1585567672433483,1.3549073320417078
2.152339887853407,1.3521625885512396
2.146129157779353,1.3494039526295172
2.139924592640131,1.3466314332440419
2.1337262298795396,1.3438451249596177
2.12753411731454,1.3410449217482063
2.1213482860266506,1.338230987470146
2.1151687731256756,1.3354031719265476
2.108995551611099,1.332561654374616
2.102828699910436,1.3297063127741675
2.0966682287155014,1.3268372029250994
2.0905141704171606,1.3239543393854694
2.084366582148232,1.321057738171351
2.0782254324389173,1.318147462580217
2.072090801316932,1.3152234634411875
2.0659627427015774,1.3122857921321591
2.0598412689250583,1.3093344023502134
2.0537263918294766,1.3063694326829032
2.0476181504601927,1.3033907723831593
2.041516565365688,1.300398478374821
2.0354216922980983,1.2973925639471544
2.029333500487502,1.294373095087966
2.0232520664529186,1.2913400265859885
2.017177458505641,1.2882933326526351
2.011109627784236,1.28523318867057
2.0050486886963124,1.2821594391850006
1.9989946082721883,1.2790722137690453
1.9929474363628061,1.2759714456950544
1.9869072184377277,1.2728571772752386
1.9808739236460418,1.2697294764102052
1.9748476285774248,1.2665882993224542
1.9688283598906322,1.263433659063223
1.9628156608292386,1.2602657550419325
1.9568083535371124,1.2570863997342856
1.9508068257786837,1.2538965935434245
1.9448117225346973,1.2506953649562313
1.9388227543867018,1.247482343088887
1.9328396197100868,1.2442581879754728
1.926862607864895,1.241022949336404
1.9208918461039466,1.2377762426456183
1.9149271686075138,1.2345182085323771
1.9089685741261837,1.2312490398085407
1.9030162176179712,1.2279686007991912
1.897070078483401,1.224676854521333
1.8911301633895723,1.2213739101066337
1.8851965166189328,1.218059743057622
1.8792691272319153,1.2147344376534062
1.8733480668725653,1.2113978913045267
1.8674332992244016,1.2080501941749542
1.8615248624122425,1.2046913184628094
1.8556227785104724,1.2013212720686148
1.8497270857253088,1.1979400686689756
1.843837745300651,1.1945477778818026
1.8379548277231357,1.1911443522766036
1.8320783489653476,1.1877297991612765
1.8262083484545475,1.184304136518766
1.820344811567466,1.1808674389856462
1.8144878171066419,1.1774196669651529
1.8086373419893227,1.1739607976946078
1.80279341526553,1.1704909493976525
1.7969560444936832,1.1670100325870165
1.7911252499032124,1.1635180905369857
1.7853010660354274,1.160015125787947
1.7794835008447454,1.1565011865391102
1.7736725551754045,1.1529762856274706
1.7678682904414953,1.1494403901424723
1.7620707232655395,1.1458935486540798
1.75627988258737,1.1423357363875288
1.750495774502783,1.1387670588181287
1.7447184441793715,1.1351873989378183
1.7389478483063951,1.131596901497633
1.733184055986353,1.1279954675694592
1.7274270674769623,1.1243831457281293
1.721676906094258,1.120759946997081
1.7159336144582356,1.117125879005953
1.7101971535643112,1.1134810088606963
1.7044675898866124,1.1098252977715395
1.6987444571482206,1.1061588771968158
1.6930263987200882,1.102483475984063
1.687313717878252,1.0988001133496024
1.6816071360376212,1.095107868177679
1.6759063730433412,1.0914063249515629
1.6702110938982158,1.0876961368674767
1.6645215801731883,1.0839773619810342
1.658837915755983,1.0802496765199154
1.6531599793590694,1.076513114738416
1.6474877609172087,1.0727678679282275
1.6418213688383878,1.0690138698845335
1.6361608055904389,1.0652510453255017
1.6305060541760013,1.0614794634904514
1.6248570982818014,1.0576992413788653
1.6192140489754656,1.0539102591855354
1.6135768828408503,1.0501125171810461
1.6079455511736491,1.0463061499896646
1.602320144455711,1.0424910368400893
1.5967006362023344,1.0386672408398545
1.5910870122453453,1.0348347823314112
1.5854793248727275,1.0309936315264305
1.5798775737459436,1.0271438123978236
1.5742817658780823,1.023285331224582
1.5686919613891877,1.019418224725336
1.5631081425649669,1.0155424694430808
1.5575303108467928,1.011658112480955
1.5519585283598956,1.0077651130192171
1.5463927228483791,1.0038635391010526
1.5408329621678398,0.9999533440239523
1.5352792416998133,0.9960345571767624
1.5297315694594074,0.9921071888245313
1.5241900060529443,0.9881712721773247
1.5186545333385886,0.9842267855131618
1.5131251550324878,0.9802737802170335
1.5076019198211557,0.9763122005344018
1.502084774815515,0.972342129321716
1.4965737807568988,0.9683635117100434
1.4910689327799305,0.9643763761277867
1.485570243931866,0.9603807312833466
1.480077742251449,0.9563765736074018
1.4745914272072262,0.9523639707978363
1.4691113482348572,0.9483428590524887
1.4636374675256916,0.944313335847686
1.4581698538223085,0.9402753361954049
1.4527084833431996,0.9362288952386385
1.4472533877214788,0.9321739992041856
1.4418045212995632,0.9281107148726345
1.4363619418848814,0.9240390055468833
1.4309256594707005,0.9199588779772256
1.4254956793015408,0.9158703497474164
1.4200715215630835,0.9117735151662302
1.4146517000421208,0.90766995396813
1.4092364477840578,0.9035607245176731
1.4038265311830962,0.8994449811675613
1.398421720567364,0.8953222433349286
1.3930215974030469,0.891193166781629
1.3876264627930022,0.8870578334882059
1.382236434072682,0.8829158637917718
1.376851342887017,0.8787673263417312
1.3714711626159541,0.87461241200714
1.366096041128848,0.8704510296564684
1.360725912247103,0.8662831629112343
1.3553607700850965,0.8621088376971692
1.350000636220718,0.857928094626029
1.3446455727450228,0.8537408977604939
1.3392955725099542,0.8495472331946273
1.3339505664980735,0.8453472240405796
1.3286106596939753,0.8411407615042231
1.3232758093730312,0.8369278763267736
1.3179460149661644,0.8327085732278805
1.3126212845019931,0.8284828638194528
1.3073016459621176,0.8242507360988802
1.3019871003811012,0.8200122116318584
1.2966776236891802,0.815767349459071
1.291373304846024,0.8115160815262328
1.286074079615055,0.8072584424552114
1.2807799997718963,0.8029944546331731
1.2754910271064304,0.7987240990239742
1.2702071811616402,0.7944473851029026
1.264928485089735,0.7901643046326805
1.259654941272681,0.7858748803809331
1.2543865300202326,0.781579150967749
1.2491233195193783,0.7772770574612871
1.2438652544697706,0.7729686991835941
1.2386124264225615,0.768653991253067
1.2333647673815435,0.7643329751048628
1.2281223275825177,0.7600056547240304
1.2228850661619828,0.7556720437002672
1.2176530148906997,0.7513321285027912
1.2124261739577606,0.7469859229379383
1.2072045535457705,0.7426334310400934
1.2019881921026798,0.7382746375779684
1.1967770269525944,0.7339096141812745
1.1915711121591628,0.7295383471270036
1.1863705006677834,0.7251608126447984
1.1811751522959846,0.720777027289922
1.1759850567740575,0.7163870428151878
1.1708002864732654,0.7119907977269128
1.165620783363409,0.7075883374614732
1.1604465687020171,0.7031796421938272
1.1552776811737373,0.6987646992425848
1.1501135477111875,0.6943436486750174
1.1449526443709597,0.6899178765420652
1.1397950852046708,0.6854885194959554
1.134641749606518,0.6810546786972507
1.1294923786957676,0.6766159551638188
1.1243465541109365,0.6721729651362878
1.1192045428959347,0.6677258050545298
1.1140665207093545,0.6632740807193306
1.1089322780115545,0.6588178863466287
1.1038018188451444,0.6543573493569186
1.0986751990802566,0.6498924549839598
1.093552446135862,0.6454230893232528
1.088433494236539,0.6409493229588463
1.0833183678692855,0.6364711867990912
1.0782071423459065,0.6319886093012589
1.0730997205877,0.6275016645545296
1.0679961480495905,0.6230103496161549
1.062896458296546,0.6185146318450445
1.0578006275285994,0.6140145727031527
1.0527086876239733,0.6095101203046062
1.0476206130728247,0.6050013283504583
1.0425364265392913,0.6004881575057701
1.037456100894366,0.595970627312285
1.0323796442496251,0.5914487340426317
1.0273070781777087,0.5869224641442821
1.0222384067823398,0.5823918205633674
1.0171735938280948,0.5778568549406982
1.0121126797260833,0.5733175288639716
1.0070556903100267,0.5687738404504251
1.002002576327487,0.5642258768732924
0.9969534117553129,0.5596735324780661
0.9919081320986309,0.5551168884970454
0.9868668048183693,0.5505558817146877
0.9818293685693325,0.5459905666687115
0.976795844025338,0.5414209239255762
0.9717662376105377,0.5368469552295916
0.9667405876797251,0.5322686242611483
0.9617188240763617,0.5276860221408086
0.9567009972733004,0.5230991403032567
0.9516871523028904,0.5185079201436752
0.9466772489770403,0.5139123992986702
0.9416712795761564,0.509312623195324
0.9366692912306379,0.5047085025451201
0.9316712240605659,0.5001001229485257
0.9266771185596363,0.49548744012112356
0.9216869659704053,0.4908704664460246
0.9167007693982281,0.4862492057952767
0.9117185483794873,0.48162364460389756
0.9067403029637391,0.4769938075562375
0.9017660516601222,0.4723596927913694
0.8967957472234438,0.4677213776991206
0.891829465586031,0.4630787559254061
0.8868671496961188,0.45843191132793937
0.8819088689208344,0.45378074786184264
0.8769545338868867,0.4491253721506992
0.8720041958370284,0.44446573950833185
0.8670578561645109,0.4398018495643137
0.8621150084607905,0.4351337422348236
0.857174014915598,0.4304627863361412
0.8522349368296134,0.42579014555616396
0.8472987154420817,0.4211149273061844
0.8423650911762862,0.4164366791477595
0.8374335542013992,0.41175606091290917
0.8325044087771863,0.4070731131838024
0.827577836244883,0.40238748701861715
0.8226536366440563,0.39769923876833674
0.8177318101568529,0.3930085265258319
0.8128124357377661,0.3883153105583332
0.8078955014064483,0.3836195494972679
0.8029809882637897,0.3789212076824932
0.7980688522341391,0.3742203921359247
0.7931591576443802,0.3695170313701531
0.7882518850836432,0.3648111175670413
0.783347018256157,0.36010267837186216
0.7784446014408459,0.3553916870977967
0.7735445903731587,0.3506782339855544
0.7686470552385916,0.3459622076087948
0.7637519519863163,0.34124367024511965
0.7588592580890373,0.33652265523522623
0.7539690012923292,0.33179909644655214
0.7490811910980845,0.32707299346910773
0.7441958076057794,0.3223443672636492
0.73931283946645,0.31761324190567514
0.7344323085608983,0.31287959232893225
0.7295542068494396,0.308143424749977
0.7246785644026097,0.30340473084114095
0.7198053473399338,0.2986635780064935
0.7149346152961024,0.29391988198483804
0.7100663250527912,0.2891736819142381
0.7052004700453307,0.28442500500984463
0.7003370541721365,0.2796738071092654
0.6954760804512656,0.2749200961772374
0.6906175821991799,0.27016384202113436
0.6857614957072801,0.26540511581188175
0.6809078612681534,0.2606438964097466
0.676056698963986,0.25588015576937795
0.6712079751052572,0.2511139687105969
0.6663617474099571,0.24634525381933686
0.6615179785504408,0.24157403543332817
0.6566766395745289,0.2368003608913696
0.65183776318747,0.23202417798879035
0.6470013377028301,0.22724549870976735
0.6421673645573711,0.22246432430517385
0.6373358687648941,0.2176806333364389
0.6325068291651879,0.21289444924737652
0.6276802357570566,0.20810581994997285
0.622856141138218,0.20331467468150416
0.6180345167389045,0.19852107146195483
0.6132153657875673,0.19372500128252432
0.6083987051581706,0.18892641778561725
0.6035844871395503,0.18412537727456219
0.5987727397943602,0.17932185370694845
0.5939634614485826,0.174515845679413
0.5891566491278019,0.16970735651740748
0.5843523240521004,0.16489637026000317
0.5795504742264874,0.1600829431546235
0.5747511203100218,0.1552670262863103
0.569954249933585,0.15044866360177386
0.5651598667267251,0.14562783355072123
0.5603679528783957,0.14080454867340142
0.5555785437742441,0.13597875884726088
0.5507916118685927,0.13115049861801678
0.5460071461399995,0.12631978865688578
0.5412251690533693,0.12148660579159513
0.5364456727422653,0.11665095510924947
0.5316686567460424,0.11181284460560383
0.5268941692216432,0.10697226173266
0.5221221733813896,0.10212922365923832
0.5173526551003064,0.0972837802621676
0.5125856742667307,0.09243585110993657
0.507821193717611,0.08758545849383259
0.5030591838000888,0.08273264951350442
0.4982996779475243,0.07787737272607555
0.4935426647396545,0.07301963972160422
0.4887881454299788,0.06815945170721467
0.48403614434668196,0.06329678712093946
0.4792866410135304,0.05843167043344669
0.4745396267163081,0.053564135463500064
0.46979514403612044,0.04869413180801632
0.4650531493827789,0.04382174244671714
0.4603137109962846,0.0389468705447415
0.4555767873453121,0.03406956568155978
0.45084235079081036,0.02918983671898716
0.4461099069171604,0.024307688427394867
0.4413777632457179,0.019424380735580702
0.43664590813356113,0.014541079360580175
0.4319153381997266,0.009656922405190005
0.4271857917191422,0.004771538487259029
0.42245681385888434,-0.00011455222848629303
0.41772863761616646,-0.005001206406832769
0.41300148829213235,-0.009888828894808837
0.4082751335346914,-0.014777333486668843
0.4035495328333979,-0.019666570220932395
0.3988248001927693,-0.02455660165625246
0.3941009590266823,-0.029447523562865018
0.3893779159898087,-0.03433920490887262
0.38465573419943544,-0.039231695816058544
0.3799344055512658,-0.04412499672864916
0.37521391889514,-0.04901912365545509
0.37049425526227553,-0.053914054301351794
0.36577542904082383,-0.05880979728088076
0.36105744213263485,-0.0637063636551976
0.35634029208829354,-0.0686037544586749
0.351623986396847,-0.07350196138518984
0.3469085316508899,-0.07840095883986849
0.3421939239544224,-0.08330075256181135
0.33748016992563984,-0.0882013681836967
0.33276725655889855,-0.09310276112980874
0.3280551915123453,-0.09800499612648175
0.32334395713882924,-0.10290804219699919
0.3186335553293458,-0.10781189438195046
0.3139239928943661,-0.11271656146426652
0.3092152650024122,-0.11762204408462507
0.3045073867876197,-0.1225283521904069
0.2998003486618308,-0.12743542684005887
0.2950941730919027,-0.13234332830631562
0.29038884279180466,-0.13725202204415413
0.2856843568401526,-0.14216151434605823
0.2809807065775113,-0.14707181954989282
0.2762778981587742,-0.15198294535139772
0.27157593341484776,-0.1568948935424389
0.2668747960413923,-0.1618076412341969
0.26217449888801536,-0.1667211995515126
0.25747504483512723,-0.17163556219637188
0.2527764491066599,-0.17655072632204113
0.24807870358799872,-0.18146669866481618
0.2433818013148701,-0.18638344632851814
0.23868575474906892,-0.19130101872824617
0.23399054303234074,-0.1962193891473067
0.22929616704999736,-0.2011385716467977
0.2246026266690454,-0.20605856569118797
0.2199099360570602,-0.2109793848572239
0.21521807786925326,-0.2159010097474136
0.21052705504409955,-0.22082343690801573
0.20583689076944284,-0.22574666213097003
0.20114757554358084,-0.23067067632464303
0.19645911509482505,-0.2355955055643484
0.191771508710696,-0.24052112017042512
0.18708474314921764,-0.24544754374007374
0.1823988162551715,-0.2503747722811888
0.17771372846503525,-0.2553028112013702
0.1730294781025127,-0.26023166038656226
0.1683460781940423,-0.26516133040214135
0.16366352580774612,-0.27009177609278495
0.15898182925617568,-0.2750230356343471
0.15430097772256743,-0.27995507205331543
0.1496209836141469,-0.2848879351036334
0.14494182334366412,-0.2898215899827423
0.14026350372673357,-0.2947560544132053
0.13558602297077896,-0.29969132808774723
0.13090938733934018,-0.3046274167246818
0.12623360162814085,-0.3095643141123281
0.12155867079507118,-0.3145019949811087
0.11688459158647636,-0.3194404626140466
0.1122113712225507,-0.3243797425248493
0.10753899406654585,-0.3293197985458464
0.10286747279636772,-0.334260681909658
0.09819678867030575,-0.3392023689662924
0.09352694337722799,-0.3441448549803314
0.08885794306027038,-0.34908814808664423
0.08418978308047567,-0.3540322489129792
0.07952246943818027,-0.35897715903245503
0.07485601742133301,-0.36392285922692114
0.07019041871828276,-0.36886936347100374
0.06552567435850964,-0.3738166396264337
0.060861788871340916,-0.3787647285115718
0.056198745478218355,-0.38371360294545026
0.051536550565712116,-0.38866329717147385
0.04687520590173511,-0.39361380659366696
0.04221469513938952,-0.39856510879673657
0.03755503131867111,-0.40351721486450276
0.032896213660634416,-0.4084701194465522
0.028238260291051708,-0.413423831546703
0.023581165999518847,-0.4183783334830811
0.018924919765143704,-0.4233336034577999
0.014269536826328873,-0.4282897003839387
0.009614999682815227,-0.4332465717026987
0.00496130594600783,-0.4382042554855066
0.0003084552322915895,-0.44316274459153837
-0.004343538102264262,-0.44812205266303695
-0.008994691317460885,-0.45308216032203713
-0.013644995824298508,-0.4580430539297863
-0.01829443824315089,-0.4630047563252385
-0.02294302932513454,-0.46796722004210045
-0.027590743969686464,-0.47293050025295386
-0.03223762222095875,-0.4778945717162302
-0.03688365595088789,-0.4828594479665039
-0.04152883142394934,-0.4878251419577384
-0.046173165923568724,-0.4927916342625584
-0.050816647290218134,-0.49775888998208523
-0.05545925107813074,-0.5027269614381742
-0.06010100675377151,-0.5076958233817167
-0.06474190736501495,-0.5126654690494035
-0.06938196256127567,-0.5176359189026861
-0.07402117187252037,-0.5226071723695206
-0.07865952141728777,-0.527579242637492
-0.08329702848553915,-0.5325521102446392
-0.08793369047396273,-0.5375257717712396
-0.09256948458277944,-0.5425002226399549
-0.09720442043910703,-0.5474754537291625
-0.1018384920748683,-0.5524514911024826
-0.10647170046051703,-0.5574283051592873
-0.11110405844737474,-0.5624059196130217
-0.11573556819483537,-0.5673843305259871
-0.12036622919893498,-0.5723635432219285
-0.1249960432189467,-0.5773435575359345
-0.12962500424828535,-0.5823243791559628
-0.13425310896851061,-0.5873060107620016
-0.1388803621037222,-0.5922883965427177
-0.14350673913230033,-0.5972715952112725
-0.1481322567780411,-0.6022555813421604
-0.1527569183712974,-0.6072403355843395
-0.15738071972915083,-0.6122259012381853
-0.16200367084245518,-0.6172122675050067
-0.16662577474493057,-0.6221994253055219
-0.17124702534058225,-0.6271873825975938
-0.1758674272008992,-0.6321761401411803
-0.18048697444471481,-0.637165699562524
-0.1851056519816228,-0.6421560411661414
-0.18972346822061423,-0.6471471789172701
-0.19434042267277846,-0.6521390805354724
-0.1989565146093661,-0.6571317970697877
-0.20357176312690753,-0.6621252995936001
-0.20818615738541124,-0.6671196002626881
-0.21279970170150642,-0.672114699979364
-0.21741237726974297,-0.6771105994021012
-0.22202419041682775,-0.6821072609592074
-0.2266356603360294,-0.6871047100562248
-0.2312485157154575,-0.692101702957693
-0.23586276341600643,-0.6970971362891795
-0.24047745956562175,-0.7020917683970263
-0.24509282855966638,-0.707086045318829
-0.24970934052290733,-0.7120794319689195
-0.2543267389066151,-0.7170718293011441
-0.2589448270150288,-0.7220635273903093
-0.2635637904396326,-0.7270545234329754
-0.26818367641257285,-0.7320446251266957
-0.272804395434008,-0.737033915443241
-0.27742593272650407,-0.742022471492791
-0.28204835655629,-0.7470102419673867
-0.2866716530876477,-0.7519972008166103
-0.2912958012559099,-0.7569833693359805
-0.2959207663262216,-0.7619687528717035
-0.30054660929446025,-0.7669533245082976
-0.3051732929574126,-0.7719370987834882
-0.30980083993061935,-0.7769200816354582
-0.3144292380219825,-0.781902284032951
-0.3190584984741957,-0.7868836930910263
-0.32368861757795153,-0.7918643161462486
-0.32831960624775147,-0.796844140510911
-0.3329514107374043,-0.8018231686634576
-0.3375840876889983,-0.8068013845521916
-0.342217602798654,-0.8117788098757823
-0.346851987783319,-0.8167554357571869
-0.3514872200997976,-0.8217312783041034
-0.3561233117273223,-0.8267063287727754
-0.3607602632539536,-0.831680591916074
-0.36539807642697497,-0.8366540608558176
-0.3700367344209425,-0.8416267197217872
-0.3746762496038064,-0.8465985780442385
-0.379316591234812,-0.851569635550715
-0.38395781219403147,-0.8565398894158052
-0.38859987628537473,-0.8615093582835412
-0.3932427996620648,-0.8664780332150299
-0.3978865826944761,-0.8714459189626598
-0.40253123577129923,-0.8764130001562628
-0.407176701710436,-0.8813792831108848
-0.4118230399942003,-0.8863447493461453
-0.4164702155558007,-0.8913094220714048
-0.42111826019490545,-0.8962732909357795
-0.425767150281476,-0.9012363741067286
-0.430416898628654,-0.9061986620529543
-0.4350675058253679,-0.9111601592419685
-0.43971897173739877,-0.9161208654832285
-0.44437129739569925,-0.9210807555545028
-0.44902446535893037,-0.9260398384891961
-0.45367845421824754,-0.930998121810172
-0.45833332346689243,-0.9359555945310971
-0.4629890337295444,-0.940912279893432
-0.4676456014457073,-0.9458681686859864
-0.4723030270007734,-0.9508232655778469
-0.47696132069528535,-0.9557775552301148
-0.48162042524836735,-0.9607310442115422
-0.48628040012631407,-0.9656837138300817
-0.4909412102423076,-0.970635587485621
-0.495602887296164,-0.9755866548006468
-0.5002654077172087,-0.9805369340556433
-0.5049287843131636,-0.9854864156541151
-0.509593017676896,-0.9904351040623489
-0.5142581076199465,-0.9953829991373268
-0.5189240660360182,-1.0003300816447973
-0.5235908408707443,-1.0052763608624817
-0.5282584688398537,-1.0102218240069658
-0.5329269484450875,-1.0151664787088597
-0.5375962520437352,-1.0201103334083845
-0.5422664232432994,-1.0250533866828913
-0.5469374599214,-1.0299956367456
-0.5516093375084746,-1.0349370998180378
-0.5562820676676418,-1.0398777634521237
-0.560955652793982,-1.0448176306302892
-0.5656301009162256,-1.0497566883094298
-0.5703059094516235,-1.0546948962801102
-0.5749847605338994,-1.059631069013199
-0.5796666808628574,-1.0645640084284733
-0.5843507211720499,-1.0694945382822627
-0.5890371333345021,-1.074423079952172
-0.5937263482512972,-1.0793491218386144
-0.5984181553094887,-1.0842725324881846
-0.6031123445229319,-1.0891936423735036
-0.6078090835507349,-1.0941124343658204
-0.6125084419066082,-1.0990287265840146
-0.6172103097970931,-1.10394255537122
-0.6219146200125051,-1.1088540288950228
-0.6266215160250099,-1.1137630511615133
-0.6313309467901469,-1.1186696144128596
-0.6360428546377284,-1.1235737752858888
-0.6407573011327988,-1.1284755247344418
-0.6454742871467946,-1.1333748481910897
-0.6501938020676462,-1.1382717427468776
-0.6549158722476508,-1.143166187227679
-0.6596404090128313,-1.1480582329162141
-0.6643674965526754,-1.1529478138341749
-0.6690970547832172,-1.1578349740923297
-0.6738291619586255,-1.1627196664435255
-0.6785637706506843,-1.1676019432304638
-0.6833008978142608,-1.1724817890199302
-0.6880405452479754,-1.1773592013248744
-0.692782743488924,-1.1822341466261896
-0.6975273952651727,-1.1871066840064946
-0.7022745868779503,-1.1919767464041986
-0.7070242404285111,-1.1968443780957014
-0.7117764332840493,-1.2017095309923085
-0.7165311176230836,-1.2065722560944478
-0.7212883108965135,-1.2114325405859867
-0.7260480164694577,-1.216290379344317
-0.7308102641902401,-1.2211457391017295
-0.735574983468663,-1.2259986824351126
-0.740342170892993,-1.2308491718463856
-0.745111890176499,-1.2356971615171082
-0.7498841024946564,-1.240542695570328
-0.7546587689539892,-1.245385781160091
-0.7594359736631855,-1.2502263811434866
-0.7642156459974397,-1.2550645467575527
-0.7689978188747469,-1.2599002498561065
-0.7737824878916969,-1.2647334978130103
-0.7785702074381041,-1.2695642226879948
-0.7833625801607077,-1.2743912072149775
-0.7881596081663393,-1.2792132645095222
-0.7929603652929027,-1.2840311884358502
-0.7977650368572741,-1.2888454433640004
-0.8025741462420473,-1.2936554245951841
-0.8073873748940948,-1.2984610714195735
-0.8122046225946183,-1.303262672746143
-0.8170259859640743,-1.3080602623819855
-0.8218515530185901,-1.312853624245633
-0.8266812058540678,-1.317642821303879
-0.8315149369098223,-1.322427935664117
-0.8363528337037025,-1.3272088773001633
-0.841194773270854,-1.3319856665067886
-0.8460408347324532,-1.336758257318455
-0.8508909846471733,-1.3415266952631784
-0.8557451875700728,-1.3462909901435622
-0.8606034989085152,-1.351051104473959
-0.8654659121143307,-1.3558070438593126
-0.8703324280074739,-1.360558802471132
-0.8752029974788083,-1.3653064102488857
-0.880077652348497,-1.370049830339133
-0.8849563829156001,-1.3747890736800341
-0.88983921596794,-1.3795241012541404
-0.894726038002991,-1.3842549687666839
-0.8996169615868163,-1.3889815957761245
-0.9045119394871759,-1.3937040059655321
-0.9094109155162879,-1.3984222471147847
-0.914313969505587,-1.4031362726806857
-0.91922107746879,-1.4078460927445482
-0.9241327809719679,-1.412551634770625
-0.9290506640099832,-1.417251607314009
-0.9339746716231474,-1.4219448515142317
-0.9389039156423685,-1.4266321766463754
-0.9438385720315363,-1.431314042556984
-0.9487791781818116,-1.4359897956879455
-0.9537253879002924,-1.4406594181429753
-0.9586770627891309,-1.4453232229634967
-0.963634416879538,-1.4499811261476114
-0.9685974065830915,-1.4546330225637183
-0.9735659542549715,-1.459278925522106
-0.9785400421733352,-1.4639189172164189
-0.9835197513639988,-1.4685529028733066
-0.9885050400199348,-1.4731808477681387
-0.9934957954480474,-1.4778028495780604
-0.9984921444383877,-1.4824188413364943
-1.0034940825326861,-1.487028796795725
-1.0085015193430336,-1.491632775397486
-1.0135144891954802,-1.496230736043571
-1.0185329746295533,-1.5008226751819502
-1.023556996181141,-1.5054085396951538
-1.0285865288188094,-1.5099883509532526
-1.0336215118173013,-1.5145621418074695
-1.0386620235012989,-1.5191298605476882
-1.0437080555153266,-1.5236914977863776
-1.0487595311340865,-1.5282471097723747
-1.0538164878930296,-1.5327966444961352
-1.0588789215968655,-1.5373400976360945
-1.0639468048184073,-1.541877477209506
-1.0690206688880364,-1.546408673249177
-1.0741020864560105,-1.5509323124965477
-1.0791908965418544,-1.5554472655547997
-1.0842863279658514,-1.5599543370713962
-1.0893885212361643,-1.5644540452636513
-1.0944979483665545,-1.5689457140752356
-1.099614337014074,-1.5734292617100432
-1.1047374874473317,-1.5779050429142671
-1.109867595245221,-1.5823729582682295
-1.115004678532911,-1.586832832565797
-1.1201485650219944,-1.5912847592480077
-1.1252993419505843,-1.5957287551906096
-1.1304569698081697,-1.6001648273103821
-1.1356214689723059,-1.6045928888184657
-1.1407933505497632,-1.6090129426670985
-1.1459740671288003,-1.6134234564099623
-1.1511635996245138,-1.6178233150993553
-1.156361046584319,-1.6222134793972127
-1.1615665776182051,-1.6265942260724915
-1.1667806153537654,-1.630964982514531
-1.1720029502890912,-1.63532566442744
-1.177233335441448,-1.6396766236737301
-1.182471978827277,-1.6440177523641386
-1.1877188833357757,-1.6483488931886703
-1.1929739160214035,-1.6526701284609566
-1.198237087312705,-1.6569814688039664
-1.2035084206231175,-1.661282858740992
-1.2087878899581457,-1.6655742621444118
-1.214075459007971,-1.6698556931140953
-1.2193710619185163,-1.67412717109026
-1.2246747619586975,-1.6783885906948437
-1.2299864412820969,-1.682640002371198
-1.2353061622591457,-1.6868813721764409
-1.2406338751994404,-1.6911126636853009
-1.2459696018541246,-1.6953338819955148
-1.2513132580877404,-1.6995450557930698
-1.2566648706126304,-1.7037461212046243
-1.262024426768206,-1.7079370610743607
-1.267391898777678,-1.7121178709549238
-1.2727672688622007,-1.7162885348386452
-1.2781504906340495,-1.720449046814147
-1.2835415878493974,-1.7245993352520526
-1.2889404421386368,-1.7287394728438432
-1.2943477612505643,-1.7328693582041583
-1.2997646428000986,-1.7369872653772946
-1.305191194470959,-1.7410922385994507
-1.3106265782887134,-1.7451852512321573
-1.3160709143037372,-1.7492665451730134
-1.3215246014706075,-1.753335469726498
-1.3269873357183033,-1.7573920695901086
-1.3324590136887164,-1.7614365790512412
-1.3379396859084145,-1.7654689196350921
-1.3434294194406007,-1.7694889207621185
-1.3489280985788235,-1.7734966333258793
-1.3544356854801158,-1.7774921209466865
-1.3599522097664174,-1.7814752935893523
-1.3654776476839994,-1.7854461061706315
-1.3710124931940886,-1.7894045929035352
-1.3765579035192932,-1.7933488872223478
-1.3821139210061968,-1.7972780121694845
-1.3876796993953844,-1.801192995193657
-1.3932553926460398,-1.8050940261175512
-1.3988412821145157,-1.8089805158529801
-1.4044372369097802,-1.8128523939365566
-1.4100430343342876,-1.8167100060653838
-1.415658726157248,-1.8205532753126121
-1.421284377863733,-1.8243819526212202
-1.4269198664165486,-1.828196104843999
-1.4325651377355633,-1.8319957882228248
-1.4382202151481123,-1.8357809002122263
-1.4438849775264824,-1.8395514133060737
-1.4495594273922923,-1.8433073335363888
-1.455243555462611,-1.8470485835732486
-1.4609372721292615,-1.8507752366146908
-1.4666405738694364,-1.8544871967597814
-1.4723534305978574,-1.8581844512246495
-1.478075800628472,-1.8618669851357663
-1.4838076496627446,-1.8655347654463124
-1.4895489458557036,-1.8691877719898156
-1.495299568571457,-1.8728260262275018
-1.5010595806271696,-1.8764494099862277
-1.5068288775666008,-1.8800579313650407
-1.5126074833208483,-1.8836515694065021
-1.5183953171420754,-1.8872303422469279
-1.5241923320117252,-1.8907942144725969
-1.5299991390002863,-1.8943430205015381
-1.5358166785621585,-1.8978748857789096
-1.5416448309524715,-1.9013889242171855
-1.5474829701736472,-1.9048860632520164
-1.5533310920093342,-1.9083666471377647
-1.5591895887550669,-1.91182989229743
-1.5650582009875593,-1.9152758382335657
-1.5709367423297076,-1.9187048048126485
-1.5768253066452078,-1.9221166601438666
-1.5827238283373546,-1.9255112533803396
-1.5886322223673544,-1.9288885924083299
-1.5945504630534741,-1.9322486550245799
-1.600478413841309,-1.9355915039093108
-1.6064161704177757,-1.938916936875095
-1.612364134249249,-1.9422249537140084
-1.6183232756420547,-1.9455135767992209
-1.6242935041826443,-1.9487818201453155
-1.630274022141939,-1.9520308238978126
-1.6362650024748506,-1.9552607304356775
-1.6422666983187244,-1.9584708366234886
-1.648278859438003,-1.961661155164002
-1.6543012975539702,-1.9648320123174885
-1.6603340867347627,-1.9679832733283575
-1.6663771201955213,-1.9711147909171762
-1.6724303736165984,-1.974226465683861
-1.6784936388814178,-1.9773185074182584
-1.6845669986373082,-1.9803907255985358
-1.6906503673782334,-1.9834430494661148
-1.696743655608187,-1.986475524743448
-1.7028468140173942,-1.9894881135603397
-1.708959794297093,-1.992480769068583
-1.7150824673571141,-1.9954535137295997
-1.7212148164353573,-1.9984062549294024
-1.7273567861597559,-2.0013389530819423
-1.7335083294422309,-2.0042515435171433
-1.7396692427477314,-2.007144148997555
-1.7458395910326316,-2.0100166059950335
-1.7520192870583227,-2.0128688829598
-1.7582082627834381,-2.015700982956043
-1.7644064534382025,-2.0185128742614475
-1.7706143860050985,-2.0213043691258497
-1.77683272819109,-2.0240734917915373
-1.7830612666129677,-2.026819276932163
-1.7892994024053939,-2.029542738403683
-1.7955472316214498,-2.032244204138649
-1.8018049250987638,-2.034922814106758
-1.8080722450387043,-2.0375786869073673
-1.8143489889532656,-2.0402121342736166
-1.8206352304955349,-2.0428229661621886
-1.8269308975766707,-2.045410997650283
-1.8332358418544459,-2.0479762989917485
-1.8395499969169573,-2.0505189197042366
-1.8458732607419612,-2.0530387953336113
-1.852206166824003,-2.05553560798851
-1.8585492626877804,-2.058007359009441
-1.8649023275394807,-2.060453105596864
-1.8712646779839557,-2.0628740026859766
-1.877636492820015,-2.065270213111622
-1.8840178856482814,-2.067640963932187
-1.8904085879626067,-2.0699863095452793
-1.8968084265037812,-2.0723065778546927
-1.9032174240336377,-2.0746016044908684
-1.9096348927353795,-2.0768714501757763
-1.9160600727542128,-2.0791182056532937
-1.922493123229867,-2.081342698027851
-1.928934460370634,-2.0835436854883342
-1.9353842226675466,-2.08572082215675
-1.941842789135381,-2.087872644890538
-1.948309988256387,-2.08999821165379
-1.9547853759334828,-2.0920982415783693
-1.9612689493263504,-2.0941730656319275
-1.9677607873284206,-2.0962221273614032
-1.9742606956617152,-2.0982453590264765
-1.98076844446648,-2.100243088130426
-1.987284055767046,-2.1022151518406127
-1.9938074506228765,-2.1041613621883704
-2.0003384734177287,-2.1060817764461173
-2.006877035927748,-2.1079763986950786
-2.0134229826664995,-2.109845305969806
-2.019976835137373,-2.111688020186228
-2.026538896713815,-2.113502488348279
-2.0331088340085666,-2.1152878265352584
-2.039686154905312,-2.1170451765348424
-2.0462709416234937,-2.118774782281436
-2.052863204169186,-2.1204758589227333
-2.059462702008112,-2.122148368234149
-2.0660692603643835,-2.1237927115717143
-2.0726828547928644,-2.1254087299807374
-2.0793033709236837,-2.1269962153622317
-2.085930608984635,-2.128555343382559
-2.092564449694056,-2.1300861101472837
-2.0992048217235166,-2.131588270446951
-2.105851571567717,-2.1330619856014
-2.1125045874924555,-2.134507033240754
-2.1191637241213144,-2.135923684502848
-2.125828881919739,-2.1373116698180215
-2.132499947800176,-2.1386709819266594
-2.1391767917359963,-2.140001632766066
-2.1458592963858094,-2.141303583763916
-2.1525473541208537,-2.1425768360422914
-2.159240778773687,-2.143821423723607
-2.1659394926362943,-2.1450372313801007
-2.1726433770958606,-2.146224234375445
-2.1793523007645716,-2.147382445764557
-2.1860661268055264,-2.1485119178317924
-2.192785238458447,-2.1496121689678485
-2.1995097701238455,-2.1506812739612386
-2.2062391855582204,-2.151718162250481
-2.212973136045837,-2.152724140122022
-2.219711737462331,-2.153699333164407
-2.226454351089182,-2.1546434142626527
-2.233200559137853,-2.155558408270116
-2.239950604084004,-2.1564454569489873
-2.2467045723577503,-2.1573033794230505
-2.253462175449328,-2.1581317279384606
-2.260223152294569,-2.15893130112505
-2.2669875700503703,-2.1597019494307492
-2.273755219729017,-2.1604435077243496
-2.2805260034898467,-2.1611559044412187
-2.287300279584654,-2.161838984087093
-2.2940780063573505,-2.162490505768186
-2.3008586665430806,-2.163109696563107
-2.307641935358096,-2.163697740840569
-2.3144279431972072,-2.164254750125
-2.32121649605327,-2.164780026801401
-2.3280073928423426,-2.1652737007770417
-2.3348004778002647,-2.1657360540964956
-2.3415956887448193,-2.166166838025598
-2.3483927665804942,-2.166566073596889
-2.3551916625092018,-2.1669338135894263
-2.3619921686701315,-2.167270012692882
-2.368794177660386,-2.16757464682214
-2.3755975231998834,-2.167847695835483
-2.382402100390874,-2.1680891963765956
-2.38920763869135,-2.1682993038821583
-2.396014113902733,-2.1684778141162573
-2.4028213047778895,-2.1686246909948683
-2.409629119899249,-2.1687400367806586
-2.416437435906451,-2.1688238524874697
-2.4232460324412575,-2.1688761749205425
-2.430054799064693,-2.168896893266722
-2.4368635939636434,-2.168885996452581
-2.4436722684200545,-2.1688435091327225
-2.4504806784553437,-2.1687694250035467
-2.45728870976374,-2.1686637834948064
-2.4640961462877407,-2.1685266394876397
-2.470902875098132,-2.168357892158273
-2.4777092085527412,-2.1681571424342487
-2.484514806861584,-2.167922334546942
-2.4913185594162774,-2.1676530754819
-2.4981204957545824,-2.16735292992317
-2.5049212259885714,-2.167022422786854
-2.5117205262802553,-2.1666600034502808
-2.5185178687744774,-2.1662653308161772
-2.5253132678664465,-2.1658396350357623
-2.532106753910019,-2.1653827376849626
-2.538898038593766,-2.1648940427559538
-2.545686914988877,-2.1643737389366122
-2.552473334759938,-2.163822133377841
-2.559257165706744,-2.163239021466498
-2.5660381978458107,-2.1626243383642016
-2.572816299179424,-2.161978338505331
-2.579591775988544,-2.1613005501640927
-2.586364127961493,-2.160588735025987
-2.5931326366211658,-2.159842253595515
-2.599897217798204,-2.15906242730056
-2.606657985687825,-2.1582493531046074
-2.6134146569724748,-2.1574024011011548
-2.6201669257366107,-2.1565216816097608
-2.626914725913387,-2.1556073889667857
-2.633657930535919,-2.1546597649762123
-2.640396288575586,-2.15367825770535
-2.6471292657249923,-2.1526638055685052
-2.653857161445538,-2.151618380563052
-2.660580415008992,-2.150542618651403
-2.6672987163651234,-2.149435315735879
-2.6740116350154097,-2.148296453311687
-2.680719561236178,-2.1471263599681283
-2.687422034325723,-2.1459228662999696
-2.694118114896899,-2.144684865261367
-2.700807796074106,-2.143413811181851
-2.7074912864248026,-2.142109989685164
-2.714168234649859,-2.1407725828169517
-2.7208382805288474,-2.1394017466800417
-2.7275014757876272,-2.137998012589296
-2.7341576618065266,-2.136561140020008
-2.7408065828700385,-2.1350909569427197
-2.747448075211404,-2.133587670166999
-2.7540819947696953,-2.1320514125435697
-2.76070820943554,-2.1304821822400477
-2.767326469937285,-2.1288798234588184
-2.773936689850422,-2.1272446889748102
-2.7805386887854007,-2.125576574888731
-2.7871322861431427,-2.123875572805637
-2.7937173245604834,-2.1221418419189653
-2.8002936852890103,-2.1203753278379307
-2.8068611404501764,-2.1185761101203537
-2.813419559309517,-2.1167441368940705
-2.819968780615917,-2.114879451328767
-2.826508636779282,-2.1129823558489846
-2.8330389600411348,-2.111052657196592
-2.8395595843564396,-2.1090903627595394
-2.846070388460439,-2.107095726739151
-2.8525711637838977,-2.10506857084187
-2.8590618143204938,-2.103009209359062
-2.8655421066149165,-2.100917529339329
-2.8720118910857435,-2.098793511152127
-2.8784710433386107,-2.096637339339056
-2.8849193633919565,-2.0944491262757388
-2.891356686596768,-2.0922286861797543
-2.8977829165120896,-2.089976349519792
-2.9041978409547045,-2.0876919985303526
-2.910601256640043,-2.085375591052011
-2.9169931000294764,-2.0830275185057117
-2.9233731222660633,-2.080647520677212
-2.9297412486451693,-2.078235874483291
-2.9360972646142764,-2.0757924634919203
-2.942441038884431,-2.073317426558931
-2.948772412698528,-2.0708108222562354
-2.9550912161014358,-2.068272708904224
-2.9613973208993105,-2.0657032548556864
-2.967690572834531,-2.0631024645497877
-2.9739707707300536,-2.0604702913312756
-2.9802377866861205,-2.057806871930293
-2.9864914647155585,-2.0551122646138746
-2.9927316374052855,-2.0523865253267592
-2.998958181257509,-2.049629820855519
-3.005170940385237,-2.046842160612791
-3.011369713408769,-2.0440235056478433
-3.0175543763070465,-2.0411740008302175
-3.023724748669236,-2.038293687554478
-3.0298807272569985,-2.035382796960566
-3.0360221071600018,-2.032441264850949
-3.042148753851121,-2.0294691832726532
-3.048260522096797,-2.0264666031765035
-3.0543572621905426,-2.0234336204507097
-3.060438858414723,-2.0203704421258277
-3.0665050665678546,-2.017276848659072
-3.0725558498390417,-2.0141532120873196
-3.078590992670262,-2.010999502300237
-3.084610358587042,-2.007815740562044
-3.090613495743616,-2.00460244852297
-3.096601526034407,-2.0013618531137927
-3.1025752340339214,-1.998093695580848
-3.1085327837815044,-1.9947950262349494
-3.114473015761203,-1.9914657753892766
-3.1203966364388593,-1.9881074389722777
-3.126304004785376,-1.9847202605150829
-3.1321942316617886,-1.9813032142424662
-3.13806714217771,-1.9778567022179085
-3.143922942848933,-1.9743812203220354
-3.149761516214955,-1.9708768106320687
-3.1555824195642455,-1.9673431053560582
-3.161385637656862,-1.9637804921704343
-3.1671711226279187,-1.960189158758142
-3.172938396972723,-1.9565695116102844
-3.1786886232798777,-1.9529235968662526
-3.184422438196718,-1.949251691917079
-3.190139176398867,-1.9455529712027162
-3.1958383236463734,-1.9418273696002941
-3.2015202638580895,-1.938075712342204
-3.207185085841103,-1.9342972529346831
-3.212831143465005,-1.9304901837444746
-3.218457467224456,-1.9266542841797956
-3.224064731278874,-1.9227908166413181
-3.229653062996041,-1.9188997383796564
-3.235221849355549,-1.914980659581506
-3.2407708256536703,-1.9110336686075409
-3.2463002953345215,-1.9070594706834454
-3.2518099398001428,-1.9030577277063727
-3.2572993078172807,-1.8990290023716891
-3.262769728343749,-1.894975220634298
-3.2682220870237257,-1.8908970114740773
-3.2736553298130677,-1.886793070043393
-3.2790691172772792,-1.882663742770155
-3.284463811623332,-1.878509619784179
-3.2898393324886013,-1.8743306115277734
-3.2951952926525228,-1.8701265184595257
-3.300531683109665,-1.8658977053994728
-3.3058486216173164,-1.8616436946437875
-3.311144500309785,-1.8573629016967235
-3.3164182339150474,-1.8530550387026257
-3.321670566157396,-1.8487213685333523
-3.3269016407564616,-1.844361836163063
-3.332110716232591,-1.8399766482596118
-3.3372990396955102,-1.835567577896716
-3.3424677511974648,-1.8311353880740315
-3.347615802308103,-1.826678869401386
-3.352742698612111,-1.8221982069405425
-3.357848796136192,-1.8176939961276137
-3.3629342841047283,-1.8131664623099442
-3.367998519665776,-1.8086151195935314
-3.373041509657258,-1.804040371223397
-3.378063364645021,-1.7994424517433918
-3.383063803011495,-1.7948212098893477
-3.388042718495951,-1.790176783127222
-3.3930000954024004,-1.785509407133432
-3.3979358516512232,-1.7808184576640895
-3.4028482134519358,-1.7761031731719765
-3.407737882366399,-1.771365060589208
-3.412606300703586,-1.7666051341467996
-3.417452965715934,-1.761822654258034
-3.4222767730484653,-1.7570171538788342
-3.4270783190489356,-1.7521896345425632
-3.431857722875937,-1.7473400899397016
-3.4366144451746687,-1.7424681925218042
-3.4413484687208817,-1.737574337040031
-3.446059781416378,-1.7326586169159395
-3.45074835205857,-1.727721166438812
-3.4554138516321453,-1.722761932342427
-3.4600563577561436,-1.717781230075199
-3.4646756752698553,-1.7127790069893853
-3.4692717974244025,-1.707755487293971
-3.4738445109911917,-1.7027106351032029
-3.478393807434612,-1.6976446590281025
-3.482919633524128,-1.6925577158342953
-3.487421801978778,-1.6874498061240872
-3.491900175862341,-1.6823210082567077
-3.496354749839597,-1.6771715467172268
-3.5007854894153985,-1.672001539653105
-3.5051921231001484,-1.6668109500764632
-3.509574713154749,-1.6616000330305967
-3.513933034037261,-1.6563687820642625
-3.518267077967857,-1.6511174200455232
-3.522576784505348,-1.6458460702480369
-3.5268619865678654,-1.640554766556172
-3.5311225275241673,-1.6352435725457768
-3.5353585025623464,-1.629912798396793
-3.53956966014979,-1.6245623721549225
-3.5437559540198147,-1.619192460705611
-3.547917393379885,-1.6138033021315958
-3.5520536964568628,-1.6083948226491924
-3.5561649175058068,-1.6029672976710494
-3.5602509475913595,-1.597520783778449
-3.5643116359577176,-1.5920553496184164
-3.568346945420838,-1.5865711434784588
-3.5723567841705584,-1.581068278836019
-3.5763411405761647,-1.575546930377011
-3.5802997144393087,-1.570007055361522
-3.5842327032678356,-1.5644490194424137
-3.588139859272305,-1.5588727752274492
-3.5920210780334316,-1.5532784345440862
-3.595876259483466,-1.5476661297985534
-3.5997055042642394,-1.5420361124171975
-3.603508567736859,-1.5363883602499617
-3.607285336673202,-1.5307229773773479
-3.611035823628361,-1.5250401862595167
-3.614759990911072,-1.519340107034761
-3.6184576708101215,-1.513622795458211
-3.622128716631077,-1.5078883321474525
-3.6257732347667937,-1.5021370021069378
-3.6293910684336788,-1.49636882984844
-3.632982108207888,-1.490583926610421
-3.6365461743885046,-1.4847823579166295
-3.6400834529566053,-1.4789644510936077
-3.643593696341057,-1.4731301722159575
-3.647076804764417,-1.4672796432567483
-3.6505326862585,-1.461413004758479
-3.6539614612941773,-1.455530497245628
-3.657362884116591,-1.4496321175119091
-3.660736821992655,-1.4437179641336164
-3.6640834274182774,-1.4377883174266737
-3.6674024802636755,-1.4318432011790703
-3.6706939079293717,-1.4258827362813609
-3.67395764604604,-1.4199070638198463
-3.677193674019168,-1.4139163865504376
-3.6804019506266625,-1.40791078638849
-3.6835822865031793,-1.4018903450980147
-3.6867346762986477,-1.395855218203171
-3.689859046266289,-1.3898055331576875
-3.6929553162293915,-1.3837414089744529
-3.696023501281146,-1.3776630300460255
-3.6990634887405704,-1.3715705139523362
-3.702075120916037,-1.365463927607124
-3.7050583988724064,-1.3593434387071204
-3.7080132578405234,-1.35320917750103
-3.7109396302666173,-1.3470612654124243
-3.713837542710272,-1.3408998850641136
-3.716706822531226,-1.3347251617479292
-3.71954750645256,-1.328537210352122
-3.722359344758414,-1.322336121274057
-3.725142469490048,-1.3161220650917849
-3.727896828238743,-1.309895218639436
-3.7306222608604807,-1.3036556530618073
-3.733318700267374,-1.2974034965706922
-3.73598615974655,-1.2911389113851213
-3.7386244050825828,-1.2848619634866025
-3.741233673023204,-1.2785729547748348
-3.743813722736345,-1.2722718797873527
-3.7463646556024712,-1.2659594625506148
-3.7488882203781944,-1.2596359473183116
-3.751383510900316,-1.2533007188767002
-3.7538481876020096,-1.2469534525035413
-3.7562831245859822,-1.2405949954357989
-3.7586892937877887,-1.2342255783849165
-3.761065932674476,-1.2278449112818515
-3.763412572534876,-1.2214532001163858
-3.765729579583337,-1.2150507417855287
-3.7680173606997824,-1.2086382658989543
-3.770277536973773,-1.2022163293317574
-3.772510857167962,-1.1957849082047194
-3.7747164948961984,-1.1893437670539246
-3.7768940377916778,-1.1828931841277226
-3.779043935282306,-1.1764334226338804
-3.7811663726998335,-1.1699645220977677
-3.7832607188794545,-1.163486462443197
-3.7853272980512505,-1.1569995780661162
-3.787366022427441,-1.1505038686689815
-3.789376629004909,-1.1439988715491864
-3.791357038130546,-1.1374842461822885
-3.7933063872642774,-1.130960898430187
-3.7952282254690686,-1.1244299227437315
-3.797123356541179,-1.1178908840829416
-3.798989791395413,-1.111343352591384
-3.800827489489646,-1.1047879239215026
-3.802637564005785,-1.0982248688057177
-3.8044196395570133,-1.0916540255867893
-3.8061730688716593,-1.085075462647866
-3.8078982815185065,-1.0784895597711752
-3.8095954000489365,-1.0718963163271156
-3.8112641529642937,-1.065295797614865
-3.81290432808814,-1.0586881317911816
-3.814516320376605,-1.0520735887406818
-3.8160999272586684,-1.0454521412095692
-3.817655019623928,-1.0388239242910275
-3.819181570563615,-1.032189105872247
-3.820679803845717,-1.0255478264639097
-3.8221494805914196,-1.0189001452236246
-3.8235905523352067,-1.0122462130560248
-3.8250030450704107,-1.0055861546785978
-3.8263868933237877,-0.9989200790422719
-3.827742250653415,-0.9922481764486062
-3.829068886276224,-0.9855705061853223
-3.8303666941570462,-0.9788872145668459
-3.831635977231691,-0.9721984276147275
-3.83287647625631,-0.9655042582771428
-3.83408818887145,-0.9588048135209217
-3.8352711257137257,-0.9521002237124647
-3.836425261157098,-0.9453906095122979
-3.837550605703372,-0.9386760756982183
-3.838647189674119,-0.9319568090974903
-3.8397148936011845,-0.9252328894146875
-3.8407536916246006,-0.9185044365488076
-3.8417635923078928,-0.9117715815107073
-3.8427445706582604,-0.9050344461049376
-3.8436966367286254,-0.8982931320144429
-3.8446198203947173,-0.8915478299358354
-3.845513928577345,-0.8847986573310251
-3.846379166019837,-0.8780456963647454
-3.847215242402885,-0.8712890619619377
-3.8480224775301686,-0.8645289783947626
-3.848800578002536,-0.8577654585902301
-3.8495496253763934,-0.8509986537704681
-3.8502696664381135,-0.8442286613446982
-3.8509606051343037,-0.8374557089658482
-3.851622543861725,-0.8306798006683441
-3.852255357607059,-0.8239011091801818
-3.852858960812788,-0.8171197504786755
-3.853433556483562,-0.8103359292821457
-3.853979043255417,-0.8035496435082317
-3.8544953679126266,-0.7967610771007092
-3.854982415569,-0.7899703476417839
-3.8554404759709233,-0.7831776509707412
-3.8558693473558523,-0.7763829942301631
-3.8562689926780087,-0.7695865529428968
-3.856639395040792,-0.7627884883972661
-3.856980766996626,-0.7559888900911603
-3.857292901123228,-0.7491878639217598
-3.8575757545844938,-0.7423855530186372
-3.8578294756318194,-0.7355821367760714
-3.8580539397472404,-0.7287776640586134
-3.858249210385664,-0.7219722515496246
-3.858415360250339,-0.7151661159731678
-3.8585521252279187,-0.7083593104500395
-3.858659784894357,-0.7015520523154058
-3.8587381964772445,-0.6947443382752548
-3.858787369451728,-0.6879364003019018
-3.858807290245373,-0.681128299013683
-3.8587979748600945,-0.6743201676079504
-3.8587594562227454,-0.6675121009743734
-3.85869178296905,-0.6607043108601688
-3.858594861533303,-0.6538968389801801
-3.858468634537493,-0.6470898413475197
-3.8583132195457837,-0.6402834811206669
-3.858128667342747,-0.6334778257368281
-3.8579148632278795,-0.626673014286723
-3.857671736363453,-0.6198691819775902
-3.857399509207186,-0.6130664884470524
-3.8570980946298628,-0.6062649904669601
-3.8567674552006626,-0.5994648447957559
-3.856407494482328,-0.5926661855511633
-3.856018523242814,-0.585869149261397
-3.8556002655057897,-0.5790738223108833
-3.8551529317259394,-0.5722803519610711
-3.854676470699501,-0.5654888656893127
-3.854170747389243,-0.5586994971689901
-3.8536364250740984,-0.551912809582862
-3.8530753372412474,-0.5451286425327826
-3.8524885565330393,-0.5383465524335564
-3.8518741492092787,-0.5315662686120761
-3.8512299998548047,-0.5247884837795999
-3.8505561699146544,-0.5180137703788297
-3.84985378545839,-0.5112420472487748
-3.849122485611458,-0.5044732527679751
-3.8483617917486774,-0.4977076691987193
-3.847572436382399,-0.49094589589818083
-3.846756751711544,-0.48418761306479013
-3.845915384202642,-0.47743232352839976
-3.8450469261842497,-0.4706802984863956
-3.844151344520285,-0.46393193769399893
-3.8432295138791464,-0.45718719375510963
-3.842281051840555,-0.45044605745280486
-3.8413059692526357,-0.4437087509602283
-3.8403041155263806,-0.43697538768383604
-3.83927580654203,-0.4302460298563035
-3.8382209704313826,-0.4235207553775108
-3.837139072838152,-0.4167993006366964
-3.836028520555316,-0.4100826307654224
-3.8348908066489655,-0.40337099418539735
-3.8337277372570884,-0.3966637276959144
-3.83253829008528,-0.3899607926377988
-3.831321745780387,-0.3832628130466882
-3.830078866125873,-0.3765697911575249
-3.8288098147442318,-0.36988160910820506
-3.8275143555557185,-0.36319843927589796
-3.826192283053825,-0.3565205192323425
-3.8248439728428667,-0.34984786247383165
-3.8234693807512032,-0.3431805661728387
-3.8220684093501895,-0.3365187426509313
-3.8206411746958935,-0.3298625779666928
-3.819187565513666,-0.32321207611050223
-3.8177078459276506,-0.31656737416226877
-3.816201811387477,-0.30992855808495745
-3.8146695332861986,-0.30329574139751114
-3.813111066069028,-0.29666901342718605
-3.8115264133885,-0.29004848571345426
-3.8099156346989664,-0.28343430606882103
-3.808278818867618,-0.2768264909945703
-3.806615895918463,-0.27022519384998356
-3.80492688440852,-0.26363051659292075
-3.803211842825709,-0.2570425551349067
-3.8014707950386537,-0.2504614136262645
-3.7997038762685404,-0.2438872163656928
-3.7979108455983224,-0.2373200511937547
-3.796092074540818,-0.23076004480316825
-3.794247267825709,-0.22420729361238756
-3.792376717798449,-0.21766184803678698
-3.790480236615423,-0.21112385044951817
-3.788557931405608,-0.20459338580529804
-3.7866098298832775,-0.19807055857717973
-3.784635990662625,-0.19155549660252227
-3.7826364983249494,-0.18504823875937643
-3.7806112951473776,-0.1785489331947689
-3.778560410080365,-0.17205767821654955
-3.7764839042025926,-0.16557456708935137
-3.7743818072894464,-0.15909970380669716
-3.7722541777412397,-0.15263321147679768
-3.770101112896409,-0.14617513977058522
-3.7679225017821962,-0.13972566252585938
-3.7657184275474584,-0.1332848443164254
-3.7634889957458832,-0.1268527920721449
-3.7612341107377354,-0.12042959533456493
-3.7589538610238344,-0.11401534582950462
-3.7566482753688395,-0.10761014752384677
-3.7543174164219533,-0.10121411873726852
-3.7519613730683132,-0.09482730385497967
-3.7495800934636647,-0.0884498500078551
-3.7471736121804464,-0.08208185378764365
-3.7447419958698767,-0.07572340509261577
-3.7422852806397304,-0.06937460617251717
-3.739803531025353,-0.06303557219995513
-3.737296865644437,-0.05670634932584531
-3.734765088383703,-0.05038713583912805
-3.7322084965664506,-0.04407794263784136
-3.7296269814883063,-0.03777892708418721
-3.727020604248047,-0.0314901557331212
-3.724389376057202,-0.0252117238077795
-3.721733352097863,-0.018943729521156326
-3.719052598131927,-0.012686283678982651
-3.7163472070584143,-0.006439432190841056
-3.7136171326070064,-0.00020332228665882878
-3.7108624140831012,0.006021951415535189
-3.7080831228252817,0.012236302796428
-3.705279300485601,0.018439631893584187
-3.7024510166412186,0.024631830394202567
-3.699598367154908,0.030812852330309736
-3.696721305561311,0.036982542097416644
-3.693819881918253,0.04314080090307329
-3.690894140644582,0.0492875369757781
-3.687944257757608,0.05542267805380949
-3.6849700671494636,0.061546095271829686
-3.681971714159566,0.06765772780163147
-3.6789492523494385,0.07375746363849525
-3.67590277920708,0.07984525767227273
-3.672832253331277,0.08592096241370253
-3.6697377176328585,0.09198448515067742
-3.666619247664006,0.09803574372160578
-3.66347689015323,0.10407464085853303
-3.660310718638312,0.11010107475315938
-3.6571208347156796,0.11611500036215554
-3.653907201122181,0.12211627040751047
-3.6506698189224394,0.12810477370575962
-3.647408936200436,0.13408045681530556
-3.6441243900113545,0.140043173117191
-3.6408163918998966,0.14599289425179698
-3.6374848573247274,0.15192948066223147
-3.634129916265319,0.1578528616566409
-3.630751664632257,0.16376298999664218
-3.6273500672949255,0.16965971812009867
-3.6239251707456446,0.17554295586572982
-3.620477053438984,0.1814126251127399
-3.617005766404668,0.1872686313461364
-3.6135113866254307,0.19311087910732427
-3.609994020693497,0.19893932516541732
-3.6064536384151236,0.20475382199573686
-3.602890289397438,0.21055428079212238
-3.599304001397795,0.21634058542539922
-3.595695038607569,0.22211273949848154
-3.592063272803212,0.22787056131659883
-3.5884087286089628,0.23361395639619303
-3.5847315445054635,0.23934286766693416
-3.5810318328707873,0.2450572651535263
-3.5773095540482664,0.2507569923291041
-3.573564759975969,0.2564419621328052
-3.5697975322579443,0.26211210082900677
-3.566007925661392,0.26776731682087235
-3.562196019804958,0.2734075210307575
-3.55836192555145,0.2790326726843262
-3.5545056192246816,0.2846426239999206
-3.550627155503553,0.2902372888694323
-3.5467266076420185,0.29581658842540254
-3.5428041328391466,0.3013804525486178
-3.5388596393957816,0.3069287346616258
-3.5348933455873097,0.312461422216106
-3.5309051425928497,0.3179783493052484
-3.526895276883364,0.32347954798031
-3.5228636895870324,0.3289648515985923
-3.51881043855151,0.33443417618885646
-3.5147355801930735,0.33988744178312624
-3.510639303815009,0.3453246110288711
-3.506521553782304,0.35074555496502235
-3.5023823422499984,0.3561501430101517
-3.4982219140227597,0.3615384050026039
-3.494040237835214,0.36691018961380295
-3.4898373558558786,0.37226541782429345
-3.4856132920366965,0.3776039579554827
-3.481368209233378,0.38292579943609306
-3.477102195825588,0.3882308819318006
-3.4728152367403857,0.39351905834360434
-3.4685073374329014,0.39879018489275536
-3.464178802829111,0.4040443381638094
-3.4598294620104517,0.4092812926375647
-3.4554595326407243,0.41450104522940806
-3.4510689728397863,0.4197034792333121
-3.4466579061298552,0.42488853580834907
-3.442226453013157,0.4300561817301959
-3.4377746018921496,0.43520626982257843
-3.433302415349163,0.44033871973865907
-3.428809984456931,0.4454534689001751
-3.424297375087215,0.45055043370123266
-3.419764672923223,0.4556295397119469
-3.415211999081609,0.4606907536650036
-3.4106393453503987,0.4657339286789954
-3.4060467744153726,0.4707589763596089
-3.401434435337331,0.4757658661673114
-3.3968022682390493,0.4807544092135879
-3.3921505948539727,0.48572472718017756
-3.387479212647083,0.4906765446205105
-3.3827883342953604,0.49560989750470824
-3.378078064776619,0.5005247390509339
-3.3733484003007317,0.5054209235430831
-3.3685994080134853,0.5102983743727645
-3.3638311819215176,0.5151570337047318
-3.359043792017607,0.5199968215520839
-3.3542373260239953,0.5248176695914436
-3.3494119090592838,0.5296195478633754
-3.344567539526054,0.5344023098846457
-3.3397042866558695,0.5391658803853425
-3.334822239621242,0.5439101931004284
-3.3299215576311587,0.5486352182341598
-3.325002190019301,0.5533407866124768
-3.320064355887258,0.5580269281280689
-3.31510797309909,0.5626934683784499
-3.3101332850724376,0.5673404803766403
-3.305140262406256,0.5719677924543191
-3.3001289777414433,0.576575333005932
-3.2950995286416953,0.5811630497701047
-3.290051989358853,0.5857308664756177
-3.2849864498100567,0.590278721142864
-3.279903039247897,0.5948065878633256
-3.274801762139885,0.5993143206946221
-3.2696826911892156,0.6038018473137295
-3.264545925317339,0.6082691172285002
-3.2593915967502647,0.6127160923123947
-3.2542196698867394,0.6171425631470165
-3.2490304313025216,0.6215486907535773
-3.243823729334164,0.6259341734890833
-3.238599829734106,0.630299148840242
-3.233358712083323,0.6346434416881167
-3.228100452400939,0.6389669845257416
-3.2228251289946304,0.6432697107432918
-3.2175329208589476,0.6475516410966708
-3.212223817192505,0.6518126258048297
-3.206897859853868,0.6560525403369729
-3.201555284583253,0.6602714656777108
-3.196196076715622,0.6644692613359066
-3.1908203098228194,0.668645846913225
-3.185428010910335,0.6728010717019977
-3.1800194684188616,0.6769350967202981
-3.174594565947235,0.6810476558612174
-3.1691534511136505,0.6851387490121852
-3.1636962179760335,0.6892083289476015
-3.15822302808533,0.6932563569619067
-3.1527338859275584,0.6972827304624151
-3.1472288236739705,0.7012873061039249
-3.1417080973084754,0.7052702206759287
-3.136171624430862,0.7092312455764739
-3.1306195444892455,0.7131703778801048
-3.1250519397800973,0.717087550490637
-3.119468902807435,0.7209827141075398
-3.1138705720684436,0.7248558520832202
-3.1082569674227662,0.7287068223790132
-3.1026281703889333,0.7325355617153223
-3.0969842858735945,0.7363420322287373
-3.091325399542366,0.7401261713978091
-3.085651606281088,0.7438879375841738
-3.079963073361226,0.7476273185698971
-3.074259773140968,0.7513441462081518
-3.0685418579851764,0.7550383988464914
-3.062809429300274,0.7587100940516519
-3.057062514333268,0.762359079148699
-3.0513012274351863,0.7659853460321353
-3.045525653462684,0.7695888309396905
-3.0397358865095905,0.7731694926974368
-3.0339320686442837,0.7767273193610246
-3.028114226139724,0.7802621706538094
-3.0222824438614944,0.7837739873396914
-3.0164368280787714,0.7872627361735027
-3.010577467141039,0.7907283580880923
-3.0047044561859444,0.7941708169020032
-2.9988179399353374,0.7975901074751927
-2.9929179552339984,0.8009860862187281
-2.9870045865291486,0.804358712989757
-2.98107796154873,0.8077079198530214
-2.975138206458031,0.8110337755390388
-2.9691853219047806,0.8143360865555768
-2.9632194336277067,0.8176148652786036
-2.9572406339454136,0.8208700749890628
-2.9512490684832784,0.824101709700647
-2.945244769846065,0.8273096318825899
-2.9392278263776714,0.8304937872286516
-2.9331983459520172,0.8336541480964128
-2.927156419618488,0.8367906594151054
-2.9211021423467023,0.8399032904995946
-2.9150356619735516,0.842992040353602
-2.9089570142098986,0.8460567774552537
-2.902866259371488,0.84909737738312
-2.896763656674093,0.8521140281997797
-2.8906491177760203,0.8551064703685095
-2.8845228692837677,0.8580747739286683
-2.8783849042748684,0.8610188260111091
-2.872235347323576,0.8639386311843693
-2.866074348624397,0.8668341914358784
-2.859901946802679,0.8697053738425906
-2.853718232862512,0.8725521289100743
-2.847523316306784,0.8753744353179476
-2.8413172910155193,0.8781722435714199
-2.835100251568966,0.8809455295047305
-2.8288723489679066,0.8836942964921526
-2.8226336247467763,0.8864184153626063
-2.8163841709257658,0.8891178421507973
-2.8101240935970635,0.8917925399553592
-2.8038535632467383,0.8944425173932711
-2.797572610121408,0.8970677527001687
-2.791281325677129,0.8996680499062668
-2.78497980957243,0.9022435298591257
-2.778668210349748,0.9047941661059183
-2.772346572882114,0.9073198308403716
-2.7660149905793845,0.9098204808676911
-2.7596735737550357,0.912296101197183
-2.75332241878421,0.9147466482202534
-2.7469616194626036,0.9171721053620067
-2.7405913301923053,0.919572482067839
-2.7342115981173736,0.921947652510149
-2.7278225177362136,0.9242975772176638
-2.721424203399639,0.9266222297483175
-2.7150167848197198,0.9289216627243142
-2.708600311771958,0.93119568533744
-2.7021749732494493,0.9334444120035954
-2.6957407446177575,0.9356676597611564
-2.6892978369247613,0.9378655822205287
-2.68284628666188,0.9400380134483333
-2.676386189635075,0.9421849164263718
-2.669917656496054,0.9443062830564284
-2.6634407854558595,0.9464020756759685
-2.656955668578523,0.9484722850642157
-2.6504624639392316,0.9505169276620551
-2.6439612238648684,0.9525358824403166
-2.637452045160907,0.954529115739911
-2.6309350387874852,0.9564966237480761
-2.6244102934180993,0.9584383406385476
-2.617877992090371,0.9603544016494782
-2.6113381588856264,0.9622445987359174
-2.6047909271479823,0.964108878663973
-2.5982363721635005,0.9659473386333202
-2.591674628638101,0.9677599041595356
-2.5851057624190954,0.9695465047531945
-2.578529884872213,0.9713071386867026
-2.571947095610898,0.9730417739731444
-2.5653574838179702,0.9747504082100542
-2.558761211458876,0.9764330645613846
-2.552158335451397,0.978089627653482
-2.5455489544958523,0.9797200701511685
-2.53893317991429,0.9813243955642488
-2.5323111122243396,0.9829025765430786
-2.5256828737446613,0.9844546934908472
-2.5190485599139936,0.9859804554583828
-2.5124083166582807,0.9874801748364024
-2.5057621566299284,0.988953526804855
-2.4991102951326236,0.9904007376582064
-2.4924527376930126,0.9918215824129709
-2.4857896148940104,0.9932161103137849
-2.479121028021556,0.9945842940786496
-2.472447062227032,0.9959261369644453
-2.4657678844512994,0.9972416676776205
-2.459083555157567,0.9985307763598124
-2.4523941745044557,0.9997934422793235
-2.4456998537570684,1.0010296762128317
-2.4390006948852583,1.002239458146079
-2.4322967808692137,1.0034227970912335
-2.4255883021912856,1.0045797470944837
-2.418875268335528,1.005710053009507
-2.412157903321494,1.0068139475022522
-2.4054361778876414,1.0078912828074096
-2.398710292326617,1.0089420481940163
-2.3919802909723598,1.0099662132271
-2.385246806491267,1.0109640733706868
-2.3785101084836797,1.0119377603802988
-2.3717699926687246,1.012888172307456
-2.3650262794973447,1.013813932575209
-2.358279307489808,1.0147148748433548
-2.3515287145471087,1.015591427046804
-2.344774285474566,1.0164413841347524
-2.3380165113654297,1.0172635704281452
-2.3312558058296555,1.0180591820576894
-2.3244919663611436,1.018828846038796
-2.317725041982914,1.019571389902684
-2.3109557688977342,1.0202872831323277
-2.3041843644454847,1.0209791819663059
-2.2974104661831385,1.0216477232962817
-2.2906339787746703,1.0222913195201475
-2.2838553040573637,1.0229099962802208
-2.277074520380852,1.0235045865122705
-2.270291619103395,1.0240748503709243
-2.2635066430189195,1.0246204635435303
-2.256719811681333,1.0251415050221258
-2.2499311427761945,1.0256382028236015
-2.2431406906316447,1.0261103924366184
-2.2363485447353133,1.026558038134122
-2.2295548777965704,1.0269812871257176
-2.2227597179451193,1.0273800509889
-2.215963150913922,1.027754264330656
-2.2091652790202896,1.028103956636617
-2.2023661626186466,1.0284291554660838
-2.195565996608301,1.0287298535316738
-2.1887647489882838,1.0290060492951303
-2.181962570567968,1.029257581635757
-2.1751595284765055,1.0294847197885322
-2.168355719983811,1.0296872656732665
-2.161551219536514,1.0298652291780894
-2.154746117308831,1.03001864099817
-2.1479404950493297,1.0301474990403863
-2.1411344163974015,1.030251827452737
-2.1343280340000783,1.0303316797359159
-2.1275214049879954,1.030386971258469
-2.1207146139160087,1.0304176984536664
-2.113907750330919,1.0304238863138393
-2.1071008863308953,1.0304055408320494
-2.100294196562074,1.0303626760179057
-2.093487683382133,1.0302953056215474
-2.086681471581793,1.0302032789575934
-2.079875642765219,1.0300868111928179
-2.0730702758179413,1.02994576366939
-2.066265455427233,1.0297801327027944
-2.0594612701207384,1.029589946632558
-2.052657802296449,1.0293752065726225
-2.0458551403471663,1.0291359425972697
-2.039053392224577,1.0288722120793818
-2.032252636733469,1.0285839350216692
-2.0254529709189284,1.0282710430100226
-2.0186545081052487,1.0279337949279541
-2.0118572917209563,1.027571954850016
-2.0050614540251788,1.0271856631748437
-1.9982670355959753,1.0267748295647914
-1.9914741371393796,1.0263395126836647
-1.984682848512615,1.0258797622571771
-1.9778932595701224,1.0253954906526248
-1.9711054545055333,1.0248866959863516
-1.964319519720629,1.0243534092793325
-1.9575355481937786,1.0237956343641719
-1.9507536302611141,1.023213403461146
-1.9439738445483516,1.0226067771287637
-1.9371962888416268,1.0219756799130315
-1.9304210716517192,1.0213200490899101
-1.923648267587018,1.0206401497024382
-1.9168779813642056,1.019935805038004
-1.9101102745843441,1.0192069878124799
-1.9033452654637733,1.0184538772687903
-1.8965830012458895,1.0176763265924949
-1.8898235766581333,1.0168743945850423
-1.8830670881820388,1.0160480791115956
-1.8763136068210076,1.015197410362681
-1.8695632506231603,1.0143224455736684
-1.8628160845242359,1.0134231041159951
-1.8560722044296742,1.0124993376956315
-1.8493316734789045,1.0115513482342362
-1.8425946316610713,1.0105790619565367
-1.8358611230030881,1.0095824664871778
-1.829131259434926,1.0085614911644523
-1.8224050880050147,1.0075164077380252
-1.8156827569645149,1.006447037460385
-1.8089643055753646,1.0053534549787595
-1.8022498369543025,1.0042356298142143
-1.7955394648880065,1.003093584824838
-1.7888332416444395,1.0019273938191686
-1.7821313213335175,1.0007370653864909
-1.7754337239099616,0.99952244881725
-1.7687405630683486,0.9982838465292994
-1.7620518994117205,0.9970210133236043
-1.7553678243539788,0.995734051853579
-1.7486884426322975,0.9944229729236939
-1.742013825192072,0.9930879226073694
-1.7353440629286057,0.9917286858836193
-1.728679211900621,0.9903454408726334
-1.722019428079052,0.9889382349382054
-1.71536474759322,0.9875069983530326
-1.708715275344961,0.986051691172146
-1.702071051605552,0.9845725191175901
-1.6954322460472575,0.9830694183514446
-1.6887988818975934,0.9815423350780097
-1.6821710591355197,0.9799913359174223
-1.6755488985394675,0.978416410833215
-1.6689324347525132,0.9768177024659356
-1.6623218264589192,0.9751951370528903
-1.6557171071407002,0.9735486334647117
-1.6491183888728513,0.9718784162731547
-1.642525702018743,0.9701844350930102
-1.6359391728075972,0.9684666293120551
-1.6293588724981987,0.9667250783324768
-1.6227852458712828,0.9649602935000726
-1.6162177157129423,0.9631742977267459
-1.6096556691051247,0.9613678520096183
-1.603099464488458,0.9595396311739494
-1.5965495286620675,0.9576896749723728
-1.5900056407750385,0.9558185473006043
-1.5834677915106419,0.9539262659741283
-1.5769361515108016,0.9520125198530185
-1.5704108501593133,0.9500774138758593
-1.5638918599342453,0.9481211088137501
-1.557379257228685,0.9461435218664157
-1.5508731827495315,0.9441446810999042
-1.5443736803061803,0.9421245619306413
-1.5378808023823767,0.9400833747994314
-1.5313946134833518,0.9380209288822222
-1.5249151870241666,0.9359373160560434
-1.518442596769164,0.9338325710099123
-1.5119769008311073,0.9317067742627536
-1.5055181500679502,0.9295599069540831
-1.4990664500334745,0.9273919221505965
-1.4926218477793016,0.9252028960699072
-1.4861844371541881,0.9229928641815949
-1.479754271957181,0.9207618136358772
-1.473331449597274,0.9185098788667201
-1.4669160154555776,0.9162368913060169
-1.4605080263224957,0.9139430637178406
-1.4541075297596384,0.9116283629836552
-1.4477146307873165,0.9092927375136517
-1.4413293780718703,0.9069362608536538
-1.4349518397672913,0.9045589553865825
-1.4285820979329384,0.9021608382887164
-1.4222202055551008,0.8997420026128858
-1.4158662125826484,0.897302445248944
-1.4095202249744938,0.8948421150574984
-1.4031823256184532,0.8923610490133412
-1.396852529919083,0.8898594138126275
-1.3905309650172806,0.8873371325935999
-1.3842176642209467,0.884794163426389
-1.3779127086337921,0.8822307137446024
-1.3716161407622285,0.8796466492376965
-1.3653280302462103,0.8770420500241839
-1.359048445976405,0.8744169411579734
-1.35277746220855,0.8717713831647446
-1.3465151153759893,0.8691053709215346
-1.3402615146901502,0.8664189856678683
-1.3340167020504061,0.8637121847318846
-1.3277807741680734,0.8609849465144424
-1.3215537322514679,0.8582374959415088
-1.315335702705335,0.8554696730137581
-1.3091267289342636,0.8526815674752329
-1.3029268870400608,0.8498732614390667
-1.2967362776927647,0.8470446478085562
-1.2905549152570686,0.8441959913362036
-1.2843829164187566,0.8413270736494187
-1.278220280697055,0.8384381397098043
-1.2720671138156419,0.8355290530712721
-1.265923477538706,0.8325998930738304
-1.259789413696754,0.8296507571240886
-1.2536649796710924,0.826681649005327
-1.2475502821590454,0.823692524067673
-1.2414453621051003,0.8206834599215871
-1.235350284674573,0.8176544849218066
-1.2292653814245544,0.814606164853484
-1.2231896186930789,0.8115404550382743
-1.2171222801146444,0.8084578302211661
-1.211064009309471,0.8053570656260604
-1.2050151024460887,0.802238335157281
-1.1989752692476057,0.7991022747536699
-1.1929445112978763,0.7959486301496423
-1.1869230216671776,0.7927773167647544
-1.1809109009909273,0.7895883535477992
-1.1749080589026373,0.7863819504602533
-1.1689145527845586,0.7831580873570221
-1.1629305424105518,0.7799166062100308
-1.156955992090693,0.7766577849240525
-1.150990967549478,0.7733815214045779
-1.145035551859202,0.7700877826471878
-1.139089760054391,0.766776694594826
-1.1331536586152657,0.7634483025745837
-1.1272272891392676,0.7601025663621466
-1.1213107386571304,0.7567394659156037
-1.1154040059439598,0.7533591708601135
-1.1095071404767163,0.7499616697738113
-1.1036202476262178,0.7465469066111734
-1.0977433553851506,0.7431150316239357
-1.0918765290216919,0.7396659647652079
-1.086019795489089,0.7361998705201845
-1.0801732461291258,0.7327166023816885
-1.074336837250357,0.7292164110178858
-1.0685106955784611,0.7256991265764048
-1.0626948433097165,0.7221648387914272
-1.0568893280228284,0.7186135989287462
-1.0510941871026582,0.7150454242742607
-1.0453094885175338,0.7114603702420293
-1.0395352756932512,0.7078584153990818
-1.0337716315731855,0.7042395508534077
-1.0280185240382198,0.7006039539549235
-1.0222760709177567,0.6969515661027228
-1.0165443204107016,0.6932823614228362
-1.010823277001276,0.6895964994901854
-1.0051129930356173,0.6858939769473041
-0.9994136001351916,0.6821747219246147
-0.9937250538135672,0.6784389644253723
-0.9880474564844424,0.6746865882007799
-0.9823808848913249,0.6709175967396918
-0.976725472353914,0.6671327596890135
-0.9710800325028054,0.6633336691715551
-0.9654437750437961,0.6595207355704805
-0.9598173930616383,0.6556929307928726
-0.954201227399335,0.6518503248911879
-0.9485948700214343,0.6479935348576626
-0.94299827177368,0.6441224773397456
-0.9374118064883621,0.6402367934625439
-0.9318354410019941,0.6363367335291068
-0.9262690607435656,0.6324224518726561
-0.9207127760012765,0.6284937953702664
-0.9151666650003286,0.6245507880521413
-0.9096307224880131,0.6205935237860369
-0.9041049731082218,0.6166220308099875
-0.8985894360418559,0.6126363461541682
-0.8930842031316161,0.6086364435611583
-0.8875892907148079,0.604622361862021
-0.8821047619405991,0.6005940938488403
-0.8766305845150315,0.5965518091153814
-0.8711668733171147,0.5924954020188405
-0.8657136613220798,0.5884249031152081
-0.8602709313599588,0.5843404249063422
-0.8548387552895272,0.580241899978662
-0.8494171462725928,0.5761293913806046
-0.8440061528569872,0.5720029146536642
-0.8386057829940186,0.5678625430182223
-0.8332160710765453,0.56370829707012
-0.8278370964943287,0.5595401479475997
-0.822468867564536,0.5553581555227659
-0.8171114210300389,0.5511623455874755
-0.8117647936259329,0.5469527849265621
-0.8064290849096679,0.542729405766838
-0.8011042153056608,0.5384924049447369
-0.7957903259780601,0.5342416297693681
-0.7904873884861167,0.5299772304096751
-0.7851954627851006,0.5256991432884139
-0.7799145814108481,0.5214074268651591
-0.7746447284046407,0.5171021641060884
-0.7693859903646841,0.512783324751096
-0.7641383998547273,0.5084509337834645
-0.7589019786701705,0.5041050352675929
-0.7536767637950612,0.4997456560113028
-0.7484628909091248,0.4953734814137093
-0.7432590195536282,0.49098996058600136
-0.7380641883766234,0.4865955822806662
-0.732879288004852,0.48218924953367626
-0.7277046276612587,0.47777106034029027
-0.7225397008113417,0.47334157943106747
-0.7173844810018566,0.46890068296476
-0.7122392874999147,0.46444814032822135
-0.7071041329880735,0.459984080805411
-0.7019788704571985,0.45550864915013517
-0.6968635926107066,0.4510217570282826
-0.6917583895335482,0.4465234183536903
-0.6866632546012099,0.442013722816494
-0.6815781703156655,0.4374927150681689
-0.6765032341756985,0.4329603125020769
-0.6714384132014037,0.42841664140528185
-0.6663837585050686,0.423861647591371
-0.6613392832122854,0.4192953719969671
-0.6563049757891388,0.4147178809362473
-0.6512809082288938,0.41012914946996154
-0.646267100035559,0.40552919661466785
-0.641263568612904,0.4009180519278233
-0.6362703435248058,0.3962957353219949
-0.6312874571636706,0.3916622672339453
-0.6263149009144526,0.3870177511090256
-0.6213527511526549,0.38236212585941926
-0.6164010495316274,0.37769539699886423
-0.6114597386598952,0.3730177069562877
-0.6065289179746819,0.36832893844436587
-0.6016085496427032,0.36362919608749916
-0.5966986591435224,0.35891850259073604
-0.591799315158639,0.35419683135100943
-0.5869105155742781,0.3494642303444308
-0.582032359108391,0.3447213220161658
-0.5771632995006686,0.3399695802682564
-0.5723024980591732,0.3352092477319045
-0.5674507953340701,0.3304394264479794
-0.5626085365059394,0.32566017380880247
-0.5577751284619574,0.32087208537209716
-0.5529506205061432,0.31607490370080926
-0.5481353202148121,0.3112684456739574
-0.5433291276879119,0.30645293924265843
-0.5385319602930372,0.30162843159597186
-0.533743908205486,0.2967948308297378
-0.528965040486454,0.2919521468228628
-0.5241953183107264,0.28710045759873704
-0.5194347330021026,0.28223981013680083
-0.5146833916661504,0.2773701278811896
-0.5099412321427279,0.27249154985643603
-0.5052083132415084,0.2676040110864411
-0.5004846420101192,0.26270753445557443
-0.49577023682408605,0.2578021189793097
-0.491065089091661,0.2528878168627757
-0.48636920598878464,0.24796465622413924
-0.4816826508625109,0.24303260495563517
-0.47700541685513176,0.2380917013313432
-0.47233752124421274,0.23314196574961304
-0.46767898516529255,0.2281834460115079
-0.4630298394694615,0.22321612080416892
-0.4583900902698332,0.2182400532783155
-0.453759756638198,0.21325520637499687
-0.4491388082976805,0.20826165497654378
-0.44452731726681044,0.20325935937770387
-0.4399252749997042,0.19824835678752248
-0.43533269880331493,0.19322866428287905
-0.43074960926114586,0.18820031896446546
-0.42617607613273173,0.18316329619245875
-0.4216120069617972,0.1781177218273307
-0.41705752644445887,0.17306348447843808
-0.41251256262472163,0.1680006879799121
-0.40797718843694597,0.1629292905405425
-0.40345139504620614,0.15784932890418518
-0.39893519849263664,0.15276082114565534
-0.3944286271437822,0.14766377302768302
-0.38993167079880353,0.14255822963602827
-0.3854443625015118,0.13744424294858734
-0.38096673776960477,0.13232177699340897
-0.37649882074140684,0.12719084603725517
-0.37204057740745006,0.12205154130409004
-0.3675920885253938,0.11690376970853954
-0.3631532795383809,0.11174764843918848
-0.3587242248081521,0.10658314038712514
-0.3543049381939379,0.10141026042154058
-0.34989542472123136,0.09622903535581213
-0.3454957032312073,0.09103948081139875
-0.34110580023245424,0.08584160199173202
-0.33672567707918266,0.08063549476868113
-0.33235545713751585,0.07542107177178477
-0.32799505351168806,0.07019847848922926
-0.3236445474709396,0.0649676330831365
-0.3193039615772289,0.059728573328239457
-0.31497324843759067,0.05448133096091759
-0.3106524294112877,0.049225937312322166
-0.3063415628336968,0.043962367908469926
-0.3020406387775436,0.038690658882323856
-0.29774967381492123,0.03341082853063952
-0.29346869587677127,0.028122883029089822
-0.28919768522662037,0.022826902184494794
-0.28493672911514684,0.017522831731863343
-0.2806857802344129,0.012210781391124248
-0.276444881533051,0.006890685685766123
-0.27221406623519806,0.0015625974732018826
-0.2679933199802191,-0.0037735000197329695
-0.26378261823812316,-0.00911752669715187
-0.25958202527765484,-0.014469508359611458
-0.255391554416482,-0.019829429775657756
-0.25121120929399876,-0.025197263738476052
-0.24704100746863114,-0.03057299377381001
-0.2428809737746125,-0.035956615655680625
-0.23873107628290718,-0.04134802477704231
-0.2345914079179084,-0.046747297724003205
-0.23046195337922512,-0.052154345059623616
-0.22634271569921435,-0.057569178732899205
-0.22223374267741586,-0.06299180455642325
-0.21813499313068493,-0.06842217641614838
-0.21404648493965958,-0.07386026133235724
-0.20996827664995518,-0.07930608291926024
-0.20590035663831985,-0.0847596054042436
-0.2018427400479146,-0.09022080936330791
-0.19779544269610047,-0.09568967759074153
-0.19375849497381376,-0.10116614529512548
-0.1897318943586205,-0.10665022711881629
-0.18571569233936597,-0.11214192198501957
-0.18170982721531972,-0.11764115934739862
-0.17771437733231082,-0.12314797661769505
-0.17372933066784624,-0.12866233821864217
-0.16975470242708593,-0.13418422472742753
-0.16579051917613208,-0.13971362932492637
-0.16183675640159156,-0.1452504731032262
-0.1578935044762287,-0.1507948043486516
-0.15396071028470448,-0.1563465217010323
-0.15003841504524987,-0.16190567465062197
-0.14612663900761155,-0.1674722311451228
-0.14222537839396718,-0.17304617319647975
-0.13833464862622266,-0.17862748158045322
-0.134454475708983,-0.18421614951927726
-0.13058484414996507,-0.18981213505261155
-0.12672577357056955,-0.19541538980564127
-0.12287733707718262,-0.20102596025736474
-0.11903952436696019,-0.20664432196246083
-0.11521422660425146,-0.2122716735473606
-0.11140235623843985,-0.21790795642786248
-0.10760289686729826,-0.22355243005264003
-0.10381557558253075,-0.2292046349553469
-0.10003917602490037,-0.23486380561288772
-0.09627277209296307,-0.24052968659980806
-0.09251712088800526,-0.24620288633704976
-0.08877258918807085,-0.2518833571143119
-0.0850386442547044,-0.2575706695440805
-0.08131529291892432,-0.263264996472452
-0.07760283284020206,-0.26896643392318864
-0.073901194760275,-0.27467487592635725
-0.07021028620867181,-0.2803902511153523
-0.06653022030016947,-0.28611320505370386
-0.06286292115019598,-0.29184477553310323
-0.059209320303905244,-0.2975849608148927
-0.055568281185430515,-0.30333292132785655
-0.051939667336600305,-0.30908887117796985
-0.04832413941917511,-0.31485313047921293
-0.0447216662184861,-0.32062546631634253
-0.04113191247756377,-0.32640570340199293
-0.03755504477565047,-0.33219396896657105
-0.033991115522333394,-0.33798960631217284
-0.03043818754042255,-0.34379156478370354
-0.026895346139246632,-0.34959982312200144
-0.023363622782548943,-0.35541507054734733
-0.019843362502123044,-0.36123712349425613
-0.01633397793377281,-0.36706621612027945
-0.012837357001619124,-0.3729034868392871
-0.009354841919739733,-0.37874907847766853
-0.005885261508189164,-0.38460212970205354
-0.0024281622576348715,-0.3904626816051901
0.0010156256288565136,-0.39633117386665784
0.004446040967758856,-0.40220739405634387
0.007863517570954883,-0.4080911197191389
0.011267888419153835,-0.41398248291083284
0.014659050591924062,-0.41988142170085346
0.018036986724778725,-0.4257879264860957
0.021401893429848568,-0.4317013227023092
0.02475557704456759,-0.43762071343932596
0.028098831928725112,-0.44354667607084336
0.03142869836623684,-0.4494807792736053
0.034744003418331934,-0.45542278991481455
0.03804647995793787,-0.4613716702535419
0.04133621859523833,-0.4673277817637271
0.04461231828432629,-0.47329149516056146
0.04787479246825146,-0.4792625496497941
0.051124254776447185,-0.48524063569754505
0.05436040303590337,-0.4912260400251199
0.05758300487980253,-0.49721875561832357
0.06079225830145498,-0.5032186051453356
0.06398834981807358,-0.5092249527535357
0.06717300180537147,-0.5152370026698341
0.0703470283630444,-0.5212553184199695
0.07350746570659017,-0.5272813687238525
0.07665307430316547,-0.5333149133084127
0.07978568164831835,-0.5393549230211341
0.08290536160068604,-0.5454018325504777
0.08601117659779424,-0.5514559885133431
0.08910324470599593,-0.5575170330379807
0.09218201725733438,-0.5635848312027897
0.09524730561137203,-0.5696595370153389
0.09829885728763033,-0.575741153461939
0.1013368490660307,-0.5818295179530726
0.10436139329787196,-0.5879240485521501
0.10737447145311221,-0.5940238390567711
0.11037682654323698,-0.6001290689824393
0.11336721856639574,-0.6062413827476727
0.1163414484438401,-0.6123622559181368
0.11929843317176946,-0.6184906335240423
0.12224232569123165,-0.624624637073646
0.1251741662755756,-0.6307648132498532
0.12809158330321513,-0.6369121400617306
0.1309944632241987,-0.643066042977181
0.1338842723474216,-0.6492259681944317
0.13676050767795572,-0.6553924521729861
0.13962276782392902,-0.6615648835235737
0.14247328800383388,-0.6677422793685867
0.14531327770164182,-0.6739246847081032
0.148141321319209,-0.6801128125225696
0.15095713855742593,-0.6863063883077168
0.15376108182510703,-0.6925067621383635
0.15654728428988646,-0.6987158968175304
0.15931453104037802,-0.7049327376106079
0.16206726294763388,-0.7111555572778016
0.1648053779498278,-0.7173848389665345
0.16752845399988467,-0.7236204732869668
0.1702380474996294,-0.7298617443840097
0.17293445628496065,-0.736108404016642
0.17561854636230645,-0.7423600473074405
0.17829168937403223,-0.7486163683164222
0.18095297910639124,-0.7548779252923195
0.18360219082225848,-0.7611440517674225
0.186241797958756,-0.7674137710041649
0.188852362796902,-0.7736810501877271
0.1913689364886677,-0.7800406453237729
0.1937349143746133,-0.786452075259901
0.19600347712280616,-0.792891394167007
0.19818254653112563,-0.7993665913273186
0.2002400289696431,-0.8058844351838396
0.20217804523756763,-0.812435283806858
0.20401291792357665,-0.8190151187182321
0.20573825421807806,-0.82562649961725
0.20734557670861428,-0.8322675189179654
0.20884004895408378,-0.838933607991611
0.21022366990580713,-0.8456240013171038
0.21149300061407522,-0.8523373859563735
