-0.1267198578247614,-0.012021195260653813
-0.1267198407674659,-0.012021195214477243
-0.12671983174641796,-0.012021195293715856
-0.12671983024547698,-0.012021195294252206
-0.12671985393592805,-0.012021195230104646
-0.12671986147857858,-0.01202119525808039
-0.12671986017355066,-0.012021195306665674
-0.12671985431540847,-0.012021195303166312
-0.12671984203494083,-0.01202119528981792
-0.1267198252924281,-0.01202119524369374
-0.12671981658483397,-0.01202119532297832
-0.12671981539593313,-0.012021195323554593
-0.12556516328779027,-0.012021198366233716
-0.12325505208662027,-0.012021202460106104
-0.11978947850628519,-0.012021208646514991
-0.11516844953305043,-0.012021213568707667
-0.10939195428246633,-0.01202121677926487
-0.102628652575764,-0.012023708282985804
-0.09582574247668396,-0.012042235441301027
-0.08902306641897348,-0.012084363498319301
-0.08222219092222423,-0.012143204685750477
-0.07542028068431089,-0.012216595932519971
-0.06861727405189537,-0.012308652533120185
-0.06181482832843086,-0.012419609951286926
-0.05501264273033722,-0.0125471074390853
-0.04820996904793851,-0.012691595752582423
-0.04140724692574983,-0.012854276384070747
-0.034604863359698576,-0.013034587052676763
-0.027802565112061556,-0.013232010223013934
-0.021000288061475005,-0.01344698256350871
-0.014198272443411677,-0.013679678598714703
-0.0073965772139851105,-0.013929813445590812
-0.0005951409015402325,-0.014197355800854336
0.006205967878713441,-0.014482461758871358
0.013006647100896884,-0.014785101565628197
0.019806874839554345,-0.015105188222278151
0.02660662713241058,-0.015442751462760057
0.03340583636929423,-0.015797825371245026
0.0402044472778291,-0.01617038099194763
0.04700242536235757,-0.01656040451412351
0.05379950094473815,-0.016967912762367192
0.060595109550238314,-0.01739289897140437
0.06738853623730735,-0.01783525346377152
0.07417960806495211,-0.018295005818063072
0.08096827215898021,-0.01877217265163817
0.08775448365184899,-0.019266752341303154
0.0945381986538964,-0.01977874168114348
0.10131953998985642,-0.020308137025831324
0.10809869601603025,-0.02085486593797568
0.11487646145358107,-0.021419231208470186
0.12165305170814501,-0.022001118013136627
0.1284285093598279,-0.02260051017646844
0.13520279378080607,-0.02321737181594979
0.14197584619066506,-0.023851714590032252
0.1487476175153574,-0.024503544953598598
0.15551806063581433,-0.02517285304599534
0.1622871295437334,-0.025859638539096383
0.16905477420447235,-0.026563906829058955
0.1758209439953778,-0.027285655526724482
0.1825855844509728,-0.028024875847011913
0.18934864098347626,-0.028781566334519847
0.19611004511135743,-0.029555722898725986
0.20286979350883313,-0.030347336076629997
0.20962807964351513,-0.031156402419374212
0.2163846387355629,-0.031982924424300216
0.2231394432601961,-0.03282689164991284
0.22989246654700865,-0.033688288237951024
0.23664367569861075,-0.034567106108067173
0.24339278551948199,-0.03546331358291302
0.2501393266841917,-0.03637687950073268
0.2568827229089991,-0.037307641014015874
0.2636227191564518,-0.03825562011925746
0.27035908061814934,-0.03922078798909486
0.2770918229818302,-0.04020310836344052
0.28382114804934927,-0.041202717308937306
0.29054725075213034,-0.04221963803528356
0.2972703358854041,-0.04325372966592372
0.3039904249004536,-0.04430484325475695
0.31070821675952526,-0.04537083889519786
0.31742437942674256,-0.046451016758684294
0.3241387293603894,-0.047546581848452986
0.3308509423314536,-0.0486576186838674
0.3375611351587223,-0.04978343358457015
0.3442693847151956,-0.05092413677384415
0.3509755468816539,-0.05208007643051124
0.35767954959577897,-0.053251098280894194
0.364381428735107,-0.05443704619849124
0.37108108037466475,-0.05563804536231354
0.3777781053169942,-0.05685401278834954
0.384472184676973,-0.0580849307097187
0.39116305289775544,-0.05933058471444793
0.3978504954044068,-0.060591143258847374
0.4045343592483499,-0.06186648352022565
0.4112146324127505,-0.06315661079638807
0.4178913942069486,-0.0644615270627633
0.4245647870934845,-0.06578125425236415
0.4312350211046118,-0.06711591306378506
0.4379022546040241,-0.06846544752824152
0.444566727781773,-0.06982996574597287
0.4512286415318854,-0.0712094670271108
0.4578879476523355,-0.07260393909942761
0.4645446246087552,-0.07401336442445142
0.47119863539392604,-0.07543774647019424
0.4778499366221244,-0.07687707449844626
0.4844982972474822,-0.07833131060093289
0.491143507586261,-0.07980040349862308
0.49778534735467544,-0.08128429116335466
0.5044236012353115,-0.08278297952856982
0.51105810088894,-0.08429637561478319
0.5176887764196938,-0.08582443868971208
0.5243155446584938,-0.08736727723949789
0.5309384667826967,-0.08892476938161076
0.5375576147319383,-0.09049691594273421
0.5441730687010565,-0.0920839046020315
0.5507849280259334,-0.093685618325175
0.5573933488810742,-0.09530215929540374
0.5639983924636236,-0.09693351733377442
0.5706001539273323,-0.09857970607399125
0.5771985266045853,-0.10024071381418981
0.5837935629779172,-0.10191652825670157
0.5903850972274728,-0.10360712616939599
0.5969730054049311,-0.10531248285635036
0.6035571543358043,-0.10703252868196132
0.6101373858701841,-0.10876727979013717
0.6167135495794487,-0.11051664393299329
0.6232855747293211,-0.11228062658835804
0.6298533410561664,-0.11405919562870777
0.6364168727256589,-0.11585230337514216
0.6429761361215106,-0.11766009134941409
0.6495311662729892,-0.11948236452210696
0.656082010932868,-0.12131935122591578
0.6626287729430838,-0.12317087825044971
0.6691714534054736,-0.12503708370924327
0.6757101220513488,-0.12691798424785403
0.6822448318181427,-0.12881349036361178
0.6887754817321965,-0.13072364592622643
0.695302059793728,-0.1326484436963982
0.7018244742922738,-0.13458784868441667
0.7083426400742968,-0.1365418608937458
0.7148564724302012,-0.13851037208651226
0.7213658211478029,-0.14049345373640915
0.7278706514498707,-0.14249096740697276
0.7343708519512058,-0.14450297522184957
0.7408663740503847,-0.14652946792691957
0.7473571858786812,-0.1485703336365855
0.7538432965076364,-0.1506256848844164
0.760324667312945,-0.15269549650324382
0.766801393772407,-0.15477970294914628
0.7732734324350007,-0.15687839527589764
0.7797408550554689,-0.1589915798161496
0.7862036070605435,-0.16111920249060718
0.7926617312809234,-0.16326129798458375
0.7991151896459605,-0.16541784868148357
0.8055636090066729,-0.16758835680014106
0.8120077576698375,-0.16977075792707638
0.8184482347714218,-0.17196450613792164
0.8248846446137399,-0.17417077866840386
0.8313165674917569,-0.17638953656381132
0.8377442806177321,-0.17862017349805007
0.8441677803305626,-0.1808627793609342
0.8505869191233781,-0.18311761679569175
0.8570016106687622,-0.18538462096165098
0.8634119851037875,-0.18766359198286978
0.8698179747021901,-0.18995465730446218
0.8762195913450296,-0.19225786834369
0.8826168619921728,-0.19457317675711455
0.8890097654861294,-0.1969005169447881
0.8953983028793614,-0.1992399791008703
0.9017825068558414,-0.2015915670105119
0.9081623003092364,-0.20395519240308493
0.9145377015810026,-0.2063309442227255
0.9209086931523911,-0.2087186897951289
0.9272751677065756,-0.211118524252119
0.9336371260172939,-0.21353035627046305
0.9399944935713876,-0.21595423805818656
0.9463472207840811,-0.21839004414788482
0.9526952995363538,-0.2208378964971709
0.959038673178812,-0.223297643999078
0.965377352126199,-0.22576939980617872
0.97171127488956,-0.22825307539991727
0.9780404841332163,-0.23074873365702675
0.9843649174231549,-0.23325629519812335
0.9906846408704587,-0.23577583755413056
0.9969995779474167,-0.23830728549785632
1.0033097705046146,-0.24085068709405685
1.0096151861522233,-0.243406018663347
1.0159158244570465,-0.2459732847960882
1.0222116283891782,-0.24855245084954353
1.0285025819607472,-0.2511435497939099
1.0347886848186163,-0.25374649150361706
1.0410698676145191,-0.2563613351359784
1.0473460675966835,-0.25898804417973703
1.0536173029197349,-0.2616265571978931
1.0598834884239399,-0.26427690895345496
1.0661446486794075,-0.2669391077682036
1.0724007147046466,-0.26961309359896546
1.0786516867236964,-0.27229885412744903
1.0848975599680852,-0.27499645821149116
1.091138285949607,-0.2777057769785236
1.097373872678474,-0.28042694263353335
1.1036043595948484,-0.2831598190764713
1.1098296343426894,-0.28590448658620177
1.11604975445045,-0.2886609370014929
1.1222647088284274,-0.29142912989672265
1.128474467171116,-0.2942091127297116
1.1346789767198007,-0.2970007793854685
1.1408782067821792,-0.2998042367694719
1.1470721854134998,-0.30261931894272687
1.153260785727929,-0.30544614023288114
1.1594440538936928,-0.30828462765234743
1.1656218861967513,-0.31113476506701826
1.1717943196588025,-0.31399659506647637
1.1779610241759755,-0.3168694452882075
1.1841230025036802,-0.31975161776745087
1.1902810778438113,-0.32264238559644914
1.1964346673021866,-0.32554309237689993
1.2025834774281816,-0.32845363105905845
1.2087278428579977,-0.3313734446107514
1.2148678873420296,-0.33430256058970714
1.221003286316952,-0.33724140181306533
1.2271341213124007,-0.3401897363244002
1.2332604516330588,-0.3431474462593992
1.239382211839485,-0.34611468034703896
1.2454993955269227,-0.34909136885582004
1.2516119273190003,-0.35207751391288256
1.257719880681722,-0.35507310845915485
1.2638231781776395,-0.358078136783444
1.2699218430104584,-0.36109257511743786
1.2760157816122928,-0.3641164412553803
1.2821050625222432,-0.36714969280002396
1.2881895988594882,-0.3701923953443028
1.2942694566616313,-0.3732444313260074
1.3003445520302717,-0.37630589437743195
1.3064149281826836,-0.37937672349522156
1.312480519394295,-0.38245695633541094
1.3185413722061523,-0.3855465437500704
1.324597437315529,-0.3886455321655284
1.3306487443750892,-0.3917538447995692
1.336695204410078,-0.3948715181771591
1.342736854610767,-0.39799854364377746
1.3487736601104325,-0.40113493573387154
1.3548056618155169,-0.40428059281144396
1.3608327539603806,-0.40743559784714956
1.3668549831166148,-0.41059991696074627
1.3728723002750318,-0.41377357611996696
1.3788847499310886,-0.4169564571901586
1.3848922621514574,-0.42014866604151335
1.3908945712354972,-0.42334962432260126
1.3968928125769953,-0.42655740837105316
1.4028877291811204,-0.4297716695285496
1.4088787431266498,-0.43299347812083155
1.4148655912373607,-0.4362228179973131
1.4208485921742569,-0.43945905221177756
1.426827864534266,-0.44270239451394183
1.432803134559872,-0.4459530970458888
1.438774467568924,-0.44921097640527574
1.4447419366626468,-0.45247594971664507
1.4507055065030474,-0.45574811455932457
1.456665111031795,-0.4590275030631809
1.4626207636437671,-0.4623140458566635
1.4685724731511376,-0.4656077156954112
1.4745202511781408,-0.46890853720314835
1.4804640449034046,-0.47221652485955606
1.4864038223319658,-0.475531646039201
1.4923396048232263,-0.47885392343644756
1.4982714106220676,-0.4821832791379839
1.5041991650896285,-0.4855197928866882
1.510122930860189,-0.4888634238266502
1.516042662584263,-0.49221419492392854
1.5219583547745268,-0.49557207931904734
1.5278700417869184,-0.4989370500335609
1.5337776779350734,-0.5023091431713854
1.539681266699386,-0.5056883384702362
1.5455808009794056,-0.5090746257506106
1.5514762219743858,-0.5124679953121284
1.5573675624202128,-0.515868453788248
1.5632548258404038,-0.5192759571269209
1.5691379431886223,-0.5226905428333927
1.5750169804661025,-0.5261122016075237
1.5808919071565743,-0.5295409310927877
1.5867626804063366,-0.5329767468161983
1.5926293662816684,-0.5364195831244971
1.598491910736502,-0.5398694794664246
1.6043503089621736,-0.5433264327111911
1.610204525357373,-0.5467904392971104
1.6160545974352307,-0.5502614278647401
1.621900445598602,-0.5537394690614944
1.627742127405956,-0.5572245358874351
1.6335796000342968,-0.5607165970172842
1.6394128893874726,-0.5642156815515873
1.645241979649938,-0.5677217771129688
1.6510668475695247,-0.5712348924119744
1.656887277204865,-0.5747544362336157
1.6627045003966254,-0.5782786247252358
1.6685192792069659,-0.5818070784911683
1.6743309958722445,-0.5853408909591842
1.6801393593384557,-0.5888800193062498
1.685944732906559,-0.5924238044846203
1.6917472155713547,-0.5959725011511565
1.697546580206119,-0.5995263444867571
1.7033428301795692,-0.6030851889059727
1.7091360956912434,-0.6066489081139352
1.7149263310993124,-0.6102176281479545
1.7207134297213444,-0.6137914002157362
1.7264974942067548,-0.6173700555125664
1.7322784731064067,-0.6209536897538385
1.7380563824584472,-0.6245422700028092
1.743831162254995,-0.6281358352329502
1.7496028817430664,-0.6317343426085962
1.7553715245443182,-0.6353378073372424
1.7611370729331202,-0.6389462386204185
1.7668994936109348,-0.6425596547460665
1.7726588492940494,-0.6461779542492039
1.7784150612342424,-0.6498012381486747
1.784168172665369,-0.6534294275465699
1.7899181356502312,-0.6570625762852434
1.7956649982908435,-0.6607006540492835
1.8014087451880303,-0.6643436671276303
1.8071493692446758,-0.6679916154235043
1.812886835196362,-0.6716445263442471
1.8186212003247022,-0.6753023082108781
1.8243523917561932,-0.6789650491690359
1.8300803788306714,-0.6826321440346551
1.8358059970189513,-0.6863017493038216
1.8415304398248455,-0.6899736202558793
1.8472530693485474,-0.6936488676805475
1.8529734148850696,-0.6973273473358274
1.8586918976103879,-0.7010084949202792
1.8644087274681966,-0.7046924571130094
1.8701235378423882,-0.7083795933777941
1.875836368838603,-0.7120696249068281
1.8815473388856756,-0.7157625266245848
1.8872564564098244,-0.7194583872534368
1.892963633103871,-0.7231572412387004
1.8986689042474847,-0.7268590133935318
1.9043722708973565,-0.7305637449292152
1.9100737632251086,-0.7342713984587057
1.9157733302144104,-0.7379819780538144
1.9214709575609095,-0.741695511119793
1.9271666660019895,-0.7454119765922669
1.9328604725964087,-0.7491313381365692
1.9385523311326918,-0.7528536686433315
1.9442422972046993,-0.7565789070317469
1.9499303443450913,-0.7603070890825981
1.9556164781581198,-0.7640382065765845
1.961300699780328,-0.7677722549126479
1.966982987964124,-0.7715092524117394
1.972663354119648,-0.7752491615325829
1.9783417783138777,-0.7789920065830412
1.9840182838428138,-0.7827377182396842
1.989692830243335,-0.7864864050503076
1.9953653918621717,-0.790237469292875
2.001036842288805,-0.7939890779071941
2.0067084046748684,-0.7977409437884174
2.0123793830456767,-0.801494228424383
2.018049320215363,-0.8052487551297958
2.0237186892830277,-0.8090039581439037
2.0293875987695604,-0.8127600948876784
2.0350557911589644,-0.8165173265429638
2.0407232116412404,-0.8202755662744058
2.04639005373326,-0.8240346739151961
2.0520562918320353,-0.8277947494645579
2.057721840272925,-0.8315558575285187
2.0633867300038213,-0.8353179383798999
2.069051013794846,-0.839080972363901
2.074714658699607,-0.8428449903141537
2.0803776466094175,-0.8466099921611056
2.086039982238516,-0.8503759635451749
2.091701673886461,-0.8541428696491847
2.0973626950981648,-0.8579107780709607
2.1030230784263804,-0.8616796365159911
2.1086828108308646,-0.8654494904957061
2.1143419105100567,-0.8692203181119776
2.120000369779778,-0.8729921134200346
2.1256581792949887,-0.8767648765745678
2.131315335471879,-0.88053862112506
2.1369718311216612,-0.8843133200936786
2.142627675934511,-0.888088985560412
2.1482828795396305,-0.8918656140093403
2.1539374306507346,-0.8956432376737066
2.159591274672898,-0.8994213195296593
2.165245362587183,-0.9031979485267827
2.170900795819404,-0.906972945149795
2.176556929902763,-0.9107474109577731
2.1822133153879353,-0.9145211162892001
2.1878703863749775,-0.9182935873205319
2.1935283147288116,-0.9220650026166457
2.199186815773279,-0.9258356364177573
2.2048458816276337,-0.9296052934246555
2.2105056684945965,-0.9333738837430118
2.2161661248462607,-0.9371415323621047
2.221827192129465,-0.9409082468386186
2.227488879324096,-0.9446739618933852
2.233151252502972,-0.9484386843763252
2.238814203857094,-0.9522019047837228
2.244478630384835,-0.9559617922069749
2.250145707006807,-0.9597180894122808
2.255814795552497,-0.9634718907320211
2.2614854259657977,-0.9672230200242012
2.267158036725136,-0.9709709457617925
2.2728327666399895,-0.9747158651816602
2.2785093381357675,-0.9784580364286513
2.284187737124001,-0.9821972865730639
2.2898681568095935,-0.985933502068808
2.295550538369722,-0.9896668239516881
2.30123478893326,-0.9933972839502933
2.306920960660619,-0.9971247890788844
2.3126090882300367,-1.000849326228311
2.318299080529261,-1.0045709800153881
2.3239910018680625,-1.008289670475265
2.329684816275571,-1.0120054425521376
2.3353805860115435,-1.0157182626659997
2.341078265697461,-1.0194281616545673
2.3467778436360915,-1.023135146061197
2.35247933230952,-1.02683919025139
2.358182741921219,-1.0305402796783858
2.3638880301751475,-1.0342384336214372
2.3695952193993124,-1.0379336378613502
2.3753043005241685,-1.0416259143203221
2.381015320391476,-1.0453152306963667
2.3867282432025165,-1.0490016049989468
2.3924430553008813,-1.052685058250032
2.3981597126577014,-1.056365032214037
2.4038790959866345,-1.06003963896714
2.409602281656073,-1.0637086875286517
2.415328711533385,-1.0673732021060254
2.4210578461267245,-1.0710330866680566
2.4267902182938457,-1.0746877212238717
2.432525893178364,-1.0783373783817125
2.4382646352231783,-1.081982297268114
2.4440064232792142,-1.0856222858031848
2.44975144616278,-1.0892572126841493
2.4554995906664385,-1.0928872762168078
2.4612507947934095,-1.0965124476053065
2.467005126868163,-1.1001326297638017
2.4727625334125283,-1.1037478731229988
2.478522997935008,-1.1073576267982137
2.484287338678771,-1.110960021485303
2.4900566597018123,-1.1145548228705886
2.495830449824731,-1.1181430558139296
2.501608118897603,-1.1217246776124608
2.507390119162802,-1.1252990511103045
2.5131766492574723,-1.128866360161225
2.518967349985188,-1.132426909022706
2.5247622322729217,-1.1359804934153954
2.5305614483642302,-1.1395270058184082
2.536364968171962,-1.1430665785639322
2.5421727360991153,-1.1465992016470896
2.5479847027305103,-1.150124853657862
2.553800936754332,-1.153643491406028
2.559621303818233,-1.157154649878697
2.565446641014432,-1.1606563387468967
2.5712780482380517,-1.1641482868247626
2.5771148770863976,-1.16763168485764
2.582956746967229,-1.1711063068930199
2.5888039788034822,-1.174571616710705
2.5946567862644296,-1.1780277975907332
2.6005148556220075,-1.1814751309165121
2.606378172581899,-1.1849134018069238
2.612246885752561,-1.1883425125210199
2.618120895995328,-1.1917626045221263
2.624000123783483,-1.1951736485535889
2.629884636154959,-1.1985755631112258
2.6357743166329786,-1.2019678298630918
2.641669883234825,-1.2053485790537481
2.647572501833435,-1.2087174299515855
2.653481554803461,-1.2120755577393474
2.6593965711752885,-1.215422806561845
2.665317947617149,-1.218758580870878
2.6712458269173265,-1.2220830781703864
2.677179938126121,-1.2253965556512543
2.683120170416538,-1.2286988648717836
2.689066687290519,-1.2319898362382244
2.695019467011962,-1.235269580100778
2.7009783357172235,-1.2385381239003346
2.706943379720317,-1.2417953863372144
2.7129146153365964,-1.245041306831839
2.718891790881117,-1.2482755322355796
2.7248757176224223,-1.2514959498320224
2.7308674724214232,-1.2547022482066588
2.7368664894198735,-1.2578955822548044
2.7428722561888037,-1.2610758207400958
2.7488851545316852,-1.26424234832749
2.754905282911883,-1.267395377716625
2.760932372728284,-1.2705350950005372
2.7669663359591388,-1.2736614096486087
2.77300733428076,-1.2767741187655979
2.779055278068419,-1.2798733369433122
2.785110109940155,-1.2829591142502266
2.7911717835764365,-1.2860313572794766
2.7972402060605543,-1.2890895284282353
2.8033161484488947,-1.2921321686809168
2.8093999704014867,-1.2951608863738047
2.815490062250987,-1.2981771894924474
2.821586365631792,-1.3011798211007255
2.82768974521133,-1.3041681988990128
2.8337999682296924,-1.3071431323627112
2.8399165186517585,-1.3101046906200426
2.8460396427751014,-1.3130524236832513
2.852169512737806,-1.315986300161509
2.8583058300948867,-1.3189067142773796
2.864448612882904,-1.3218133993112482
2.8705979077461246,-1.3247062880257663
2.876753534225029,-1.327584958458589
2.882916058457518,-1.3304474027527897
2.8890865403194215,-1.333293184573639
2.895264447302963,-1.3361234875030596
2.901449291495211,-1.3389381723454403
2.907641389482841,-1.3417365804679746
2.913840796647756,-1.3445189654143492
2.920047328045803,-1.3472855481354848
2.926260856875316,-1.3500361008392903
2.9324815068373122,-1.3527705756817274
2.938709218146973,-1.3554890083578404
2.944943882336986,-1.3581914474413135
2.951185315522845,-1.3608773111562986
2.9574341209529624,-1.3635445255236307
2.9636912229158354,-1.366192757231312
2.9699561669121493,-1.368823122519448
2.9762284337238234,-1.3714354975060774
2.982508320368697,-1.3740292413145925
2.988795961044036,-1.3766045331783876
2.995090974063718,-1.3791616716709811
3.001393356192824,-1.3817004386086582
3.0077031868022592,-1.3842206133591715
3.0140203160953005,-1.3867224549613788
3.0203447225226543,-1.3892058562181668
3.0266763625880087,-1.3916707454991486
3.033015008112278,-1.3941166810006673
3.039361068090292,-1.3965415905924852
3.0457155474865667,-1.3989449482026863
3.0520780063994306,-1.4013279477751552
3.058447885586515,-1.4036905288311718
3.0648254518009224,-1.406032000636612
3.0712108044283113,-1.408352576994343
3.0776036042388526,-1.4106524905735012
3.08400379942202,-1.4129315698165323
3.0904114510423706,-1.415189578778222
3.096826416174454,-1.4174267412648578
3.103248668488331,-1.4196429519802487
3.1096778607910758,-1.4218377842927323
3.116114428623765,-1.4240090248982684
3.1225593158768237,-1.426156156875219
3.1290120416599247,-1.4282805469257098
3.1354720956768745,-1.4303819769372565
3.1419396958672174,-1.4324597376796646
3.148414881094254,-1.4345140695274459
3.1548974186798797,-1.4365452914431993
3.161387163767645,-1.438553118227939
3.167884176503496,-1.440537335826284
3.1743882791064664,-1.442498215444967
3.1808994198240024,-1.4444356948857806
3.187417274228254,-1.4463491463157538
3.193942114554705,-1.4482364993702532
3.200474860756463,-1.4500972297739478
3.207015004873912,-1.451932596993626
3.213562070244809,-1.4537424820764377
3.220116219403164,-1.4555260941714154
3.226677472384549,-1.457283803967782
3.233245624229997,-1.4590157205858907
3.239820483981007,-1.4607217007649804
3.2464020753571483,-1.4624015737608886
3.2529903151413277,-1.4640554685473173
3.2595847302904177,-1.4656829924742043
3.2661855070604324,-1.4672818378462669
3.2727935454408246,-1.4688513980733235
3.2794084839727535,-1.47039296168321
3.2860296913868474,-1.4719065103341002
3.2926573160548567,-1.4733913146363096
3.2992913489377838,-1.4748475619354124
3.3059315804060487,-1.4762755368840748
3.312577780741036,-1.4776749434413996
3.319229980337382,-1.4790456965089325
3.325888043543315,-1.4803879736851915
3.3325517588805953,-1.4817017506959886
3.3392207918237564,-1.482986372407601
3.345895157225383,-1.484239769287884
3.352575654452527,-1.4854613097196414
3.3592619822543357,-1.4866522136913674
3.3659534945973384,-1.4878125618557125
3.372650235315995,-1.488941580708551
3.379352314958814,-1.490039323935102
3.386059694495029,-1.49110652189601
3.3927720445594494,-1.492145399668399
3.3994884807785084,-1.4931561433413454
3.4062089526504966,-1.4941376914501783
3.412933842125783,-1.4950900011758106
3.4196625228355826,-1.4960133976066308
3.4263946566040673,-1.4969054879370027
3.433131224253026,-1.4977652382732498
3.439872049726426,-1.4985939349337256
3.446616318000497,-1.4993920671518008
3.4533641661863737,-1.5001585793874364
3.4601156541335447,-1.500893468008771
3.466870540918749,-1.5015973731626435
3.473628532207037,-1.5022698298496437
3.480389510761058,-1.5029109691229878
3.4871535000642013,-1.5035207249333824
3.493920233446166,-1.5040991361792098
3.5006892065776203,-1.5046456894881763
3.507460247131637,-1.5051584410311887
3.514234085032956,-1.5056364676373406
3.5210104387712056,-1.506081220382392
3.527788715236327,-1.5064925786317456
3.5345688542404363,-1.5068698670929626
3.5413509414235853,-1.507213310469075
3.548134663965135,-1.5075230370578059
3.5549197115414453,-1.5077991724441424
3.5617060813195796,-1.5080412763772921
3.568493619059468,-1.5082495649999892
3.575282100422431,-1.508424086326674
3.582071386552581,-1.5085647920038874
3.5888612641306423,-1.508671725023403
3.595651600698404,-1.508744827307709
3.6024422137808,-1.5087840916894986
3.6092329389676263,-1.508789530007914
3.6160236188420103,-1.5087611505995118
3.6228141100103137,-1.508699008790174
3.629604170708855,-1.5086031443074919
3.6363936716011476,-1.5084734348782562
3.643182446975805,-1.5083098770144887
3.6499703273855113,-1.5081125012727832
3.6567571601712787,-1.5078812558263073
3.6635427263876745,-1.507616395757904
3.6703265327936427,-1.5073171706351627
3.6771080160746625,-1.506981826068517
3.6838877793112896,-1.5066093782502088
3.690665777935931,-1.5062010950856437
3.6974413509817765,-1.505757185000692
3.7042143418560953,-1.505276924879732
3.7109848070386544,-1.5047604697536499
3.7177524664253414,-1.5042082788856062
3.724517014006733,-1.5036201018802016
3.731278713810763,-1.5029961226596387
3.738037893159437,-1.502338562023444
3.7447935892629296,-1.5016483849286701
3.751545420726642,-1.5009243002043084
3.758293334987599,-1.5001658318036513
3.765036644207991,-1.499371606159716
3.771775607026939,-1.498540656541547
3.7785103018774513,-1.4976738961431382
3.7852402336744753,-1.4967717476366893
3.7919651340105345,-1.4958335738957336
3.7986849831294243,-1.4948594489741023
3.8053996410803053,-1.4938497764048129
3.812108779577266,-1.4928044180951068
3.818812234961104,-1.4917232403851501
3.8255098783282024,-1.4906063760172021
3.832201488888312,-1.4894539235491837
3.8388868212650245,-1.48826590294555
3.8455657714889075,-1.4870423658745369
3.8522381202847056,-1.485783257925422
3.858903668582198,-1.484488610236867
3.8655622309413746,-1.4831584705891858
3.872213623434857,-1.4817928714081927
3.8788576207847383,-1.4803919100752412
3.885494105840906,-1.4789556745972345
3.8921228441245557,-1.4774840821575452
3.8987436423544057,-1.4759770858724173
3.9053563047063697,-1.4744350898415637
3.911960666558521,-1.472857778741458
3.918556543233222,-1.4712453290779213
3.9251437143366394,-1.4695978308713062
3.931722062646649,-1.4679153785373982
3.938291353619518,-1.4661978931381598
3.944851404792281,-1.4644454157692566
3.9514020372916274,-1.462658030553276
3.957943062107016,-1.4608357803055312
3.964474271743657,-1.4589787615675003
3.9709955421228886,-1.457087076964712
3.9775066409299913,-1.455160659139117
3.984007386215554,-1.4531995578237447
3.990497602405808,-1.4512038663209386
3.996977102660045,-1.4491736377101194
4.003445686701544,-1.4471089768765482
4.009903227235135,-1.4450099929921414
4.016349493255199,-1.4428766250332905
4.02278430444246,-1.440708926883491
4.029207487639875,-1.4385069945678715
4.035618845795801,-1.4362708420178951
4.042018222635315,-1.4340008040490348
4.04840537062582,-1.4316965249176425
4.054780206009688,-1.4293584285400673
4.061142494046881,-1.4269863903985816
4.067492056111327,-1.4245804732475806
4.073828721889939,-1.4221407805281738
4.080152308669318,-1.4196673759538327
4.086462628735487,-1.417160375589748
4.092759553709836,-1.4146199005331666
4.0990428524991245,-1.4120459022316112
4.105312349846106,-1.4094384462934493
4.111567880281311,-1.406797640160172
4.117809262929086,-1.4041235517620418
4.1240363144938765,-1.4014162999931246
4.130248907298004,-1.398676012006671
4.136446809741081,-1.3959026487276966
4.142629841388131,-1.3930962714517563
4.148797828946752,-1.390257023498974
4.154950624496177,-1.3873850481109202
4.161088027519887,-1.384480295770728
4.1672098760172025,-1.38154294694833
4.173316044980091,-1.3785731377464192
4.1794063018953365,-1.3755708331561742
4.1854804764680145,-1.3725361094405883
4.191538411413469,-1.3694690850324291
4.1975799311329105,-1.3663698391400203
4.203604863773822,-1.3632384987151716
4.209613086178828,-1.3600752006018662
4.215604366772383,-1.3568799178939968
4.22157853709248,-1.3536527353059384
4.227535443308763,-1.3503937796326329
4.233474913396236,-1.3471031413433339
4.239396781549048,-1.3437809588406533
4.245300927083317,-1.3404273800278212
4.251187119049288,-1.3370423888389662
4.257055192406129,-1.3336260771809207
4.262904997701602,-1.3301785754521405
4.268736388026094,-1.3267000731305856
4.274549120508554,-1.3231904689641698
4.280343133922455,-1.319650125088297
4.286118161891841,-1.3160788767612068
4.2918741077141656,-1.3124769372214298
4.297610785320706,-1.3088443824964986
4.303328104882969,-1.305181465045802
4.309025818095333,-1.3014880949858505
4.314703726597188,-1.297764318050797
4.320361799305045,-1.294010489881793
4.3259998082004305,-1.2902266184124913
4.331617539597701,-1.2864126215939047
4.337215007595426,-1.2825689989483917
4.342791862678859,-1.2786954609433552
4.348348079301073,-1.274792406327196
4.353883411468586,-1.2708597650714544
4.359397691774645,-1.266897652687241
4.364890894501795,-1.2629064193072435
4.3703627068147926,-1.2588858676851507
4.375813049610037,-1.2548362737158543
4.3812418006503036,-1.2507578102995938
4.386648702160899,-1.2466504309353714
4.392033611474354,-1.2425142815646122
4.3973964931055685,-1.2383496638885398
4.402737075276723,-1.2341564539233858
4.4080552586564306,-1.2299348625877764
4.413350864635665,-1.2256849734280877
4.418623861906839,-1.2214070995971034
4.423873992422374,-1.2171011937500151
4.429101099106362,-1.2127673473783207
4.434305017628929,-1.2084056810779042
4.439485784504602,-1.2040165646454875
4.444643018457162,-1.1995997615495124
4.449776752435717,-1.195155664882207
4.454886669928952,-1.1906841603340108
4.45997280035328,-1.1861856586501784
4.465034888689785,-1.1816600995761724
4.470072730494996,-1.1771075428267268
4.475086381107277,-1.1725283972998641
4.480075518281142,-1.167922530540596
4.4850400478479395,-1.1632901433714182
4.48997990011631,-1.158631503533624
4.494894800462314,-1.1539465427770292
4.499784742095597,-1.1492355890946289
4.504649461764584,-1.1444985741991343
4.509489513226967,-1.1397358848580144
4.514306307918587,-1.134948802200231
4.5190996956094835,-1.1301385709595229
4.523868604674779,-1.1253044549563362
4.528613263910296,-1.120446298356251
4.533333970429402,-1.1155647083708844
4.53802979903378,-1.1106598297540102
4.542698652533992,-1.1057301386465592
4.547340789311054,-1.100774911713642
4.55195699648145,-1.0957951092250418
4.556547236309409,-1.0907911808472224
4.561112808915698,-1.0857640305495226
4.565653694856708,-1.0807146286046083
4.570169281372774,-1.075642993832822
4.57465929110901,-1.070548550238739
4.579124005272587,-1.0654317365067414
4.583563365486488,-1.0602930472125547
4.587976888697919,-1.0551322000915688
4.592364568328592,-1.0499492759389857
4.596726596652504,-1.04474479131232
4.60106255571878,-1.039518611058367
4.6053723709301995,-1.0342708710601833
4.6096559833891515,-1.029001683439532
4.613913393263861,-1.023711320031697
4.618144412000538,-1.0183998437225852
4.6223488009567015,-1.013067235914385
4.626526706656375,-1.0077138681461755
4.630677878490655,-1.0023397331421433
4.634802138802766,-0.9969449022733629
4.638899578146067,-0.991529698273705
4.642970019513242,-0.9860941614195818
4.647013324602109,-0.9806383980548181
4.651029362636517,-0.9751625171786622
4.655018082621226,-0.969666663645628
4.658979453283003,-0.9641510967472187
4.662913324399223,-0.9586158722757293
4.666819564864321,-0.9530611017507525
4.670697976303018,-0.9474868528627083
4.6745487762202655,-0.9418935261285915
4.678371569823656,-0.9362810029931766
4.682166348824048,-0.930649501260521
4.6859330989309,-0.9249992353112032
4.689671545231003,-0.9193302046621986
4.693381810083409,-0.913642745063087
4.697063624467134,-0.9079367987665506
4.700717059448845,-0.9022126448919751
4.704341966531261,-0.8964703912258998
4.7079381631894135,-0.8907101046475117
4.711505557447878,-0.8849319122225887
4.715044274008278,-0.8791361514168797
4.718554066143491,-0.8733228072543777
4.722034820864614,-0.8674920160730556
4.725486434725632,-0.8616439333654754
4.728909038363081,-0.8557788379178359
4.7323023556999635,-0.8498967316292225
4.73566626404826,-0.8439977426458702
4.739000782448397,-0.8380821150460833
4.742305882863086,-0.8321499944695495
4.745581370796544,-0.826201460427356
4.748827087958238,-0.8202366189395407
4.752043160669487,-0.8142557780864266
4.75522942696145,-0.8082589886320936
4.758385765524745,-0.8022463870115776
4.761511989180936,-0.7962180640532033
4.764608321621917,-0.7901743698465243
4.767674500841078,-0.784115297179562
4.770710423162816,-0.7780409941880841
4.773715996988957,-0.7719516247420357
4.776691376612352,-0.7658474524584377
4.779636286649148,-0.7597285015709994
4.7825506128920345,-0.7535949100865946
4.785434389228091,-0.747446921955549
4.788287601637994,-0.7412846786561478
4.791110555260001,-0.7351081268575955
4.793905098044932,-0.7289179886191572
4.796671815037351,-0.7227156343834087
4.799409348802072,-0.7165006428428624
4.802117563274525,-0.7102726056658153
4.804797308578963,-0.7040321451414445
4.807448219101338,-0.6977795369746868
4.810069734122856,-0.691514586479245
4.812662360911997,-0.6852375679812208
4.8152258196392905,-0.6789485622093334
4.8177601918181585,-0.672647871475446
4.820265194997782,-0.6663354057867612
4.822740923191881,-0.6600113618981274
4.82518744723955,-0.6536759725327209
4.827604397460185,-0.6473292584678167
4.829992039485614,-0.6409714566764825
4.832350139164143,-0.63460262193748
4.83467859315069,-0.628222888452723
4.836977451143557,-0.6218324657666257
4.839246731620539,-0.6154314607722209
4.8414862736219995,-0.6090199852578656
4.843695951226012,-0.6025981494052202
4.845875936848343,-0.5961662095561481
4.848026106256389,-0.5897242072307932
4.850146370815751,-0.5832722921386025
4.852236575387549,-0.5768105650176661
4.854296981360769,-0.5703393064068969
4.8563273511872636,-0.5638585245727031
4.858327606409522,-0.557368374064958
4.860297682814306,-0.5508690156646334
4.862237763128029,-0.5443606416566789
4.864147595076841,-0.5378433131831376
4.86602709514263,-0.5313171676335158
4.867876334064887,-0.5247824208667926
4.869695333081228,-0.5182391704274475
4.871483844288971,-0.5116875051672692
4.8732420811171915,-0.5051276727176393
4.874969852264035,-0.49855974660487584
4.876667056398464,-0.4919838650265214
4.87833390776403,-0.4854002259552568
4.879970108597602,-0.47880890536984083
4.881575811941414,-0.47221012686444735
4.883150845730356,-0.4656039380773075
4.884695275299558,-0.45899050181895207
4.886209101996482,-0.45237001412374345
4.887692164808765,-0.4457425718393239
4.889144497386538,-0.4391083056881102
4.890565932763426,-0.4324673464752871
4.891956664648636,-0.4258199358002764
4.893316576490959,-0.41916611393251413
4.89464559229189,-0.41250605148120706
4.895943573698982,-0.40583986703703995
4.897210813577891,-0.3991678116905875
4.898447088015323,-0.3924899079306244
4.899652340344486,-0.38580632790896574
4.90082653222033,-0.37911724340582365
4.9019698790218005,-0.37242280615387746
4.90308213984915,-0.36572311390492523
4.904163247164462,-0.3590183152282447
4.905213290781151,-0.3523086237109721
4.906232305550853,-0.3455941114288723
4.907220137480361,-0.33887493706747746
4.90817668404141,-0.332151232878454
4.909102209543436,-0.32542321984221007
4.9099964277873935,-0.3186909599940595
4.910859409546949,-0.3119546227158436
4.911691154721064,-0.30521433646808255
4.912492066965122,-0.2984700452743956
4.913264319606448,-0.29172176201060596
4.9140083681584885,-0.28497053754287976
4.91472323517888,-0.2782164701416888
4.915408648963277,-0.27145915510272844
4.916064892758333,-0.2646991680490366
4.916689752832339,-0.25793695640719916
4.9172820985706664,-0.2511716279997933
4.917843796327287,-0.24440292859709714
4.918377269712779,-0.23763155945200004
4.918882252860999,-0.2308583743672529
4.919357541460618,-0.22408318306688532
4.919803514254202,-0.21730575512579597
4.920220738457243,-0.21052647220806953
4.92060899816889,-0.20374557943329036
4.920967728914953,-0.19696309471387538
4.921297606441923,-0.19017906187855466
4.921598298293808,-0.18339373328843603
4.921869828288286,-0.1766071748537181
4.922112257684274,-0.16981947313525142
4.922325612291783,-0.1630308101797635
4.922509765788185,-0.15624130202417866
4.92266474139547,-0.1494510636036846
4.922790552313969,-0.1426602094825375
4.922887206663606,-0.1358688552923215
4.922954778683174,-0.12907714777705737
4.922993167235506,-0.12228526629681323
4.9230024222527815,-0.11549325070842623
4.9229824103839155,-0.10870130381610472
4.922933272496889,-0.10190945750559384
4.9228550603690024,-0.09511791306914108
4.922747662694389,-0.08832676399796482
4.92261107739014,-0.08153613341666996
4.922445335189178,-0.07474614658194977
4.922250435529632,-0.06795692408064023
4.922026415554756,-0.06116857891152748
4.921773325800271,-0.054381275523439146
4.92149106698287,-0.04759511963914946
4.921179628397988,-0.04081024242803151
4.920839129197521,-0.034026762237290724
4.920469414840838,-0.027244835836257718
4.920070713090356,-0.020464547044734993
4.919642834498708,-0.013686040308419944
4.919185856940802,-0.006909425806943076
4.91869978515088,-0.00013482849700976806
4.918184620966168,0.006637624690905431
4.917640467070507,0.013407808132986723
4.91706728154831,0.020175596198178134
4.916464975582405,0.026940863815992925
4.91583354878547,0.033703478179468956
4.915173301102044,0.04046330954781983
4.914483849505117,0.047220238936031854
4.913765554672014,0.05397413053518888
4.913018179131546,0.060724885266783823
4.912241822325553,0.06747237740267233
4.911436496251344,0.07421647865531586
4.910602250142044,0.08095704821825112
4.909739148957303,0.08769399712810787
4.9088471064875705,0.09442717918366761
4.907926134614742,0.10115647389485749
4.906976278650268,0.10788176078787247
4.905997568921781,0.1146028862674332
4.904990071244798,0.12131975578552054
4.903953646042634,0.1280322128199013
4.9028885369709885,0.13474017049837755
4.901794549995535,0.14144349644466817
4.900671774749107,0.14814205005998457
4.899520326573364,0.15483572728363335
4.898340176344521,0.1615244207343805
4.897131249551926,0.16820798312988258
4.895893639080483,0.17488630186301077
4.89462736640541,0.18155925405147255
4.89333243891818,0.1882266753762287
4.892009042621864,0.19488850740972813
4.890656963263064,0.2015445530990088
4.889276379513226,0.208194748620066
4.887867205995014,0.21483895421422852
4.886429542907347,0.22147701809433132
4.884963463103863,0.22810889306759613
4.883468887937408,0.2347344111724864
4.881945838592781,0.24135345428980523
4.880394372328696,0.24796590563361548
4.878814514351049,0.25457164173413505
4.877206328823923,0.26117050109292056
4.8755698972025705,0.26776244322923565
4.873905146399787,0.27434729354341125
4.872212124467985,0.28092490499377304
4.870490897783867,0.2874951945640429
4.868741467246327,0.29405799659359694
4.866963976152502,0.30061326420143597
4.865158294871076,0.3071608299609341
4.86332452058022,0.31370059003180356
4.861462678851865,0.3202324241251814
4.859572793451213,0.32675619692245683
4.857654987609604,0.3332718004580036
4.855709518654825,0.339779577473431
4.853737969348995,0.34627979716532725
4.851739492284242,0.3527709166928435
4.849712096300084,0.35925296795069106
4.847656501888726,0.3657266276518394
4.845574003832524,0.3721915915725189
4.8434636521361005,0.3786472703987198
4.8413252144375,0.3850938137989838
4.839159231212965,0.3915312747838895
4.836966093009041,0.3979597824887911
4.83474750435589,0.40438017359568634
4.8325044337279275,0.410791890296004
4.830235896232817,0.41719434928005017
4.827941597547821,0.4235878044703966
4.825622343363223,0.4299723204893608
4.823277992655999,0.43634755448381346
4.820908406290499,0.4427133987635785
4.818513510932476,0.449069843186356
4.816093740103372,0.4554168674079466
4.813648660694468,0.46175378069279066
4.8111763733306425,0.4680795031923901
4.808676047900743,0.47439441289981543
4.806149047160127,0.48069938688794905
4.803597489629794,0.48699492362257507
4.801021980739833,0.4932803211093319
4.7984212336045236,0.4995551570322263
4.795795346234906,0.5058197621518968
4.793145061138347,0.5120741305555243
4.790470259217102,0.5183178820553785
4.787770593694866,0.5245509604113509
4.785046216586925,0.53077336690436
4.782297528507267,0.5369850366390209
4.779524214769506,0.5431857366113203
4.77672636664761,0.549375440465593
4.773904174933037,0.5555540724129144
4.771057499716773,0.5617214516068558
4.768186446934873,0.567877083940731
4.765289184629664,0.574020143102132
4.7623667287940386,0.5801521714850018
4.759421170695851,0.5862732164311284
4.756451747480377,0.5923821936255169
4.753457525370401,0.5984791495139589
4.750439231590473,0.6045645050497697
4.7473973242756005,0.6106379610979052
4.744331414858164,0.6166992277931125
4.7412413692288045,0.6227483284015852
4.738127445687429,0.6287852111658743
4.734989947290582,0.6348097879777002
4.731828490794407,0.6408218209489474
4.728643370408287,0.6468213873094059
4.725434563739203,0.6528083236579085
4.722202135895067,0.6587825277376956
4.7189461069474845,0.6647439164876878
4.7156665527565735,0.6706924037202963
4.712363611868534,0.6766279201823384
4.709037277536654,0.682550361375688
4.705687446414076,0.6884595472657378
4.702314484418563,0.6943555153992673
4.698918125183063,0.70023804447846
4.695498659498772,0.7061071715113119
4.6920560087231,0.7119627372376507
4.688590222706863,0.7178046512299179
4.685101377273062,0.7236328343485772
4.681589522924156,0.729447193238279
4.678054740632694,0.7352476352160523
4.674497137258688,0.7410341172039895
4.6709166613685715,0.7468064703154814
4.6673134410069945,0.7525646359083112
4.663687506271554,0.758308512097677
4.660038894125421,0.7640380052546123
4.656367761485967,0.7697530915455004
4.652674028307189,0.7754536049432349
4.648957805546233,0.7811394904953299
4.645219146027297,0.7868106576073784
4.641458098270747,0.7924670067034536
4.637674795378372,0.7981084906365682
4.63386924777327,0.8037349872012013
4.6300414557323135,0.8093463736147534
4.626191594644534,0.8149426173089045
4.622319572340005,0.8205235595833344
4.618425636261929,0.8260892312085555
4.614509722661406,0.8316394667671718
4.61057188957679,0.8371741821579273
4.60661222163123,0.8426933063599704
4.6026307765509085,0.8481967496769033
4.598627637012741,0.8536844275998303
4.59460291475404,0.8591563006092884
4.590556569798167,0.8646121961882527
4.586488753066711,0.8700520747294075
4.582399400437804,0.8754757921965333
4.578288723584539,0.8808833456056416
4.574156755438592,0.886274657249597
4.570003467586721,0.8916495729177532
4.565828976254741,0.897008046324087
4.561633343953037,0.9023499921715896
4.55741662864616,0.907675317321561
4.553178968155373,0.9129839865834481
4.548920387097539,0.9182758759489823
4.544640891342453,0.9235508690255178
4.540340662068254,0.928808942669703
4.536019615172201,0.9340499344749458
4.5316779961201465,0.9392738909838729
4.527315752523223,0.9444806420476255
4.522932948293611,0.9496701080420624
4.518529673131994,0.9548422254957297
4.514105991639829,0.9599969107924
4.50966199112402,0.9651340898264461
4.5051977914132175,0.9702537283502146
4.50071334709771,0.9753556268972494
4.496208874991909,0.980439825203657
4.491684252225956,0.9855061024689886
4.487139734113836,0.9905545366200367
4.482575334721856,0.9955850067524358
4.477991048450243,1.0005973720102506
4.473386993938316,1.0055915956251427
4.4687632399046855,1.010567597048717
4.464119850013177,1.0155252881974948
4.45945696398193,1.020464644306245
4.454774619936518,1.025385540012005
4.450072829305562,1.0302878654826155
4.4453517794273445,1.0351716093319367
4.440611396677344,1.040036608198833
4.435851925434843,1.0448829268009807
4.431073327064932,1.0497103925070819
4.426275672271147,1.054518930727353
4.421459055661407,1.05930848473024
4.416623547935697,1.0640789760525442
4.411769239046912,1.0688303398925085
4.406896282460847,1.07356255797781
4.402004569792509,1.0782753922839394
4.397094380740917,1.082968943894941
4.392165595751859,1.0876429622713721
4.38721845799693,1.092297549883891
4.382252995119945,1.096932583828792
4.3772692131829825,1.1015479262751178
4.372267235122552,1.1061435521805867
4.367247136911708,1.1107193886004416
4.362208988519761,1.1152753558223445
4.3571529315607505,1.1198114416077947
4.352079017652823,1.1243275203546967
4.346987261648743,1.1288234864623814
4.341877854646154,1.1332993380675962
4.3367507317040515,1.137754908223517
4.331606132728054,1.1421902770162602
4.326444031475276,1.146605269112464
4.321264504241074,1.1509998151764627
4.316067650147947,1.1553738663331266
4.310853546590181,1.159727350993791
4.305622287441934,1.1640602158774236
4.300374033059045,1.1683724531456874
4.295108686841218,1.17266381087545
4.289826551002259,1.1769344334480178
4.284527489393222,1.181184063221473
4.279211748751368,1.185412812859525
4.273879370436311,1.1896205637454544
4.268530369214542,1.1938071779666959
4.2631648681004295,1.1979726377410402
4.257782948038304,1.2021168735648864
4.2523846830515994,1.2062398093525972
4.246970214005492,1.2103414416942344
4.241539611756469,1.2144216646016497
4.236092872717362,1.2184803257481518
4.2306302075729905,1.2225174616834218
4.225151595319465,1.2265329615346288
4.219657222929682,1.230526859297304
4.214147099004663,1.2344990046887037
4.2086213056694,1.2384493364660358
4.203079945740223,1.2423778165396437
4.197523102852375,1.2462843821983458
4.191950872108735,1.2501689896047816
4.1863634172724815,1.2540316377108591
4.18076065851275,1.2578720669054824
4.175142886153993,1.2616904394258939
4.169509983394065,1.2654864831396417
4.163862184087857,1.2692603281058017
4.158199542515856,1.2730118545070919
4.1525220836594094,1.2767409279432185
4.146829932406918,1.2804475434038494
4.1411231761894145,1.2841316423319593
4.135401894874603,1.2877931610351898
4.129666230037121,1.2914321126413921
4.123916261347798,1.2950483786336102
4.118152054276082,1.2986419094553592
4.11237367453754,1.3022125776657678
4.106581230505182,1.305760423433748
4.1007748745598285,1.309285443533766
4.094954623351026,1.3127874861381545
4.08912056287248,1.316266491815847
4.083272798663843,1.3197224249682578
4.0774114185013905,1.3231552243149787
4.07153651776517,1.3265648531150738
4.065648264920322,1.3299513199497786
4.0597465996343,1.3333143652966195
4.053831800166353,1.3366541778877785
4.04790377210339,1.3399704842582152
4.041962736132197,1.3432634410476159
4.036008760733915,1.3465329349286603
4.030041880746592,1.3497788382132334
4.024062221136,1.3530011572730074
4.01806987372929,1.3561998404684477
4.012064921539336,1.359374829660151
4.006047503775607,1.362526145213479
4.000017713066782,1.3656536666142258
3.9939756130867727,1.3687573470988237
3.9879212817164094,1.3718370401174211
3.9818548319660976,1.374892838157625
3.9757764015600183,1.3779247061186142
3.9696860274237453,1.3809325108793569
3.963583800033749,1.3839162046879425
3.957469827518522,1.3868757678533008
3.951344202787053,1.3898111538621876
3.9452070213787693,1.392722341210448
3.9390584556963057,1.3956093514497248
3.9328984636525024,1.398471924995444
3.926727307078016,1.401310245517572
3.920544924381388,1.4041241037820076
3.9143515022345587,1.406913600530841
3.908147130887367,1.4096786433509352
3.901931694981857,1.4124195943405413
3.895705904476152,1.4151384895737766
3.889470916293073,1.417835700017052
3.8832263502968156,1.4205099705391426
3.8769719315285687,1.4231614641726347
3.87070797099576,1.4257906519075303
3.8644349212001923,1.428396783852413
3.858152078018152,1.430977557366748
3.851858419128216,1.4335326836708127
3.845554485515205,1.4360640125670896
3.8392413165710906,1.43857326460429
3.8329196285839324,1.4410601484991852
3.8265889618272038,1.4435237338791211
3.820249158797505,1.4459643151441062
3.813900759703192,1.4483824482731966
3.8075437865769852,1.4507776114047795
3.8011781393052364,1.4531496106443451
3.7948039197323835,1.4554986901996085
3.788421307047332,1.457824833305076
3.782030373941385,1.4601279546749795
3.7756311617395073,1.462407998448801
3.7692237414952205,1.464664923079402
3.7628082238156013,1.46689867278232
3.756384752880377,1.4691093859845703
3.749953287119725,1.4712968047433213
3.743514049488899,1.4734611398970705
3.737067013414586,1.475602172403631
3.730612287331898,1.4777199376508576
3.7241499548364234,1.4798144111016636
3.7176800916899566,1.481885583992634
3.7112028374647137,1.4839334702770945
3.704718227259383,1.4859579582390212
3.6982263499750445,1.4879589737111836
3.6917273165709883,1.4899366792915207
3.685221199660147,1.4918908206661048
3.6787080774527254,1.4938215744563035
3.672188047893414,1.4957287225817677
3.665661157108496,1.497612390742367
3.659127550293841,1.4994725714175776
3.652587267147504,1.5013091568491062
3.646040389463557,1.5031221215371526
3.639487009741911,1.5049114651840294
3.63292721028454,1.5066771602938067
3.6263610610819854,1.5084192042664974
3.6197887078609963,1.5101376199938004
3.613210201698295,1.511832290576601
3.6066256099447758,1.5135032053692126
3.600035081313861,1.5151503273315543
3.5934386456357723,1.5167737760708777
3.586836407230055,1.5183733303145153
3.5802284312967867,1.5199490762289996
3.573614788400939,1.5215009981737297
3.5669956275105457,1.5230291237040605
3.5603709900167795,1.524533345837089
3.553740958391748,1.5260136434002016
3.547105625701817,1.5274700213861883
3.5404650756204625,1.5289024559527382
3.5338194043752553,1.5303110235899946
3.527168713529699,1.5316954604491042
3.5205131039601314,1.5330560595056189
3.513852591907451,1.5343925265635774
3.5071873641420366,1.535705080672595
3.5005174174670604,1.536993519641346
3.49384286170993,1.538257896923841
3.4871637812959926,1.5394981932181173
3.48048023876389,1.5407144146828813
3.473792389504821,1.541906592275328
3.4671002769348442,1.543074622066391
3.4604039848646453,1.5442184859616122
3.4537036206277865,1.5453381775676833
3.4469992514203227,1.546433770996305
3.440290979197406,1.5475050961958579
3.4335789474252545,1.5485522871730029
3.4268631271805097,1.5495751788016507
3.420143698600772,1.55057394443436
3.413420704545574,1.5515484428343915
3.4066942296684313,1.5524986618531724
3.3999643667938475,1.5534246159976628
3.3932312008060275,1.5543262913375875
3.3864947854534284,1.5552037011947584
3.3797552882016526,1.5560568825519823
3.3730127519886146,1.556885735225861
3.366267276357671,1.5576902343064782
3.3595189292538628,1.5584704548470993
3.3527678179390934,1.5592262183453196
3.3460141021402383,1.5599577797938124
3.339257756014566,1.5606648811003516
3.3324988571417014,1.5613476286467678
3.325737277269327,1.5620064699284517
3.318972980294311,1.5626434264818323
3.3122069318651173,1.563259198577726
3.305439165381169,1.5638525461114987
3.2986692553466637,1.5644233370034994
3.2918974586205954,1.5649724752839032
3.2851240451503068,1.565499632044067
3.27834899568959,1.566004437002677
3.2715722347270746,1.5664871076403626
3.264793922092662,1.5669477824197047
3.25801417556239,1.5673863946962847
3.251233037947699,1.5678028398283994
3.2444505484857844,1.5681971170817675
3.237666812062804,1.5685692401745928
3.2308819595321157,1.5689193025971278
3.2240959595416427,1.5692471556805085
3.2173089414732714,1.5695528859914754
3.2105209607399483,1.5698364407623142
3.203732085230962,1.5700978297924753
3.1969423802239727,1.5703370582153686
3.1901518921682617,1.5705541514930017
3.1833607621292836,1.5707491525702708
3.1765690623969562,1.5709219233449032
3.1697768094092926,1.571072634285057
3.162984124486271,1.5712010713401916
3.156191040518315,1.5713074393103355
3.1493976544313202,1.571391668244346
3.1426040231178094,1.5714536753699637
3.1358102193677957,1.5714935077223466
3.129016315691206,1.571511139388061
3.122222389655921,1.5715066869784922
3.1154285342925014,1.5714799392899248
3.1086348153263157,1.571431144010961
3.1018412863322014,1.5713600983471034
3.095048012341467,1.5712668834954866
3.088255060689231,1.571151520396195
3.081462531305951,1.5710140617671173
3.0746704835237266,1.5708544280811083
3.0678789957596773,1.5706725772116736
3.0610881499505918,1.5704686825205252
3.054298000976966,1.570242520649363
3.047508642764451,1.5699943627792328
3.0407201217153093,1.5697239638965328
3.03393251108282,1.5694314099393738
3.0271458831623095,1.5691166975524462
3.020360307613566,1.5687798198871818
3.0135758727179995,1.568420900373067
3.0067926567033743,1.5680397265069197
3.0000107209673623,1.567636502969783
2.993230153691593,1.5672110605543197
2.986450999260037,1.5667635400095017
2.979673333548876,1.5662939704742518
2.97289723272721,1.5658022771830167
2.9661227651934072,1.5652884635291844
2.9593500144194014,1.5647525054400928
2.9525790567219383,1.5641946084282097
2.94580996085823,1.5636144770553577
2.939042802435899,1.5630124120778297
2.932277635623226,1.5623881819329337
2.9255145325955523,1.561741867963395
2.9187535789788623,1.5610734674535547
2.91199483073559,1.5603830576276836
2.9052379777699695,1.5596709651831215
2.8984826074862,1.5589391294579722
2.891729543201631,1.5581886486794931
2.8849790304366305,1.5574180691709982
2.878230657909085,1.5566274357519563
2.871484468445347,1.555817320547866
2.864740790839009,1.5549877044110376
2.8579996069510507,1.554138269693901
2.851260843467958,1.5532691328918569
2.8445246322133695,1.5523803991865495
2.8377910787488028,1.5514720025287336
2.8310602177695303,1.5505438489878658
2.824332065335653,1.5495961373651825
2.8176067503524598,1.5486288045105125
2.8108842852109412,1.5476417391320818
2.8041647493284394,1.5466350858218618
2.7974481480276414,1.5456088611307999
2.790734574682182,1.5445629830994836
2.784024074543625,1.5434974997877988
2.7773167001704056,1.5424124293088848
2.7706125344571357,1.5413077803507949
2.7639116127645402,1.5401836217186033
2.7572139908299875,1.5390399328306337
2.750519757772745,1.5378766344409163
2.7438289395815647,1.5366938504374046
2.7371416509897557,1.5354915644941622
2.730457876507013,1.5342697134561103
2.7237776867812538,1.5330283472528208
2.7171011612997837,1.531767462424036
2.710428338358639,1.5304871311578854
2.7037592583720285,1.529187339260538
2.6970940015004214,1.527868029143553
2.690432647627235,1.5265292236743173
2.683775216186203,1.5251710752206369
2.677121806870745,1.5237934592430122
2.6704724313170116,1.522396431530179
2.6638271825612914,1.5209799769263797
2.65718609528872,1.5195441922533635
2.6505492000618514,1.5180890570695835
2.643916582715897,1.5166145104944866
2.6372882885128157,1.5151206068308518
2.630664373278876,1.5136073528297282
2.62404491089996,1.5120747496998257
2.6174299573509447,1.51052290900891
2.6108195811519606,1.508951674519125
2.604213806488028,1.5073611958704183
2.5976127317781956,1.5057514450360896
2.5910163703917117,1.5041223932972327
2.5844247829198257,1.5024740908603944
2.5778380242162724,1.500806550750081
2.5712561669106044,1.4991197806739638
2.564679266838242,1.4974138583422405
2.558107349548255,1.4956887728504284
2.5515405261913164,1.493944447920964
2.5449783799382617,1.4921813128227142
2.5384202032374734,1.4904011822978465
2.531866553228591,1.4886052534623333
2.525317920647533,1.4867921499484686
2.5187739288146678,1.484961677914655
2.512234486769597,1.4831146509023259
2.505699870233859,1.4812510020673966
2.499170166908918,1.4793702870344383
2.4926452600287297,1.4774726385325314
2.4861252576432333,1.4755584258999033
2.479610268133044,1.4736273739512884
2.4731002625249863,1.4716794869643786
2.4665952863439924,1.4697148231758201
2.4600954040596474,1.4677334963025965
2.4536006241387907,1.465735441900156
2.447111013067204,1.4637206073995375
2.440626597424648,1.4616890724251572
2.4341474300297943,1.4596408398841219
2.427673597713528,1.4575758857995356
2.421205058117896,1.4554943552321735
2.414741947467822,1.4533961364071368
2.4082842912333673,1.4512811946908484
2.401832068718782,1.44914974868506
2.3953853698504743,1.447001594641441
2.3889442587996443,1.4448368567246919
2.3825086969260565,1.4426555832854402
2.3760787753380943,1.440457722450869
2.369654533123677,1.4382432876102513
2.363236006245323,1.4360123107204688
2.356823240061159,1.4337648029870682
2.350416309465479,1.4315007864572293
2.344015185874434,1.4292203243727135
2.3376199630286125,1.4269233364365084
2.3312307277384203,1.4246099396719472
2.3248474727096307,1.422280050961632
2.3184702266769808,1.4199337207459353
2.3120990940858617,1.417570989806548
2.305734019381047,1.4151918865476825
2.2993751009519015,1.412796352532396
2.2930223642043583,1.4103844437043036
2.286675850752612,1.4079561747477858
2.2803356177472085,1.405511552745164
2.2740016981290756,1.4030506477918014
2.267674119328584,1.4005734451687293
2.2613529882378587,1.3980799715539196
2.2550382915027747,1.3955701518023194
2.2487300940128865,1.3930441837868295
2.2424284105009784,1.3905019159331946
2.236133286805409,1.3879434181793107
2.2298443251729636,1.3853689097723536
2.2235604794366313,1.382780330754646
2.2172822349233487,1.3801787095652185
2.2110102374599063,1.3775628050123163
2.204744099145442,1.374932531904125
2.198483642173049,1.3722884657101784
2.19222916484024,1.369630616482119
2.1859807287850512,1.3669586379643086
2.1797382214297127,1.3642726271516747
2.173501673107916,1.3615728378388823
2.1672711822193698,1.3588591627177595
2.161046788895385,1.3561314792052506
2.154828499349339,1.3533898841424004
2.148616317666263,1.3506345279964835
2.142410358484434,1.34786526178283
2.136210583672861,1.3450821355790397
2.1300170362655715,1.3422851625049095
2.1238297477776205,1.3394744031743775
2.1176487241725583,1.336649849235554
2.11147402793694,1.333811464795423
2.1053056731511743,1.3309593029731979
2.0991436889775557,1.3280933636460042
2.0929881526701037,1.3252137237766914
2.086839062174641,1.3223203195293391
2.0806964391968754,1.3194132009230448
2.07456035839901,1.316492382487806
2.0684307679415186,1.3135579042401322
2.0623077525695765,1.3106097134415344
2.0561913250098303,1.3076478565999958
2.0500815152837424,1.3046723465633092
2.0439783741343134,1.3016832171118464
2.0378819128305348,1.2986804641996466
2.0317922036861407,1.2956641510045637
2.0257092633213736,1.2926341789512497
2.019633052003641,1.2895907402652642
2.0135636695474792,1.2865336866957053
2.007501116917042,1.283463088088157
2.0014454239394133,1.280378958487336
1.995396635279035,1.2772813021929008
1.9893547672791128,1.2741701778555419
1.9833198414752495,1.271045592703133
1.9772919334869243,1.2679075355546923
1.9712710653146612,1.2647559836900748
1.9652567604026498,1.261591266296725
1.959247864051405,1.2584149573141894
1.9532446698877857,1.2552283255158605
1.9472479191368355,1.252030187763593
1.941257261929579,1.248820229261707
1.9352724333389952,1.2455991562756976
1.9292937272069877,1.2423669935721908
1.9233212768521195,1.2391233677249331
1.9173548767031725,1.2358684487484792
1.911394619146493,1.2326023347979698
1.9054405785211144,1.2293249921596314
1.8994927851024233,1.2260363703802963
1.893551171078265,1.222736499054133
1.8876157876943074,1.219425435780138
1.8816866800335141,1.2161031435856964
1.875763875294548,1.2127696276015074
1.8698473395862774,1.2094249973818227
1.8639371633627566,1.2060691670900072
1.858033330975169,1.2027021871118626
1.8521358930420917,1.1993240504276654
1.8462448331487706,1.195934802300147
1.8403601812210209,1.1925344149687467
1.8344819566744213,1.189122907944596
1.8286102028259303,1.1857002917975177
1.8227448810155655,1.1822666310186367
1.8168860636596362,1.1788218863131168
1.8110337836402703,1.1753660615873889
1.8051880348682015,1.1718992038923453
1.7993488721832651,1.1684213303806086
1.7935162824797646,1.1649324082440529
1.787690284393248,1.1614324679118255
1.781870924513199,1.1579215145159614
1.7760581630893182,1.1543996145024589
1.770252066922678,1.1508667278538955
1.7644526941248757,1.1473228355796388
1.758659985119056,1.1437680886273374
1.7528740456526661,1.1402023462694966
1.7470948322101787,1.1366257309980037
1.7413223862900369,1.1330381747903835
1.7355567436560226,1.1294397073498041
1.729797864287975,1.1258303950089998
1.7240458153186415,1.1222101968379794
1.718300614088383,1.1185791222205241
1.7125623059542363,1.114937163459903
1.7068308478330199,1.1112844611341406
1.7011058385167608,1.1076210498264087
1.6953859223094285,1.1039485591664275
1.6896713345722822,1.1002682106469985
1.6839628645968283,1.0965788872753879
1.678260176096962,1.0928802655611223
1.6725629592779903,1.0891730036064868
1.666871485559682,1.0854571780976
1.661185871377889,1.0817324234130399
1.655505987380204,1.077998776743341
1.6498318169075028,1.0742564404697226
1.6441634854385938,1.070505415100981
1.638501003832658,1.0667455386469138
1.6328443077618662,1.062976941193921
1.6271934500344034,1.0591996406191238
1.6215484496315695,1.0554135851514224
1.6159092973321942,1.0516187870856961
1.6102760008094825,1.0478152781246266
1.6046486116444527,1.0440030530153646
1.5990270822597556,1.0401821639949431
1.5934114685723229,1.0363525848170523
1.5878017990651474,1.0325143183108494
1.582198058920675,1.028667414282138
1.5766003088967857,1.0248118612602135
1.571008539213708,1.0209476201289136
1.5654226995274119,1.0170748176834927
1.5598428706039706,1.0131933452517514
1.5542690375623076,1.009303247716273
1.548701213385043,1.005404534656647
1.5431394271930434,1.0014972016923516
1.537583681474211,0.9975812840749938
1.532033965209446,0.9936568025598765
1.5264903457238457,0.9897237186599286
1.5209528197554452,0.9857821175503955
1.5154214010927687,0.981831946794915
1.5098961041132544,0.9778732246778946
1.5043769354540912,0.9739059946492683
1.4988638842835305,0.9699302398015757
1.4933569815539431,0.965945957564117
1.4878562326954397,0.9619531661874323
1.482361654073898,0.9579518713509798
1.476873283894522,0.9539420690750253
1.4713910820497833,0.9499238537955665
1.4659151357591387,0.9458971456017345
1.4604454400795617,0.9418619540033071
1.4549819519776634,0.9378183723619229
1.4495247296418483,0.933766316351744
1.4440737666651502,0.9297058248488904
1.4386290789416227,0.9256369053443813
1.4331907037171074,0.9215595551226682
1.42775860102122,0.9174738709375375
1.4223323481302463,0.913379875314501
1.4169104433739004,0.9092790959088495
1.4114930597717363,0.9051727331906096
1.4060810382872264,0.9010597599312535
1.400674073441171,0.8969398091327047
1.395271791209597,0.8928135175682775
1.3898744910358387,0.8886809327847139
1.384482271588421,0.8845417720619376
1.3790950339644543,0.8803960120557774
1.373712706224468,0.8762439062611145
1.368335429882348,0.8720853461789462
1.3629631792701693,0.8679202574357348
1.3575959004918186,0.863748711233211
1.3522336238951878,0.8595707400179697
1.3468764157315805,0.8553862883779727
1.3415241975758152,0.8511954358384756
1.3361770551094592,0.8469981172348329
1.330834929461549,0.8427944495001244
1.325497913032639,0.8385843080063493
1.3201659388805427,0.8343677829480989
1.3148390280683862,0.83014483946118
1.3095171927198932,0.8259154869698746
1.30420047139444,0.8216797083501934
1.2988887995256355,0.8174375757769996
1.2935822320251975,0.8131890736210208
1.2882808249815485,0.8089341809278396
1.2829845474161763,0.8046728884736831
1.277693356013351,0.8004053010283201
1.272407307664162,0.7961313215782051
1.267126394402485,0.7918509826123395
1.2618506542893095,0.7875642705683146
1.2565800241360425,0.783271256745119
1.2513145556525649,0.7789719207459832
1.246054296028865,0.7746662422781958
1.240799212644013,0.7703542513264464
1.2355493172338856,0.766035971450462
1.2303046115420337,0.7617113687801529
1.2250650989664347,0.7573804584166353
1.2198308208262887,0.7530432227150953
1.2146017145685262,0.7486997325913044
1.2093778369102048,0.7443499593583934
1.2041592143928286,0.7399938882702578
1.1989458112329037,0.7356315891575939
1.1937377006786796,0.7312630013696589
1.1885348227542978,0.7268881710837166
1.1833371987964334,0.7225070801578339
1.1781448677568631,0.7181197163595844
1.1729577672278746,0.7137261516269349
1.1677759513596133,0.7093263479337097
1.162599462109348,0.7049202923172067
1.1574282320002234,0.7005080909696009
1.1522618378366607,0.6960897106723729
1.1470986759748865,0.6916666136189908
1.1419388344974206,0.6872399472111317
1.1367832511652258,0.6828087659461272
1.1316315765243168,0.6783727313302558
1.1264834436067885,0.673932419587013
1.1213391347607076,0.6694878853802294
1.116198777738979,0.6650388449847294
1.1110622606013258,0.6605852730346914
1.1059294655117091,0.6561274082783627
1.1008005289090668,0.6516651509922975
1.0956754922176444,0.6471983946708686
1.0905542144511629,0.6427272783163381
1.0854367667838893,0.6382517901308268
1.0803231785475138,0.6337719033225289
1.0752134653303094,0.6292875926083753
1.0701076142566477,0.6247989006920102
1.0650055866243417,0.6203059031047384
1.0599074707851805,0.6158084513193655
1.0548131890704038,0.611306668555595
1.0497227725329998,0.6068004971390911
1.0446362194385812,0.602289951900534
1.03955354862747,0.5977750168769084
1.034474761135056,0.5932557018314718
1.0293998218592877,0.588732057197616
1.0243287857595536,0.5842040648886272
1.0192616531704886,0.579671719093977
1.0141984225099736,0.5751350177704458
1.0091390879681215,0.5705940023416333
1.0040836657419583,0.5660486181619678
0.9990321266596344,0.5614989136631613
0.9939844916995485,0.5569448649653087
0.9889407598070459,0.5523864792297176
0.9839009375367118,0.5478237568688019
0.9788650630319848,0.5432566625869248
0.9738330719518469,0.5386853294624397
0.9688050500461018,0.5341096331420735
0.9637809677680954,0.5295296200547897
0.9587607914348514,0.5249453384329579
0.9537445566960427,0.5203567273136062
0.9487322531519611,0.5157638079843198
0.9437238873909889,0.5111665810929618
0.9387194943569867,0.5065650446470056
0.9337190379260231,0.5019592327393453
0.928722551095486,0.49734914031750305
0.923730042746154,0.49273472946659613
0.9187414655622682,0.4881160853079313
0.9137568600491847,0.4834931384886037
0.9087762161239905,0.4788659091956689
0.9037995406772983,0.4742343980505953
0.8988268720511866,0.4695985681685835
0.8938581424029733,0.46495854028399336
0.8888934341986084,0.4603142101049679
0.883932696306263,0.4556656734375916
0.878975989357083,0.4510128368536638
0.8740232617525803,0.44635578173826607
0.8690745499365996,0.44169443896316185
0.8641292922159416,0.437028923833537
0.8591858916445595,0.4323605368697
0.854244382992393,0.4276904415192027
0.8493057040772096,0.42301776580469364
0.8443696386244485,0.4183420367265757
0.8394356481721078,0.41366399015298083
0.8345040945036587,0.4089835724327477
0.8295751292133059,0.40430048468408936
0.824648517513144,0.3996148351716748
0.8197242829342993,0.3949266792292101
0.8148024772983127,0.39023605642521003
0.8098831231274114,0.3855428209184554
0.8049661496038862,0.38084704636316713
0.8000515946861794,0.37614874644576485
0.7951394766185663,0.3714478955346703
0.7902297587545742,0.36674451944340697
0.7853224544808878,0.3620386124885048
0.7804175636877796,0.35733019091145823
0.7755151390062888,0.3526192145285819
0.7706151335918319,0.3479057379458532
0.76571756604396,0.3431897482889447
0.7608224494710949,0.33847122298476695
0.7559297496705712,0.33375022140193283
0.751039481420103,0.32902667257621215
0.7461516739301208,0.32430056523207046
0.7412662640348625,0.3195719702550303
0.7363832890114481,0.3148408530376502
0.7315027461916661,0.3101072136209919
0.7266246618193757,0.3053710340783203
0.7217489927707044,0.30063240502640587
0.716875800407245,0.2958912271461942
0.7120050360015927,0.2911475800187389
0.7071367461372924,0.28640137092981344
0.7022708630687939,0.2816526852110402
0.6974074246269534,0.2769014889647465
0.6925464291026532,0.2721477805109328
0.6876879019140221,0.2673915535873674
0.6828318055794907,0.2626328825246329
0.6779782016458652,0.25787165702627696
0.6731270259747474,0.2531079811800499
0.6682783364300431,0.24834175177499054
0.6634320642553752,0.24357305514086547
0.6585882465848333,0.2388018582769649
0.6537468814528455,0.23402815996115142
0.6489079944826028,0.22925194228909143
0.6440715423802112,0.22447329558572726
0.6392375868602793,0.21969212175102115
0.634406072370805,0.21490849887207686
0.6295770621729091,0.21012233158068422
0.6247504767567749,0.20533371113385582
0.6199263561457229,0.20054260076826838
0.615104698824872,0.19574899888817826
0.6102855302135545,0.19095289887145375
0.6054688171631176,0.1861543632564944
0.6006546022877273,0.1813533146893616
0.5958428395035121,0.17654982600936336
0.5910335922933584,0.17174380226029554
0.5862267799184563,0.16693533499636776
0.5814224421869785,0.16212438833937828
0.57662057752326,0.1573109607740171
0.5718211785432293,0.1524950670178537
0.5670242982828138,0.14767668147160026
0.5622298987260488,0.1428558323573302
0.5574379611434335,0.13803257314411438
0.5526485499105919,0.13320679337558844
0.5478616026151851,0.12837858523888704
0.543077133601538,0.1235478988959255
0.5382951674670712,0.11871472113124214
0.5335156834281031,0.11387907610592714
0.5287386694793059,0.10904098489650679
0.5239641479744677,0.10420042475570573
0.5191921084866143,0.099357411935524
0.5144225955497961,0.09451192212520469
0.5096555843413543,0.08966398137755156
0.504891048534019,0.0848136433267508
0.5001290511504599,0.079960813668672
0.4953695281808653,0.0751055674306871
0.4906125444296948,0.07024782270112943
0.4858580255164753,0.0653876592914445
0.4811060100248799,0.06052503917438729
0.4763564911453124,0.0556599662960796
0.47160946961027816,0.05079244232630987
0.4668649698060575,0.04592244611240643
0.4621229710596072,0.04105001717557715
0.45738350179479154,0.0361751422981726
0.4526465204484726,0.03129787970910055
0.4479115657468814,0.02641816627065659
0.44317691366507755,0.02153733024882471
0.4384425750620673,0.016656466078718374
0.43370947975085994,0.011774792188487832
0.4289774043120132,0.006891855603469026
0.42424587960663707,0.0020082169973277926
0.419515153702929,-0.0028760174785388377
0.414785464310645,-0.007761199492811932
0.41005658915486,-0.012647277280979996
0.4053284625502405,-0.017534041876572592
0.4006012293199843,-0.022421628931860033
0.39587485351516055,-0.027310069421029183
0.391149288240086,-0.03219932847283773
0.38642454604342225,-0.037089378087886156
0.3817006536561172,-0.041980245701460486
0.37697763308328713,-0.04687195054481846
0.3722554406855693,-0.051764453187724005
0.3675340902928794,-0.05665773067227704
0.3628135988020955,-0.061551854671048074
0.35809393006039153,-0.06644678238924888
0.3533750972708183,-0.07134252181257503
0.34865710184915616,-0.07623907872578756
0.34393993908263737,-0.08113644684087444
0.33922364290817997,-0.08603463373233587
0.3345081874579924,-0.09093362426590479
0.3297935758031533,-0.0958333964018293
0.32507981463485724,-0.10073400480789635
0.3203668803219226,-0.10563541442832579
0.3156547852636865,-0.11053763737034593
0.3109435264335653,-0.11544067647183008
0.3062331007585805,-0.12034452417116243
0.30152354142139015,-0.12524918718189995
0.29681482379784024,-0.13015465350990463
0.29210695013624527,-0.13506089993403386
0.2873999263016207,-0.1399679793394453
0.2826937302689843,-0.1448758588384139
0.2779883734652242,-0.1497845497973087
0.27328385291522295,-0.1546940547310987
0.26858016625706294,-0.1596043666061761
0.2638773463091785,-0.164515491846037
0.2591753689424169,-0.16942741889220492
0.2544742366369149,-0.17434012466760035
0.2497739551549402,-0.17925366192941167
0.245074502666491,-0.1841679981549228
0.24037589046404662,-0.1890831445682884
0.23567811555427676,-0.19399910370209614
0.23098117601915405,-0.19891587527969193
0.22628509264972385,-0.20383345984258877
0.22158986114397738,-0.2087518300070749
0.21689547393808048,-0.21367099863396674
0.21220194084655258,-0.21859097854016388
0.20750923812361513,-0.22351176027565348
0.2028173763074731,-0.22843335067795212
0.19812635257872008,-0.23335575235582323
0.19343618054953945,-0.23827897359099479
0.1887468499099406,-0.2432029711285283
0.1840583713040616,-0.24812778610281555
0.17937074016713533,-0.25305339250838116
0.1746839648643574,-0.2579798093951557
0.1699980214397084,-0.2629070273679375
0.1653129202268976,-0.2678350530416666
0.16062865841040375,-0.2727638890002231
0.15594523365298382,-0.2776935284803163
0.1512626786244034,-0.28262397751893337
0.14658096904023332,-0.2875552246382544
0.14190010727010524,-0.292487246717755
0.13722009920725617,-0.29742009642572004
0.13254092298777062,-0.3023537414209486
0.12786259010744275,-0.30728819295323406
0.1231850978530933,-0.3122234537229103
0.11850844457131596,-0.3171595236082375
0.11383264742687357,-0.3220964142879474
0.10915769342359997,-0.3270340643824636
0.10448361158695499,-0.3319725355613815
0.09981038020006526,-0.33691180111587127
0.09513799124664253,-0.34185184517376926
0.09046644575259788,-0.34679270288165004
0.08579575494750963,-0.35173438363567555
0.08112590018077458,-0.3566768664183039
0.07645688461720752,-0.36162014821256877
0.07178871429773034,-0.366564237116519
0.06712138455474138,-0.3715091336065374
0.062454914139302445,-0.37645483826844783
0.05778929701752617,-0.38140131380205883
0.05312454245145663,-0.3863485918801339
0.04846064107056291,-0.3912966733985483
0.043797590895986754,-0.3962455275782672
0.03913539908986243,-0.401195207459668
0.034474043893193716,-0.406145677636157
0.029813535565973593,-0.41109695391662227
0.0251538694905057,-0.41604903690805756
0.020495045602356175,-0.4210019264354563
0.015837077705295306,-0.42595563575578477
0.011179948605406727,-0.4309101454468495
0.0065236668891993106,-0.4358654418539889
0.0018682460095645723,-0.4408215479530955
-0.002786317883247085,-0.44577842095113684
-0.00744001964515559,-0.45073610737093384
-0.01209286542669584,-0.45569456328046953
-0.016744850960201226,-0.46065382920220693
-0.021395996123450695,-0.4656138924208619
-0.02604629745592931,-0.4705747608591406
-0.03069574852304304,-0.47553644036569054
-0.035344346330882355,-0.4804989336736733
-0.03999210789224615,-0.4854622178002154
-0.04463901546105377,-0.4904262942115134
-0.04928506173436906,-0.4953911792013241
-0.05393025026268378,-0.5003568331630498
-0.05857457258408171,-0.5053232865209876
-0.06321803834719147,-0.5102905469254181
-0.06786066065808782,-0.5152585867701825
-0.07250243192424605,-0.5202274332333068
-0.07714335811090989,-0.5251970831000683
-0.08178343905350671,-0.5301675362415881
-0.08642266080229945,-0.5351388060801603
-0.09106104052874528,-0.5401108732104173
-0.09569856593901893,-0.5450837027206709
-0.1003352121659518,-0.5500573473535664
-0.1049710048410061,-0.5550317827731418
-0.10960594405395542,-0.560006977205896
-0.11424001170588673,-0.5649830054509877
-0.11887324575752423,-0.5699598178513127
-0.12350562830549562,-0.5749374295764451
-0.1281371620215397,-0.5799158434821435
-0.1327678488271244,-0.5848950593029932
-0.1373976717440693,-0.5898750884828428
-0.14202664423329095,-0.5948558695025222
-0.14665473682695604,-0.5998374637712693
-0.15128197149099934,-0.604819844781298
-0.1559083643851533,-0.6098030171851873
-0.16053390470012313,-0.6147869877353914
-0.16515859498276075,-0.6197717592276851
-0.16978243692080947,-0.6247573315649283
-0.17440540981261074,-0.6297437051924809
-0.17902751811369622,-0.6347308524681257
-0.1836487692922784,-0.6397187864995258
-0.18826915357191457,-0.6447075201278485
-0.19288869466427236,-0.6496970440903089
-0.197507382038685,-0.6546873652017587
-0.20212521850275397,-0.6596784860526272
-0.2067422058482391,-0.6646704064114729
-0.21135832709762276,-0.669663137785868
-0.21597359591633494,-0.6746566185990607
-0.22058798269779456,-0.6796509101644
-0.22520150938152114,-0.6846459861071773
-0.22981471227674236,-0.6896418406105497
-0.23442930268907664,-0.6946372526318689
-0.2390453056379135,-0.6996310818999988
-0.2436617386614037,-0.7046241335194235
-0.24827882795741962,-0.709616833137162
-0.25289704870172997,-0.7146086102787244
-0.2575161567059175,-0.719599378181688
-0.262135952802189,-0.724589467864312
-0.266756636865775,-0.7295788532271864
-0.2713782601838177,-0.7345673692210095
-0.27600070953129546,-0.7395550741468101
-0.2806239855062607,-0.7445420446385169
-0.2852481526761711,-0.7495282265478563
-0.28987315628146837,-0.7545135768203468
-0.29449900712292626,-0.7594981260219832
-0.29912570474629424,-0.7644818990065562
-0.303753265967139,-0.7694648740520242
-0.3083816819495351,-0.7744470554382671
-0.31301095186143757,-0.7794284552491431
-0.31764108389752266,-0.7844090718046963
-0.3222720903362937,-0.7893888834042938
-0.32690390815677295,-0.7943679001076671
-0.33153659740839964,-0.7993461034520437
-0.336170134661076,-0.8043235078832387
-0.34080452325928634,-0.8093001290092426
-0.34543976860757125,-0.814275958370113
-0.3500758740539916,-0.8192509994889148
-0.35471283975757895,-0.8242252530368402
-0.35935067685339167,-0.8291987022310939
-0.3639893253698104,-0.8341713570953461
-0.3686288473290166,-0.8391431928144202
-0.3732692160318127,-0.8441142360304598
-0.37791043688112197,-0.8490844850070406
-0.3825525115982992,-0.8540539433025991
-0.3871954460376997,-0.8590226107887612
-0.3918392400702945,-0.8639904890731708
-0.3964839055087781,-0.8689575611599972
-0.4011293821871024,-0.87392383701495
-0.4057757322646898,-0.8788892913000205
-0.41042292866806696,-0.8838539515905454
-0.4150709768648125,-0.8888178159769937
-0.4197198783787997,-0.8937808881177788
-0.42436963882131484,-0.8987431680454004
-0.42902025792676385,-0.9037046574963103
-0.43367174602921776,-0.9086653435084256
-0.438324059898659,-0.9136252265920374
-0.4429772369675184,-0.9185843010635073
-0.4476312475796621,-0.9235425656583379
-0.45228611508059424,-0.9285000349636247
-0.45694183483810674,-0.9334567106931849
-0.46159841276674435,-0.9384125927232507
-0.4662558487137791,-0.9433676826591448
-0.4709141543643075,-0.9483219635679154
-0.4755732693181562,-0.9532754457688676
-0.48023325570633213,-0.9582281037133958
-0.48489408641088017,-0.9631799651937919
-0.4895557668104548,-0.968131028323634
-0.4942182984552733,-0.9730812967625734
-0.4988816869526694,-0.9780307705132687
-0.5035459320064071,-0.982979451334329
-0.5082110439054418,-0.9879273263010154
-0.512876979305987,-0.9928743960818559
-0.5175437756249149,-0.9978206549212049
-0.5222113956033254,-1.0027661109488617
-0.526879889567157,-1.0077107549996853
-0.5315492217574395,-1.0126546084361725
-0.53621940993258,-1.0175976656529127
-0.5408904537479726,-1.0225399286322525
-0.5455623648974907,-1.027481380443761
-0.5502350828840472,-1.0324220315377075
-0.5549086696709815,-1.037361856320528
-0.5595830982400899,-1.042300882663122
-0.5642583739808776,-1.0472391086187662
-0.5689344984824521,-1.052176537806408
-0.5736120180150911,-1.0571131314633473
-0.578292605170572,-1.0620476762298352
-0.5829762491515855,-1.0669790373527495
-0.5876620293733252,-1.0719079793363078
-0.592350153895592,-1.076834923336024
-0.5970410780193522,-1.0817593349516996
-0.6017345757762843,-1.0866811138660515
-0.6064304153865484,-1.0916005876840857
-0.611128848099726,-1.096517721481822
-0.6158298977318309,-1.1014323596386197
-0.6205334341950406,-1.106344564619491
-0.6252394702399787,-1.1112544021785349
-0.6299480663153959,-1.1161618266645459
-0.6346592296345583,-1.121066779905895
-0.639372837354507,-1.1259693334558203
-0.6440890001180917,-1.1308694406020499
-0.6488076729291862,-1.1357671152426727
-0.6535288863265971,-1.1406623528217938
-0.6582525995241056,-1.1455551838020752
-0.6629788418903529,-1.150445584751022
-0.6677075994857191,-1.155333556266914
-0.6724388905497581,-1.16021906408125
-0.6771726912072839,-1.1651021319132648
-0.6819089655125433,-1.1699827733112969
-0.6866477790496692,-1.1748609629073223
-0.6913891187002511,-1.1797367098985152
-0.6961329541136287,-1.1846100348636497
-0.7008793083641864,-1.1894809159766924
-0.7056281760770071,-1.1943493607120852
-0.7103795489670612,-1.1992153688661666
-0.7151334413024032,-1.2040788946544159
-0.7198898350464988,-1.208939972720966
-0.7246486802459812,-1.2137986151265825
-0.7294100712224988,-1.2186547669273715
-0.7341739289586997,-1.2235084917827448
-0.7389403035912381,-1.2283597644477298
-0.7437092163774212,-1.2332085553303014
-0.7484805975108244,-1.2380549267672731
-0.7532544805668874,-1.2428988404635606
-0.7580308665425399,-1.2477402986021613
-0.7628097617857045,-1.2525792763393662
-0.7675910925663627,-1.2574158105995419
-0.7723749550884406,-1.2622498356698393
-0.7771612927051637,-1.2670814080566501
-0.7819506427412055,-1.2719104638627265
-0.7867446782483564,-1.2767357465553084
-0.791543334330298,-1.2815561475816157
-0.796345757156235,-1.2863724076075846
-0.8011521393742981,-1.2911849931548096
-0.8059629186505751,-1.2959933451093213
-0.8107778321749082,-1.3007973628513547
-0.8155967376984806,-1.3055973213494856
-0.8204197813970024,-1.3103932270107679
-0.825246975248948,-1.3151849189968714
-0.8300782816285659,-1.3199724119068914
-0.834913641327798,-1.3247558300995372
-0.8397531432846242,-1.3295350989973393
-0.8445967638453098,-1.3343101903540868
-0.8494444708134488,-1.3390811362897657
-0.8542963114319689,-1.3438479066456008
-0.8591522165717177,-1.34861054675824
-0.8640121778650895,-1.3533690105756988
-0.868876245514837,-1.3581232657085793
-0.8737443921502274,-1.36287334728191
-0.8786165636315708,-1.3676192629271964
-0.8834928680155986,-1.372360948937161
-0.8883732046684628,-1.3770984915204687
-0.8932576211971757,-1.3818318376148184
-0.8981461061155281,-1.3865609956304936
-0.9030386547580092,-1.3912859636886041
-0.9079352918363403,-1.396006703229625
-0.9128359163784499,-1.4007232657024205
-0.9177406206585251,-1.4054355746204705
-0.9226498836858941,-1.4101436273001475
-0.9275653426564202,-1.4148460968452776
-0.9324869402951037,-1.419541848449675
-0.9374137617698793,-1.4242317111409166
-0.9423460588436178,-1.428916105894721
-0.947284304827985,-1.4335944069983644
-0.9522281100244563,-1.4382665984477039
-0.9571774084955222,-1.4429329331773821
-0.9621323026761834,-1.4475934219735578
-0.967092915209437,-1.4522478233702585
-0.9720590624977391,-1.4568962574170947
-0.9770307644867272,-1.461538784220893
-0.9820080782072607,-1.4661753385277771
-0.9869909956470764,-1.4708058663956545
-0.9919794337308326,-1.4754304155648552
-0.9969734426841196,-1.4800489575880678
-1.001972958419708,-1.4846615059936408
-1.0069780380003968,-1.4892680182261893
-1.0119886404039624,-1.493868522958371
-1.0170047752569396,-1.4984630139506188
-1.0220264360487932,-1.503051477807155
-1.0270536265899837,-1.5076338964131608
-1.032086329920043,-1.5122102753027091
-1.0371244717928498,-1.516780623003657
-1.0421681425953475,-1.5213448685381799
-1.0472172980416221,-1.5259030392379769
-1.0522718898685042,-1.5304551582668153
-1.0573319745728367,-1.535001192555284
-1.0623975263193535,-1.539541147789621
-1.067469062420904,-1.544074952260736
-1.0725481751500183,-1.5486011998807439
-1.0776347047029298,-1.5531187633136037
-1.0827278072632671,-1.5576284787438228
-1.0878276847372437,-1.5621307882462674
-1.0929348119171791,-1.5666250453846395
-1.0980488846755394,-1.5711111989638178
-1.103169729988481,-1.5755895916621407
-1.1082975428901838,-1.5800601461153967
-1.1134323439041856,-1.5845226793452387
-1.1185739730714488,-1.5889772790110184
-1.123722448501326,-1.5934239702990596
-1.1288778276236018,-1.5978626782545438
-1.134040085168603,-1.6022933542706699
-1.1392091060766725,-1.6067160983188682
-1.1443855151558897,-1.6111308035357053
-1.1495708045053,-1.6155359438683268
-1.1547648756266016,-1.6199303956947335
-1.159966841420743,-1.624315205385786
-1.1651769124886844,-1.628690590508897
-1.170395505696926,-1.633055929342464
-1.175622306129205,-1.6374112484421468
-1.180857218617046,-1.6417568110838667
-1.1861003065497284,-1.6460925441669196
-1.1913516831513704,-1.6504182621402883
-1.1966111966573547,-1.6547340587957755
-1.2018787975244436,-1.6590399937096818
-1.207154567489721,-1.6633359433879502
-1.2124384638286467,-1.6676218959023632
-1.217730458771258,-1.6718978511881757
-1.2230304429576644,-1.6761638496961302
-1.2283385125063626,-1.6804197933356853
-1.2336546144818026,-1.6846656674278688
-1.2389787187467334,-1.6889015289735188
-1.2443107964416578,-1.693127353196982
-1.2496508717612846,-1.6973430775094533
-1.2549989052507742,-1.7015487161946437
-1.2603548786308871,-1.7057442545761206
-1.2657187588819767,-1.70992967381977
-1.2710905597804616,-1.7141049001194768
-1.2764701640425078,-1.7182700340990096
-1.2818576759528106,-1.7224249453700013
-1.2872529963402344,-1.7265697093751078
-1.2926567691451438,-1.7307042304157945
-1.2980701354261703,-1.7348267788323375
-1.3034931855830534,-1.7389363949386498
-1.3089250884287045,-1.7430340446263204
-1.314365942610827,-1.747119998567969
-1.3198160924361977,-1.7511936129853791
-1.325275381163068,-1.755254855057942
-1.330743588852723,-1.7593040110986973
-1.3362207956054155,-1.7633410619533625
-1.3417070929780763,-1.767365758107517
-1.3472023446641979,-1.7713781933375192
-1.3527065269342906,-1.7753784025398767
-1.3582196408092075,-1.7793663292100936
-1.3637416370771076,-1.783341931541317
-1.3692724942638481,-1.7873051686873012
-1.374812780516699,-1.7912560295738218
-1.3803636268523976,-1.795192636256892
-1.385924986738665,-1.7991141178223058
-1.391496140443309,-1.8030214083145786
-1.3970771921410388,-1.8069147600491315
-1.4026684699418366,-1.81079354000021
-1.4082697307280552,-1.814657752798855
-1.4138808234021376,-1.8185076612934399
-1.419501833575205,-1.8223431734892321
-1.4251327777437177,-1.8261640982550287
-1.4307735226200995,-1.8299705138917388
-1.4364239965546708,-1.8337624208291667
-1.4420842238650742,-1.837539775048483
-1.4477541984330273,-1.8413024588481788
-1.4534337782105005,-1.8450505711378467
-1.4591230291326798,-1.8487840227890031
-1.4648219043337385,-1.8525027969297314
-1.4705303023032346,-1.8562069206320857
-1.4762482310135339,-1.8598963216324884
-1.4819756632340964,-1.8635709697957974
-1.4877125514957066,-1.867230852225097
-1.4934588569387985,-1.870875947211836
-1.4992145516698998,-1.8745062332202427
-1.5049795217719262,-1.8781217394289835
-1.510753842974325,-1.8817222990666151
-1.5165373387290246,-1.8853080317157538
-1.522330074186776,-1.8888788381433488
-1.5281319950848362,-1.8924346645338412
-1.5339436637419892,-1.895975480507332
-1.539766000361374,-1.8994993861738065
-1.5455990080520465,-1.9030053780377356
-1.551441930011396,-1.906494512250959
-1.5572948862627365,-1.9099670109178797
-1.5631581784477866,-1.9134221802049158
-1.5690315442449756,-1.9168600653694985
-1.5749147849198883,-1.9202809827991005
-1.5808080314679158,-1.9236847382218354
-1.5867112676395996,-1.9270711330154482
-1.5926242752812134,-1.9304403521476252
-1.5985470965974102,-1.9337923086588427
-1.6044796676021156,-1.937126925703161
-1.61042254520134,-1.9404441219222461
-1.6163765963456451,-1.9437419317344127
-1.6223417361093693,-1.9470194169763462
-1.6283172576748182,-1.9502776080463915
-1.6343032786361933,-1.9535167250892687
-1.640299989071135,-1.9567361233060203
-1.6463071979550408,-1.9599357386348348
-1.6523247250591697,-1.9631158854652484
-1.6583526214194768,-1.96627644515569
-1.6643908614089733,-1.969417211760293
-1.6704393100168318,-1.972538261778855
-1.6764978195941038,-1.9756396771304052
-1.6825664695444653,-1.9787212490586308
-1.6886451202426358,-1.9817829443844919
-1.694733699647872,-1.9848248720120858
-1.7008321960858752,-1.9878468334179078
-1.7069405095762746,-1.990848944711583
-1.713058564942141,-1.9938311291182067
-1.7191863428172662,-1.9967932979745426
-1.7253237607855139,-1.9997354595164194
-1.7314707544777543,-2.0026575750145623
-1.7376272677650266,-2.0055596091217645
-1.7437932031449759,-2.00844159289655
-1.7499684904719899,-2.0113034667080067
-1.7561531111789486,-2.014145129783717
-1.7623469769464621,-2.0169666007034204
-1.768550013330631,-2.0197678546030167
-1.7747627067570264,-2.02254866795231
-1.7809857643829665,-2.025307100222936
-1.787219029628666,-2.028042074957445
-1.79346182160953,-2.0307548474231036
-1.799714260510568,-2.03344556057564
-1.805976559225004,-2.036113424895915
-1.8122484429358587,-2.0387585000900885
-1.8185297383091676,-2.0413811181952193
-1.8248204938480759,-2.043981118334299
-1.8311206166888292,-2.0465583565348617
-1.83742994680231,-2.0491128833764125
-1.8437484475436112,-2.051644622789315
-1.850076034432979,-2.054153614456461
-1.8564132329171297,-2.056639466311256
-1.8627605323644956,-2.0591003529443888
-1.8691177376479855,-2.061535215758943
-1.8754842651159518,-2.063945152701791
-1.8818602113823344,-2.0663303683333143
-1.888245696188761,-2.068690133255514
-1.894640461555333,-2.071024479222578
-1.901044274650239,-2.0733337921257817
-1.9074571959483508,-2.075617831135095
-1.9138785735186659,-2.077876538719939
-1.9203076009854307,-2.080112226920511
-1.926744467885158,-2.082325621805703
-1.93319005953286,-2.0845153794891913
-1.9396447111001127,-2.086679097288673
-1.9461079028618502,-2.088816641516644
-1.9525792088127607,-2.0909291634758946
-1.9590588659804746,-2.0930163011702003
-1.9655468470712623,-2.0950775603517675
-1.9720428713292109,-2.097113095923361
-1.978546872015418,-2.0991230320431815
-1.9850587270836817,-2.1011073884737543
-1.9915784280615272,-2.103065882014838
-1.9981058053933467,-2.1049985992868305
-2.0046407564548585,-2.1069055177250813
-2.011183175869314,-2.10878671524563
-2.0177335559074243,-2.1106417631005634
-2.0242922346581573,-2.112468594229151
-2.0308587931353563,-2.114266334380815
-2.0374327853130985,-2.116036190889359
-2.0440143152273933,-2.117778244790976
-2.0506034099609693,-2.119491678284875
-2.0571997649109055,-2.1211767223743525
-2.0638032055186133,-2.122833641664742
-2.070413752807685,-2.1244621808586777
-2.0770312735799727,-2.1260621412761957
-2.0836554962095404,-2.127633763055171
-2.0902864399053454,-2.1291769655610486
-2.0969239210068924,-2.1306916291003652
-2.103567877601642,-2.1321777388088914
-2.1102181387846217,-2.1336354075971857
-2.1168745767787747,-2.135064563879109
-2.1235371095398947,-2.136465045087218
-2.130205603869946,-2.137836977596654
-2.136879947224815,-2.139180209577818
-2.1435599496474547,-2.140494812542115
-2.1502455581902127,-2.141780799446911
-2.1569366363672797,-2.1430380381253813
-2.163633074715714,-2.1442664291409734
-2.1703346606779403,-2.1454661518177534
-2.1770413794681587,-2.1466370958289107
-2.18375306865252,-2.1477792021757827
-2.190470145625454,-2.1488920542851755
-2.1971926135456132,-2.1499737954491915
-2.2039201052207487,-2.151023374411418
-2.210652190425085,-2.152042003158705
-2.217388943496667,-2.1530298175187417
-2.224130305555171,-2.1539862699324757
-2.2308754842415794,-2.1549115709396265
-2.237624153421662,-2.1558081240785008
-2.2443766632889313,-2.1566767459341585
-2.2511330617479683,-2.1575160320826416
-2.2578928717234983,-2.158325839902651
-2.2646560204345074,-2.1591069606404334
-2.2714224951962008,-2.159859069780615
-2.2781921730467247,-2.1605820194487615
-2.2849653469736007,-2.161275425918007
-2.2917420219830658,-2.161937425792793
-2.2985217061094243,-2.1625670748226717
-2.3053040516130987,-2.163165457279876
-2.3120891169337034,-2.163732810061129
-2.318876848776161,-2.164268609906509
-2.325667001287065,-2.164772620168045
-2.3324593284868063,-2.1652454742675524
-2.3392538634470177,-2.1656868255978305
-2.3460503488378337,-2.1660964913392147
-2.352848646049117,-2.166474800786136
-2.3596486479174246,-2.166821603026082
-2.3664502057675048,-2.167136763737666
-2.373253092750137,-2.167420369033133
-2.380057261407734,-2.1676725169440156
-2.386862517335703,-2.16789301711787
-2.3936687452595096,-2.1680819296446643
-2.4004757846393137,-2.168239353464981
-2.407283405421756,-2.1683651849834193
-2.4140915740533404,-2.1684595152509045
-2.42090008458537,-2.1685221145432356
-2.427708795077611,-2.1685533744918226
-2.434517577821984,-2.1685529586252845
-2.441326288647369,-2.1685209768131872
-2.448134823636801,-2.168457432602285
-2.454942922347734,-2.1683623855360734
-2.461750556012518,-2.168235793841101
-2.4685575313506636,-2.168077603367365
-2.4753641552766155,-2.1678873141074337
-2.482170055186551,-2.1676631202429464
-2.488974641781779,-2.167404047588514
-2.495777259465812,-2.167111684600239
-2.5025782561332437,-2.1667885840594496
-2.50937789800053,-2.1664343849632184
-2.516175866733877,-2.1660483558435373
-2.5229718613274272,-2.1656305605278208
-2.5297658484682963,-2.1651815041162887
-2.5365577509945476,-2.1647011352966206
-2.5433473348261995,-2.164189019546538
-2.550134425088938,-2.1636453945302887
-2.5569189181952052,-2.163070538918692
-2.563700676409893,-2.162464197504963
-2.5704795346650404,-2.1618262596024955
-2.577255774795725,-2.1611565152148065
-2.584028952897849,-2.1604529203676113
-2.590798325947263,-2.159714663681871
-2.597563807830831,-2.158942930369328
-2.604325516354536,-2.1581380169933615
-2.611083171440663,-2.1572990576371516
-2.6178364753082515,-2.156426317895748
-2.6245853439573463,-2.1555202618473728
-2.631329675479812,-2.154580618481848
-2.638069223735633,-2.1536071667359735
-2.6448034436359005,-2.152600744991316
-2.6515325742289493,-2.1515634292150434
-2.6582571195209863,-2.1504957886476803
-2.6649767481869144,-2.14939647254878
-2.6716910374724687,-2.148265828352007
-2.678400002792238,-2.1471041971265152
-2.6851040316429313,-2.145911200504789
-2.6918023032042697,-2.144684483438267
-2.6984940481150432,-2.1434234439722717
-2.7051793475180754,-2.1421294369924397
-2.7118583724125918,-2.140802678094026
-2.718530647909561,-2.139442338639703
-2.725195968859153,-2.1380486330250292
-2.7318543100060197,-2.1366219236779935
-2.7385055261129585,-2.1351621019688
-2.7451493470491726,-2.1336690297835585
-2.7517856141083796,-2.1321430022400385
-2.758414250980564,-2.1305839764541235
-2.7650349976397033,-2.128991999540974
-2.7716477282590946,-2.1273668915486668
-2.7782522541441517,-2.125708965095966
-2.784848492229842,-2.124018257595889
-2.791436220463187,-2.1222946736804893
-2.79801527746245,-2.120538261496482
-2.8045855140334712,-2.1187491086099928
-2.8111467601625644,-2.1169273275190683
-2.81769884171055,-2.1150727840083934
-2.8242416372819146,-2.1131856736899746
-2.830774927601567,-2.1112661031560522
-2.8372985883217074,-2.109313974665188
-2.843812427187641,-2.107329254879207
-2.850316347641875,-2.105312242867137
-2.8568101119405482,-2.1032628871175496
-2.8632936030451677,-2.1011811828090927
-2.8697666120930982,-2.099067070655888
-2.8762290731411313,-2.0969209461793366
-2.8826807371848604,-2.0947426437248033
-2.8891214730925223,-2.0925321809850908
-2.895551115892128,-2.0902896074961372
-2.9019695319589625,-2.088015228972967
-2.9083765338262824,-2.0857088645432422
-2.9147719555847456,-2.0833705276297314
-2.921155677494365,-2.081000407581217
-2.9275275312875584,-2.0785986382134376
-2.9338873031149406,-2.0761649455231326
-2.940234943403815,-2.073699794959088
-2.946570203242847,-2.0712030279152023
-2.95289294562954,-2.0686746703183134
-2.959203006351934,-2.066114784772457
-2.965500275167425,-2.0635236849281107
-2.9717845516502557,-2.0609012056341682
-2.9780556560072386,-2.058247345533094
-2.9843135208888847,-2.0555624492450812
-2.990557926368622,-2.052846399201995
-2.9967887191700835,-2.0500992529660205
-3.003005730816804,-2.0473210960712804
-3.009208840381674,-2.044512090688604
-3.0153978781486366,-2.041672256212383
-3.0215726772670735,-2.038801566313219
-3.0277331085622903,-2.0359001495532345
-3.0338790174769454,-2.032968069033016
-3.0400102391769255,-2.0300053897969486
-3.0461266570715084,-2.027012288897253
-3.052228114277894,-2.023988788292018
-3.0583143942801247,-2.020934784297484
-3.064385425403079,-2.017850665720919
-3.0704410207272987,-2.0147363156865654
-3.076480987901382,-2.0115917398040035
-3.082505277695522,-2.0084172576015664
-3.0885134434145742,-2.005213410948875
-3.0945064602764734,-2.001982021441708
-3.1004851537202684,-1.9987229607114163
-3.1064478525978094,-1.9954336816672893
-3.11239319387406,-1.9921136113191868
-3.1183220154127334,-1.988764547790113
-3.124234523264415,-1.9853863741217375
-3.1301300146556152,-1.9819784819043875
-3.1360082335569324,-1.9785410919952624
-3.14186937901945,-1.9750746611571819
-3.147713290562009,-1.971579120110503
-3.153539638698342,-1.9680544496488395
-3.159348341070112,-1.9645008149535224
-3.1651392860935545,-1.9609182678014645
-3.170912375902769,-1.957307014571547
-3.1766671851238364,-1.9536676352540794
-3.1824048391724746,-1.9500019040464616
-3.1881260876075594,-1.9463103975196012
-3.1938300953210836,-1.9425919906928297
-3.199516463874216,-1.938846853758865
-3.2051856966448486,-1.9350750966936894
-3.210836449678322,-1.9312749792495152
-3.216467410503337,-1.9274457595016081
-3.2220792836509475,-1.923589007385426
-3.2276722748899274,-1.9197047213785594
-3.2332457394479506,-1.9157922999172585
-3.2387994462950602,-1.9118520165710953
-3.2443335677515868,-1.907884312313811
-3.249847954798314,-1.903889150748867
-3.255342197049926,-1.8998671284101598
-3.2608175025293775,-1.8958200053987306
-3.266274668845423,-1.891748241660846
-3.271712834462533,-1.887650847708365
-3.2771315784939783,-1.883528038397385
-3.2825312881258273,-1.8793804561992518
-3.2879118478658387,-1.8752079196293643
-3.293272886906843,-1.8710102901943433
-3.298614334711787,-1.8667878245007452
-3.3039363561388293,-1.8625401334557818
-3.309237387436919,-1.8582656802506425
-3.314516313098885,-1.8539641735103733
-3.319773835624694,-1.8496367883468718
-3.3250100537902356,-1.845283456092055
-3.3302243761513033,-1.8409045810322342
-3.3354179856910187,-1.8365018204484156
-3.340591932391754,-1.832075789831878
-3.345745247418304,-1.8276254263419334
-3.3508775123145953,-1.8231510059501121
-3.3559890825849026,-1.8186530732788357
-3.36107991266735,-1.8141315324704805
-3.366149660333385,-1.8095863351885113
-3.3711981907694644,-1.805017632311425
-3.376225481635994,-1.8004255586782165
-3.3812315718392614,-1.7958103657769502
-3.386216128728374,-1.7911719237906125
-3.3911790972407916,-1.7865103912801878
-3.3961205011420157,-1.781825324501976
-3.4010385664337375,-1.7771159120656426
-3.405933888801223,-1.7723835623641648
-3.4108080832363132,-1.7676295421163433
-3.415660459901673,-1.762852874708598
-3.4204900009487145,-1.7580531968028648
-3.4252973088119036,-1.7532314846994121
-3.4300824621060797,-1.7483876836350818
-3.434845037832456,-1.7435215867733616
-3.439584833942625,-1.7386333596655041
-3.44430207554517,-1.7337234017746515
-3.4489964615052005,-1.7287915312410418
-3.453667976257339,-1.7238380088308738
-3.4583164246708615,-1.718862841041803
-3.462941738178063,-1.7138661358872422
-3.467543861078411,-1.7088480681952574
-3.4721227004020285,-1.70380875805587
-3.47667811446622,-1.6987482514752963
-3.481209950041743,-1.6936666005965804
-3.485718255161288,-1.6885640881993687
-3.490202860422306,-1.6834407287609918
-3.4946636584426956,-1.6782966118388463
-3.499100458676349,-1.6731317706636788
-3.5035133941779195,-1.6679465547308254
-3.5079022214479334,-1.6627409034913567
-3.5122668330020432,-1.6575149166430756
-3.516607118030719,-1.652268715022437
-3.520923150678371,-1.6470025622208788
-3.5252146917880913,-1.6417164130043238
-3.5294816188557063,-1.636410358459795
-3.5337239243099727,-1.6310846181686949
-3.5379415643648007,-1.6257393219333713
-3.5421343141003696,-1.620374471051648
-3.546302143123841,-1.6149902314819196
-3.550444927629648,-1.609586689510208
-3.5545627214467443,-1.6041641304664147
-3.558655279487165,-1.5987224977881067
-3.5627225017330697,-1.5932619193182556
-3.5667643752117923,-1.5877825403384223
-3.5707807902962543,-1.582284464506446
-3.5747717364935627,-1.5767678766114055
-3.578737088981432,-1.5712328692330113
-3.58267668043216,-1.565679486114957
-3.586590485654182,-1.5601078920813891
-3.5904784166165964,-1.554518203932994
-3.5943403800028024,-1.5489105324850068
-3.598176368344857,-1.5432850628870642
-3.6019862578294255,-1.5376418926071522
-3.6057698802957825,-1.531981069394948
-3.609527156976163,-1.526302730010716
-3.613258161361475,-1.520607143321157
-3.6169626640085273,-1.5148942755703962
-3.620640651751569,-1.5091643134311556
-3.6242920040908606,-1.503417335032065
-3.627916669791289,-1.4976534823656609
-3.6315145683076375,-1.4918728758607869
-3.635085674569863,-1.4860756654368603
-3.6386298382737454,-1.4802619647351902
-3.64214708336905,-1.4744319284560488
-3.6456372404980253,-1.468585620696312
-3.6491001634358975,-1.462723127595981
-3.652535965991127,-1.456844731309348
-3.6559444927043394,-1.4509504590580384
-3.6593256350953425,-1.445040427821575
-3.6626792161203583,-1.4391147094342376
-3.666005433504381,-1.4331736253007905
-3.669304042395983,-1.4272171484008334
-3.672574949335487,-1.4212454061266298
-3.6758180707994246,-1.4152585430923192
-3.6790335582476277,-1.4092567999884866
-3.682221090635749,-1.4032401504877183
-3.68538069429977,-1.397208779658901
-3.688512295456632,-1.3911628072887803
-3.691615910902794,-1.3851024171636495
-3.6946913612660275,-1.379027727212051
-3.697738672599255,-1.3729388565768383
-3.7007575910260972,-1.3668358837836314
-3.7037482374487736,-1.3607189861712992
-3.7067105536721408,-1.354588336308107
-3.709644376867778,-1.3484440008251308
-3.7125496384460432,-1.3422861061710463
-3.715426304315205,-1.336114801202233
-3.7182743102648463,-1.3299302160893933
-3.7210936261309837,-1.3237324876564218
-3.7238842428382894,-1.3175218014886891
-3.7266460072051437,-1.3112982274630345
-3.729378859916867,-1.305061893410074
-3.7320827734599784,-1.2988129484330102
-3.734757686109254,-1.292551524052198
-3.7374036380103615,-1.2862778186161927
-3.740020320709781,-1.279991849742475
-3.7426080245922915,-1.2736939193207002
-3.7451665215348937,-1.2673845783970206
-3.747697749857372,-1.261064109907637
-3.7502006362266975,-1.2547318550218236
-3.752672974473492,-1.2483875806131892
-3.755115580848532,-1.2420320873989545
-3.7575293783206605,-1.2356655519254858
-3.7599135647600836,-1.2292877191725546
-3.7622677642696183,-1.222898807515806
-3.7645925230080253,-1.2164991868796629
-3.766888000177895,-1.2100894626538652
-3.7691557871673407,-1.2036702251187374
-3.7713968715767767,-1.1972415149839168
-3.773610144227132,-1.1908029889337834
-3.775795408797248,-1.1843550551890012
-3.7779531813514926,-1.1778979236910614
-3.7800832765911667,-1.1714315642917013
-3.782185523003207,-1.164956055608341
-3.784259917361274,-1.1584716374138386
-3.786306476183528,-1.151978377402681
-3.7883249114938753,-1.1454757915897487
-3.790313012342023,-1.1389635284149984
-3.7922703073860897,-1.13244256646504
-3.7941999004434264,-1.1259138707679188
-3.7961027538925,-1.1193770815973485
-3.7979770305820573,-1.112831840622645
-3.799822640584088,-1.1062786187463298
-3.801640532799418,-1.0997177240928504
-3.8034303824578397,-1.0931489890902222
-3.8051918173479975,-1.0865726017997268
-3.8069249742223334,-1.0799887391817684
-3.808630012415978,-1.0733975237490039
-3.8103065927304725,-1.066798972679888
-3.8119548893893516,-1.060193354458474
-3.8135748156534706,-1.0535807036781224
-3.8151663245277265,-1.0469611401474164
-3.8167293011567884,-1.040334802111735
-3.818263943826156,-1.0337018473163977
-3.8197700730266857,-1.027062344802373
-3.8212476109108353,-1.020416408924636
-3.822696661663367,-1.0137642371868898
-3.8241171031392094,-1.0071058757031326
-3.8255089809537224,-1.0004414547493345
-3.8268723143209904,-0.9937711857491192
-3.8282069340925062,-0.9870950939567628
-3.8295128346053002,-0.980413380344549
-3.8307901629726446,-0.9737261161114626
-3.832038681644991,-0.9670334284428562
-3.833258446917839,-0.9603354381772609
-3.834449432299276,-0.9536322663651096
-3.835611643461851,-0.9469240176419951
-3.836745107978206,-0.9402108784927986
-3.837849708532374,-0.9334929285198443
-3.8389254225229816,-0.9267702870648821
-3.8399722612581795,-0.9200430848654502
-3.8409902030937633,-0.9133114435970975
-3.8419792613982353,-0.906575465480548
-3.842939467659586,-0.8998353399054229
-3.8438706662671227,-0.8930911729385406
-3.844772962303598,-0.8863430555782125
-3.8456461482638407,-0.8795911452338252
-3.8464904642536295,-0.8728355354950322
-3.8473057968545055,-0.8660763885661865
-3.848092033763389,-0.8593137894688097
-3.848849225599244,-0.8525478735204501
-3.8495773540114273,-0.8457787664137361
-3.8502763994137466,-0.8390065776706824
-3.8509464405776646,-0.8322314400536587
-3.85158741587762,-0.8254535157192833
-3.8521992175987982,-0.8186728897718852
-3.852781847639603,-0.8118896889032248
-3.853335480983018,-0.8051041129016282
-3.853859925634031,-0.7983161897696219
-3.8543552467153757,-0.7915260981801018
-3.8548213806061455,-0.7847339371640089
-3.8552583456962597,-0.7779398349241179
-3.855666128037353,-0.7711439105310194
-3.8560447510130054,-0.7643462559642489
-3.856394257943272,-0.7575470795037916
-3.856714542047375,-0.7507464622229307
-3.8570055924705966,-0.7439445257207744
-3.857267434184336,-0.7371413985411716
-3.857500058114255,-0.7303372030204806
-3.8577034911072015,-0.7235320328586454
-3.857877806377085,-0.7167261047453022
-3.8580227405059944,-0.7099194716044791
-3.8581385726890804,-0.7031123512296608
-3.8582251580659537,-0.696304739744326
-3.858282503289189,-0.6894968690700182
-3.8583105923532814,-0.6826887998734605
-3.8583094073233237,-0.6758806293944452
-3.8582791203613014,-0.6690725883853907
-3.858219580269205,-0.6622646942561978
-3.858130760369452,-0.6554571139778347
-3.8580126557085004,-0.6486499966289688
-3.8578654908682553,-0.6418434526798303
-3.8576890649158093,-0.6350375780799585
-3.857483343402157,-0.6282325194199849
-3.857248445732963,-0.6214284342206011
-3.8569844236530715,-0.6146254019706571
-3.856691163989097,-0.6078235518678105
-3.856368597812649,-0.6010230229133713
-3.856016948449466,-0.5942239652982265
-3.855636128097929,-0.5874264550725298
-3.8552260985412885,-0.5806306361402851
-3.8547867629042605,-0.5738366446345229
-3.8543184326057003,-0.5670446088690578
-3.853820921586173,-0.5602546342063488
-3.8532946351246364,-0.5534672862214969
-3.8527417120619694,-0.5466824083809865
-3.852162939352677,-0.5398995757487511
-3.851556709193968,-0.5331185019378172
-3.850920729846866,-0.5263399285850744
-3.850255058162392,-0.5195644050758307
-3.8495606594064418,-0.5127918514981827
-3.848837616979951,-0.5060222031183622
-3.848085074118595,-0.4992557306818044
-3.8473038602222087,-0.49249303454589044
-3.8464963036713993,-0.48573379638110686
-3.845663049851142,-0.47897752010144223
-3.8448026884740587,-0.4722244755531078
-3.84391519456676,-0.4654750553958203
-3.843001377159496,-0.4587291945129302
-3.8420610468469554,-0.45198688768334644
-3.8410939308869896,-0.445248392986563
-3.8401001204827545,-0.43851380901938597
-3.839079981729922,-0.43178321660222135
-3.8380331345832,-0.42505666555699306
-3.8369596779587924,-0.4183343202593514
-3.835859727811239,-0.41161630078592043
-3.834733347073587,-0.4049026282329587
-3.8335804025044866,-0.39819345732863
-3.832400915997766,-0.3914888960597013
-3.831194956042686,-0.3847890351708273
-3.8299624904522918,-0.37809399435755664
-3.828703722312062,-0.37140388739794156
-3.827418392878184,-0.36471882514259985
-3.8261067873288366,-0.35803887421237796
-3.8247687262786068,-0.35136415453848274
-3.823404297922737,-0.34469478207234777
-3.822013615544157,-0.33803085557508145
-3.8205966578395962,-0.3313724449248701
-3.8191533544136407,-0.32471968848638016
-3.8176837902307788,-0.31807267708406056
-3.816187983367768,-0.31143151324525287
-3.8146659449012565,-0.3047963158352795
-3.813117778187598,-0.2981671912380511
-3.8115434158814656,-0.29154421062626684
-3.8099429452837206,-0.28492754986525015
-3.8083162056891813,-0.27831724718785456
-3.8066635438003362,-0.27171344505199974
-3.8049847014776796,-0.2651162033609823
-3.803279803065297,-0.25852563554026964
-3.8015488786262894,-0.25194187820777414
-3.7997920267262644,-0.24536494758579394
-3.7980092296651913,-0.2387950544313588
-3.7962004835667615,-0.23223223610326402
-3.7943657260793393,-0.2256766330687497
-3.7925052594847948,-0.2191282705321376
-3.7906189249654405,-0.21258734705100954
-3.7887067258729847,-0.20605391533294423
-3.7867686854582883,-0.1995280732085749
-3.784805020786937,-0.19300993995101656
-3.7828155752340265,-0.18649961419236818
-3.7808003234811958,-0.17999720885306977
-3.778759520194083,-0.17350277476121803
-3.776693048897083,-0.16701645512568855
-3.7746009293859504,-0.16053835034917105
-3.772483296194697,-0.15406857604076443
-3.770340010052137,-0.14760725397333865
-3.7681713959784275,-0.14115441043970092
-3.765977214271902,-0.1347102091124495
-3.7637576281963083,-0.12827473809001394
-3.761512716128214,-0.12184804244126513
-3.7592424188972853,-0.11543026923642073
-3.756946762428657,-0.10902151557269335
-3.7546258051713584,-0.10262187182507941
-3.7522795751646107,-0.0962314402370168
-3.749908130468904,-0.08985033822626368
-3.7475115567157777,-0.08347861047127413
-3.745089800295577,-0.07711640369473054
-3.7426428471120365,-0.0707638229368254
-3.7401709469829916,-0.064420970322747
-3.7376739178704517,-0.05808795622648922
-3.735151969555033,-0.0517648339500239
-3.732605007709327,-0.04545173848660596
-3.7300331579161607,-0.039148760243597605
-3.72743650512263,-0.032855947338414626
-3.724814999137989,-0.0265734466025763
-3.722168596807441,-0.020301364728521905
-3.71949760156967,-0.01403975385596863
-3.7168018529057854,-0.007788748148899657
-3.7140813600029823,-0.0015484523752538487
-3.7113362726831687,0.004681076442998523
-3.7085666601708347,0.010899711474770151
-3.7057724685001916,0.01710736511687262
-3.702953724151254,0.0233039236868882
-3.7001105277935222,0.029489310932515785
-3.697242934180118,0.03566341272224417
-3.69435107042542,0.0418261836330864
-3.691434753855285,0.047977418014795374
-3.688494288761006,0.054117118884476
-3.6855295768147585,0.060245130467616405
-3.6825406911059004,0.06636138245525681
-3.679527648850674,0.07246578392323426
-3.6764905109445536,0.07855824018619527
-3.673429345920571,0.08463864763651767
-3.6703442496621568,0.09070696053823926
-3.667235179803002,0.09676303106806013
-3.664102177932024,0.10280676714534441
-3.660945317417768,0.1088380871170677
-3.6577646437113573,0.11485689386266541
-3.654560230071522,0.12086308623730162
-3.6513321787281856,0.1268566192752712
-3.6480804328434977,0.13283732683759605
-3.6448051402123314,0.1388051401188446
-3.64150620440981,0.14475992090088818
-3.6381839273840755,0.1507016715544606
-3.6348381219840356,0.15663022570953933
-3.631468922205427,0.16254552346885612
-3.628076396869346,0.16844746524544862
-3.624660648340759,0.17433600712270603
-3.6212216415159926,0.18021100068140158
-3.617759423512228,0.1860723557734805
-3.6142740724483184,0.1919199948378567
-3.6107656382924174,0.1977538236270411
-3.6072341968581445,0.2035737473589044
-3.603679854307463,0.20937972306217664
-3.600102580869727,0.21517160316443948
-3.5965023869377313,0.22094927503412334
-3.5928795217650746,0.2267127060203486
-3.5892338375427064,0.23246173539554194
-3.585565546048722,0.2381963384341222
-3.5818745843427298,0.24391639602519524
-3.578161068581076,0.24962183021042705
-3.574425107136539,0.25531260044988435
-3.570666671773575,0.26098855807189714
-3.5668858149409797,0.26664961534809517
-3.563082620202152,0.2722956992015102
-3.5592571431550892,0.27792671827548043
-3.5554094631768534,0.28354258387233805
-3.551539691031527,0.2891432556798028
-3.5476478028374827,0.29472858625981824
-3.5437338531633453,0.30029848984840996
-3.539797917794384,0.3058528698644778
-3.5358401301572173,0.3113916713658518
-3.5318605343716953,0.3169148079751792
-3.5278590714373004,0.32242212133103015
-3.5238359197076354,0.32791360918047185
-3.5197911670022184,0.3333892122645301
-3.5157247930149724,0.33884878328160045
-3.511636854954569,0.34429223801211073
-3.507527439970988,0.34971950753534903
-3.503396609516156,0.35513050394374496
-3.4992444472933393,0.3605251451265359
-3.4950710694749345,0.36590339380309206
-3.4908764591533767,0.371265102673192
-3.4866606753028564,0.3766101892115163
-3.482423796133621,0.38193857833775136
-3.47816598013755,0.38725021283524846
-3.4738871487302245,0.392544937068559
-3.469587521233821,0.3978227516432298
-3.4652669966866467,0.4030834869795663
-3.460925820043875,0.4083271880003212
-3.456563940302942,0.4135536853814643
-3.4521814195227307,0.418762898699953
-3.4477783481517426,0.42395476412070054
-3.443354792187726,0.4291291973875993
-3.438910838662135,0.4342861230620556
-3.434446609301445,0.4394255078393572
-3.4299620948210623,0.44454720525589503
-3.425457359321936,0.4496511362185842
-3.4209324944872805,0.45473723929326104
-3.4163875667738046,0.45980543164424237
-3.4118227347353005,0.46485567294379443
-3.407237899049686,0.4698877608257432
-3.40263333423178,0.4749017565355184
-3.398008968268423,0.4798975022213046
-3.393364918351509,0.48487495358841076
-3.388701213856431,0.4898340050954181
-3.384017948702686,0.4947745985256106
-3.3793151923126246,0.4996966529784943
-3.37459303411922,0.5046000996499915
-3.369851600709491,0.5094849098434159
-3.3650908899853484,0.5143509386959004
-3.3603109709047723,0.5191981111844644
-3.3555119392197237,0.5240263714843452
-3.3506938664131583,0.5288356410189989
-3.3458569120867856,0.5336258896156597
-3.341000989851261,0.5383969078679052
-3.336126375309893,0.5431487819043065
-3.331232986020716,0.5478813260212638
-3.3263209609139754,0.552594519133057
-3.321390329210422,0.5572882547808099
-3.3164411864688375,0.5619624777991418
-3.311473573920353,0.566617087379694
-3.3064877195026643,0.5712521226264251
-3.301483562195475,0.5758674075250042
-3.2964611753339312,0.5804628668257115
-3.2914206497356733,0.5850384179250695
-3.2863621908917704,0.5895941222857706
-3.281285741045496,0.5941297925394995
-3.276191362007515,0.5986453345929302
-3.2710792296493425,0.6031407493649175
-3.265949386222454,0.6076159597589754
-3.2608019447228473,0.6120709135902287
-3.255636899558793,0.6165054569718255
-3.250454343737397,0.6209195181269703
-3.245254495202993,0.6253131362498546
-3.2400372972018077,0.6296861541884743
-3.234802871798007,0.6340384946211969
-3.2295512670978908,0.6383701153197159
-3.224282635282885,0.6426810079727845
-3.2189970405767188,0.6469710811407619
-3.2136944964416214,0.6512401996749535
-3.2083751267879044,0.6554883477170724
-3.20303901340156,0.6597154581776015
-3.1976862303939413,0.6639214562526397
-3.192316919156014,0.6681063378369453
-3.1869311452593423,0.6722700082960767
-3.181528924057845,0.6764123291564729
-3.17611037626458,0.680533271110589
-3.170675640123291,0.684632816427129
-3.1652246904702155,0.6887107706202
-3.1597577881205288,0.6927672521958814
-3.154274809404105,0.6968020007810982
-3.1487759940708155,0.7008151358099914
-3.1432613926648534,0.704806541099683
-3.1377310255843724,0.7087760838059566
-3.132185017298551,0.7127237557377061
-3.1266234527820083,0.7166494952400647
-3.121046409363297,0.7205532337338015
-3.115454028745649,0.7244349763217738
-3.1098463837930344,0.728294631509845
-3.104223497139254,0.7321320634167733
-3.098585492777312,0.735947261963085
-3.0929324463192973,0.7397401429662483
-3.0872645352639485,0.7435107342942714
-3.08158173866753,0.7472588490647795
-3.075884212622208,0.7509844763339002
-3.070171984919752,0.7546875468371608
-3.0644452334932675,0.7583680900278315
-3.05870394809294,0.7620259289914858
-3.052948254272905,0.7656610627512233
-3.0471782401914322,0.7692734347399562
-3.041393985562908,0.7728629819107699
-3.035595631448947,0.7764297185643293
-3.0297832575107475,0.7799735573412064
-3.0239568930259626,0.7834943658225918
-3.018116662878292,0.7869921416081874
-3.012262656434162,0.7904668255741258
-3.006394988600878,0.7939184000163092
-3.0005137355409746,0.7973467031733428
-2.9946190401812665,0.800751824196821
-2.9887108632689907,0.8041335113924454
-2.9827894911842834,0.8074919787621208
-2.9768548364923397,0.810826938416418
-2.9709070498649583,0.8141384282801388
-2.9649462229940595,0.8174263967328325
-2.9589724380618203,0.8206907856736609
-2.952985834913175,0.8239316172138901
-2.9469864998015534,0.8271488079076768
-2.940974468093354,0.8303422293699931
-2.93494986463668,0.8335118872783019
-2.928912782176572,0.8366577286270394
-2.922863304059864,0.8397796938566033
-2.9168016140246498,0.8428778330539533
-2.910727681774109,0.8459519034916447
-2.904641718383953,0.8490019986759815
-2.8985437542609893,0.8520280436698884
-2.8924338684328132,0.8550299292136181
-2.8863121689671276,0.8580076564868566
-2.880178749045491,0.8609611756875301
-2.874033693184437,0.8638904339877219
-2.8678771395541283,0.8667954605645432
-2.8617091811402835,0.8696761747640122
-2.855529859472449,0.872532451524568
-2.849339298851809,0.8753643041261144
-2.8431375946630175,0.878171685815588
-2.8369248324556047,0.8809545436868251
-2.8307011492816962,0.8837129070304077
-2.8244666502751383,0.8864466833963696
-2.818221356123889,0.8891557285547158
-2.8119654769594606,0.8918401160582421
-2.805699048326368,0.8944998040762798
-2.799422145068178,0.8971346619399398
-2.7931348793948736,0.8997447048640164
-2.786837335868101,0.9023298817344678
-2.7805296500395524,0.9048902285157953
-2.7742119213841354,0.9074256670736827
-2.7678841974982142,0.9099360752877179
-2.7615466020908244,0.912421472892761
-2.755199233091701,0.9148818182484627
-2.7488421777956824,0.9173170645341469
-2.742475570914521,0.9197272497654425
-2.7360995249594855,0.922112286591718
-2.7297140659448034,0.924472034472444
-2.7233194028515424,0.926806576911933
-2.716915515405069,0.9291158170841717
-2.7105026048429894,0.9313998204236893
-2.7040807122858315,0.9336584517905047
-2.697649932209428,0.9358916726274188
-2.6912103751466483,0.9380994735698851
-2.6847621390296856,0.9402818170934127
-2.678305316000228,0.9424386923036076
-2.671840094830717,0.9445701071440945
-2.665366472279273,0.9466759208588834
-2.658884613807452,0.9487561310259119
-2.6523945552497565,0.9508106924262649
-2.6458964478410567,0.9528396766757672
-2.6393903979440636,0.9548430031727495
-2.6328764604105146,0.956820554434307
-2.6263547571016206,0.9587723595796919
-2.6198253899321005,0.9606983862872787
-2.613288448620299,0.962598597839915
-2.6067440634364902,0.9644730451861081
-2.6001923470891315,0.9663216589639821
-2.5936333664408626,0.9681443134974118
-2.587067244258901,0.9699410944804956
-2.58049407878576,0.9717118031511761
-2.5739140170384838,0.9734567203997595
-2.567327096655332,0.9751754997399585
-2.5607334200021863,0.9768682565817951
-2.55413311587344,0.9785350203588565
-2.547526300737405,0.9801757209971744
-2.5409130051798363,0.9817901868078673
-2.534293448018194,0.9833786111772984
-2.527667628263655,0.9849408901850297
-2.521035682493154,0.9864769698797549
-2.514397693764938,0.9879867318791389
-2.5077538654589304,0.989470422814805
-2.5011041819722233,0.9909278460930484
-2.494448778965147,0.9923589571185678
-2.4877877918994344,0.9937637221711991
-2.481121315213985,0.9951423259504263
-2.474449431788022,0.9964944953837193
-2.4677722546689704,0.9978202960547423
-2.4610898558000045,0.9991196850151317
-2.4544024690581856,1.0003927760682634
-2.44771007380074,1.0016393970178372
-2.441012798837746,1.0028594379501354
-2.434310818294835,1.0040531978266223
-2.4276041442206493,1.0052203696786395
-2.420892907759948,1.006361041173419
-2.414177213651722,1.007475194994041
-2.407457152268637,1.0085628085367142
-2.4007328430906654,1.0096239501855095
-2.3940044191776133,1.0106585613433507
-2.3872719455267877,1.0116665347382774
-2.38053605710862,1.0126482249427537
-2.37379704537797,1.0136056773955147
-2.3670546419121967,1.0145399111634255
-2.3603087075000375,1.015449443682262
-2.353559124077301,1.0163338600047387
-2.3468057812943783,1.017191749286817
-2.3400490910678546,1.0180222401652992
-2.3332893208251826,1.0188260676539274
-2.326526409737293,1.019603582670478
-2.319760379045151,1.0203542633362617
-2.312991955787691,1.0210782618964949
-2.3062214366533875,1.0217782098881587
-2.2994483222046664,1.0224547983932928
-2.292672601867082,1.0231065511377089
-2.2858946489146175,1.023733286773261
-2.279114630840271,1.0243360779978894
-2.272332342374055,1.0249145478292385
-2.2655480105168126,1.0254683376687457
-2.258761764485997,1.0259975786057076
-2.25197362983379,1.0265024054869802
-2.2451837714713174,1.0269828635442007
-2.2383921927849997,1.027438710315789
-2.231599076363911,1.0278699797818498
-2.224804385523945,1.028276823560138
-2.218008299088526,1.0286591984944249
-2.211210879169508,1.0290170250285022
-2.2044122072867736,1.0293503267436706
-2.1976123692874032,1.02965911675085
-2.190811453585308,1.0299433764671215
-2.184009519813907,1.030203134284121
-2.1772067246573252,1.0304384376716271
-2.1704031639668044,1.0306491246323646
-2.163598863772437,1.0308353673283455
-2.1567939458850667,1.0309969431581176
-2.14998847833726,1.0311340623807956
-2.143182574443076,1.0312466501365796
-2.1363763020716102,1.0313346201919105
-2.1295697506979665,1.0313980302764763
-2.122763009132792,1.0314368796189495
-2.115956148011841,1.0314511645775832
-2.10914930799938,1.0314410089538102
-2.1023425452621245,1.0314062082888655
-2.0955359910525164,1.0313469348274116
-2.0887296747325363,1.0312630696769765
-2.0819236826896477,1.0311546934411868
-2.075118140192724,1.0310218483080928
-2.0683131187524717,1.0308644434450105
-2.061508703107558,1.0306824707845392
-2.0547049817383343,1.030475952333753
-2.0479020329533393,1.0302448516634544
-2.0410999868002015,1.0299893463907888
-2.0342989048826774,1.0297091603029902
-2.0274989025997443,1.0294045558284033
-2.020700032063629,1.0290753421068703
-2.0139023801091764,1.0287215995321666
-2.0071060453025638,1.028343410546898
-2.000311117315042,1.0279407465414536
-1.9935176816050992,1.0275135307311296
-1.9867258281206932,1.0270618168803256
-1.9799356505925598,1.026585663694969
-1.973147251791394,1.0260850129536097
-1.966360712421826,1.0255599531895063
-1.9595761033229604,1.025010370759285
-1.9527935122583984,1.0244363203337223
-1.9460130326165304,1.0238377981075524
-1.9392347548790683,1.0232148307307436
-1.932458754088267,1.022567474041942
-1.9256851299840454,1.0218956493151006
-1.9189139664702397,1.0211993635090932
-1.9121453726315272,1.0204786394300605
-1.9053794275507367,1.0197335664206864
-1.8986162300450535,1.018964120514159
-1.891855842987224,1.0181702508755743
-1.885098354543632,1.0173520167543786
-1.8783438512430408,1.0165094245468225
-1.8715924391789653,1.0156424751681614
-1.8648441878738222,1.0147512541987176
-1.8580991801103106,1.013835731782976
-1.851357541261339,1.0128957552272757
-1.8446193397681891,1.0119316373354759
-1.837884681283102,1.0109430776903832
-1.83115360742805,1.0099303353895244
-1.8244262290362026,1.008893291720102
-1.8177026294172742,1.0078319563709697
-1.8109828911112562,1.006746371054856
-1.8042671052883437,1.0056365493661008
-1.7975553911070532,1.004502531507022
-1.7908477721767837,1.0033443846842303
-1.7841443730812832,1.0021620124356303
-1.7774453246080486,1.0009555280114242
-1.7707506449776644,0.9997248078322256
-1.7640604929568513,0.9984700328993796
-1.7573748692692728,0.9971911811134393
-1.7506939031893765,0.9958881673128614
-1.744017670325895,0.994561061668066
-1.7373462571604077,0.9932098759387571
-1.7306797679750319,0.9918346180827734
-1.7240182853507091,0.9904354374312813
-1.7173619147209953,0.9890120737780064
-1.7107106975122703,0.9875648850294217
-1.704064747388256,0.9860935837226183
-1.6974241825057228,0.9845983634258337
-1.6907890088230075,0.9830792708662701
-1.6841593569843625,0.9815362399596167
-1.6775353095128345,0.9799692858970818
-1.670916946557694,0.9783784533183953
-1.66430435672473,0.9767637572880683
-1.6576976638102021,0.9751252379832855
-1.6510968882518318,0.9734629638518315
-1.6445021957755224,0.9717768926360685
-1.63791360763897,0.9700669745633387
-1.6313312410840533,0.9683333066987756
-1.6247551762833439,0.9665759699919249
-1.6181858091060604,0.964795451599604
-1.611622593773548,0.9629936801145204
-1.6050649115316102,0.9611713821921042
-1.5985131548036662,0.9593273653390878
-1.591967675351041,0.9574615716952124
-1.5854283186898295,0.9555747901714585
-1.5788950267681807,0.9536667714558597
-1.5723680263642419,0.9517372470697555
-1.5658474073290682,0.9497863951477333
-1.5593331724266812,0.9478144030705712
-1.5528253424569622,0.9458212088078167
-1.5463240807765746,0.9438067029492566
-1.539829428319279,0.9417709457418403
-1.5333414727130794,0.9397141470137738
-1.5268602469204542,0.937636071961514
-1.5203858756701285,0.9355369294444563
-1.5139183689959304,0.9334166346685155
-1.507457803220152,0.9312752446846443
-1.5010042528361558,0.929112770793544
-1.4945578004286824,0.9269292359724358
-1.4881185002118749,0.9247247359316917
-1.4816864148664304,0.9224992305137928
-1.475261659335322,0.9202527796492584
-1.4688442711857126,0.9179852947464145
-1.4624343289934216,0.9156969119612485
-1.456031846430941,0.913387680400897
-1.4496369366407604,0.9110575468570176
-1.4432496640416184,0.9087065323568657
-1.4368700883108447,0.9063346839755932
-1.4304982801973136,0.9039420236970144
-1.4241343133318773,0.9015286636732565
-1.4177782785593975,0.8990944308403639
-1.4114302206006333,0.896639617137362
-1.405090235516947,0.8941639942753674
-1.3987583263923047,0.8916678093610526
-1.392434608182042,0.889150909442114
-1.3861191274745346,0.8866133828454036
-1.3798119539438962,0.8840552521984403
-1.3735131741200581,0.8814765591459591
-1.3672227992868673,0.8788773812564283
-1.3609409431247836,0.8762576690000003
-1.3546676693087922,0.8736174467924953
-1.348403035303199,0.8709567653596156
-1.3421471279695736,0.8682756587274351
-1.3358999899236685,0.8655741924861793
-1.329661730367421,0.8628523908996469
-1.3234324157011492,0.8601101681043439
-1.3172120431883132,0.8573477488684034
-1.311000736646972,0.8545649782123713
-1.3047985461829457,0.8517619444907505
-1.2986055188443513,0.8489387388558366
-1.2924217129285138,0.846095357078563
-1.286247221916239,0.8432317825224006
-1.2800821412068162,0.8403479843471733
-1.2739264362492446,0.8374442129783899
-1.2677802631198742,0.8345203405080511
-1.261643660732433,0.8315763906605459
-1.2555166883009485,0.8286124613607728
-1.2493994142842058,0.8256285369219659
-1.2432919036930712,0.8226246637254393
-1.2371942244179623,0.8196009543168815
-1.231106486070223,0.8165572787158462
-1.2250289299808945,0.8134944152730046
-1.21896060443479,0.8104141251415532
-1.2129007762784378,0.8073168584922978
-1.2068500125428272,0.8042015546523025
-1.2008086497689483,0.8010683016754796
-1.1947763568970613,0.7979177308615047
-1.1887531613241955,0.7947496200063575
-1.182739312470935,0.7915637444397536
-1.1767348441911072,0.7883602970288704
-1.1707396985940557,0.7851394229590625
-1.1647539422797268,0.7819011293819936
-1.1587777459817277,0.7786452439378213
-1.152811068620848,0.775372003422426
-1.1468539631898396,0.7720814063185814
-1.1409064978271768,0.7687733789871367
-1.1349687185092803,0.765447991988067
-1.1290406597451517,0.7621052913306332
-1.123122386273697,0.7587452826298446
-1.1172139326707113,0.7553680411468849
-1.1113153414279597,0.7519735833971238
-1.1054267075516475,0.7485618727055756
-1.0995480578449572,0.7451330060085758
-1.0936794873768863,0.7416869196762215
-1.0878209671769976,0.7382238380488589
-1.0819726091949695,0.7347435838353682
-1.0761344362025456,0.7312462650795704
-1.0703064774016027,0.7277319585044508
-1.0644887776563827,0.7242006786504264
-1.0586814297203215,0.7206523894833154
-1.0528844573375353,0.7170871611320585
-1.0470979101838174,0.7135050222143821
-1.0413218499822783,0.7099059921234477
-1.035556295969548,0.7062901964958295
-1.0298013671302746,0.7026575125043937
-1.0240570549739727,0.6990080930753244
-1.018323429294998,0.6953419311655373
-1.012600563360397,0.6916589888023111
-1.0068884682804846,0.6879593636311659
-1.001187155430774,0.6842431238305199
-0.9954967232915716,0.6805102355638081
-0.989817217577564,0.6767607274208692
-0.9841486746908762,0.6729946500888832
-0.9784913273614319,0.6692126103820526
-0.9728439439797943,0.6654163478836075
-0.9672056751308779,0.661606328264521
-0.9615773049744285,0.6577814203512616
-0.9559591606817607,0.6539417079924086
-0.9503508304951722,0.650087812138035
-0.9447522803002896,0.6462196398340365
-0.9391638524331865,0.6423368240567152
-0.9335854638131496,0.6384396730265123
-0.9280170833344288,0.6345282155006589
-0.9224587745764924,0.6306023982250741
-0.9169106351470239,0.6266622165740795
-0.9113726679366813,0.6227077594949126
-0.9058448594108426,0.6187391016914124
-0.9003272852650414,0.6147562246884782
-0.894820042321027,0.6107590864346811
-0.8893230904828647,0.6067478449870505
-0.8838364913931194,0.6027224693595774
-0.878360305023399,0.5986829426999246
-0.8728945282205093,0.5946293241582067
-0.867439213664483,0.590561626825001
-0.8619943726964476,0.5864799176145122
-0.8565600420363709,0.5823842125407332
-0.8511363004030086,0.5782744816769984
-0.8457231603496392,0.5741507838399034
-0.840320663677951,0.5700131827786222
-0.8349288860123373,0.5658616260714807
-0.829547776100099,0.5616962866840854
-0.8241774593053691,0.5575170204446444
-0.8188178951941991,0.5533239776262642
-0.8134691243549792,0.5491171652785927
-0.8081312262740973,0.5448965549020328
-0.8028042086618913,0.5406622068409711
-0.7974881076500245,0.5364141481584203
-0.7921829601222928,0.5321524261011318
-0.786888825688367,0.5278770541061264
-0.7816057161693025,0.5235881031019278
-0.7763337192949277,0.519285483389646
-0.771072750636415,0.5149694018007265
-0.7658229553267757,0.5106397193330425
-0.7605843243531797,0.5062965198122297
-0.7553568926202,0.5019398318635736
-0.7501407065367051,0.49756967440699024
-0.7449358835127113,0.493186718288301
-0.7397410022197283,0.488792538011268
-0.7345552861544195,0.48438735708770586
-0.7293794806590927,0.479970319077752
-0.7242139283768618,0.47554148318589423
-0.7190581734934008,0.4711013339098054
-0.7139121256759816,0.46664983826339584
-0.7087761535832019,0.46218668554397707
-0.7036502271526076,0.45771205526546294
-0.6985342147626943,0.45322607404181875
-0.6934282138220831,0.4487286490257771
-0.6883323229369899,0.44421977580457195
-0.6832464639311838,0.43969959737106196
-0.6781707003068794,0.4351680823251439
-0.6731050942504787,0.4306252095855735
-0.6680496658579634,0.42607105138165585
-0.6630044067002848,0.4215056592650762
-0.6579693916986428,0.41692895501013444
-0.6529445408201313,0.41234110956892006
-0.6479299800544862,0.40774200788353754
-0.6429256874179688,0.40313172184306845
-0.6379316917261587,0.3985102692603592
-0.6329480323891109,0.39387766094397103
-0.6279747041789682,0.38923395798451416
-0.62301173044704,0.38457918307041694
-0.6180591939067676,0.37991330977271154
-0.6131170851755766,0.37523641558929993
-0.6081854718068979,0.3705484618957694
-0.603264295669607,0.3658495852317857
-0.5983536512114983,0.3611396977787324
-0.5934535197497328,0.3564188742436843
-0.5885639442045782,0.3516871059736981
-0.5836849367981087,0.3469444280437109
-0.5788165992053496,0.3421914609817342
-0.5739573856523951,0.3374296587343658
-0.5691063726315231,0.33265932268533355
-0.5642645082056837,0.32787947430556746
-0.5594320843287462,0.32309023528734687
-0.5546085694775847,0.3182921469999114
-0.5497939451534181,0.313485048325819
-0.5449885895595601,0.3086686530205885
-0.5401923334031399,0.30384327481415946
-0.5354051509562666,0.2990088778007948
-0.530627091636208,0.2941654165971469
-0.5258582368699259,0.28931288973669317
-0.5210985575915393,0.2844513656025174
-0.5163480235225487,0.27958088615187815
-0.5116066994319489,0.2747014552844244
-0.5068746305944318,0.2698130579835946
-0.5021518219778704,0.2649157395435851
-0.49743824906162115,0.2600095346781263
-0.49273396652494716,0.2550944118954154
-0.48803896907920186,0.2501704083459883
-0.48335328331641053,0.24523752881032257
-0.47867690514426214,0.24029581445015094
-0.47400985606186846,0.2353453012042945
-0.4693522068700144,0.2303859413837853
-0.4647039142606887,0.22541785005867235
-0.4600650277879237,0.22044096474322533
-0.45543556690956666,0.21545532679959475
-0.4508155188023433,0.21046094473170016
-0.4462049190371547,0.2054578252278296
-0.4416037582861139,0.20044601397383355
-0.4370120472697133,0.19542554038934934
-0.43242984444210086,0.19039637811077897
-0.427857143308236,0.18535857059612845
-0.423293968113947,0.1803121445114967
-0.41874036779934704,0.17525708573822243
-0.41419628444780165,0.1701935101927075
-0.4096618015036861,0.16512131769364546
-0.40513690239108435,0.1600405961681305
-0.40062160724583445,0.1549513168241948
-0.39611593046147625,0.14985350798529026
-0.391619899395693,0.14474717511809412
-0.3871334792362772,0.1396323938410189
-0.38265673539682804,0.13450913550849583
-0.3781896851439457,0.12937742219990842
-0.3737323351748353,0.12423728576556022
-0.36928474881035006,0.1190887151001975
-0.3648468368823449,0.11393183893266116
-0.36041871875987147,0.1087665297766921
-0.35600033585335494,0.10359291504112753
-0.35159174287857714,0.09841093510927981
-0.3471929386613831,0.09322063099269687
-0.34280395154937016,0.08802200827533113
-0.338424771289012,0.08281511084205798
-0.33405541013495904,0.07759997038069127
-0.32969592701855677,0.07237656195603918
-0.325346334628996,0.06714491367271931
-0.32100660405897774,0.06190510782902303
-0.31667680887582894,0.05665708904354793
-0.3123569412633004,0.051400934688110855
-0.30804700100063437,0.04613662796992835
-0.3037470171693892,0.0408641820040388
-0.29945699376849183,0.035583616713780235
-0.2951769479441752,0.030294948705594075
-0.29090690575068734,0.02499818220148478
-0.28664683231921745,0.0196933944577195
-0.2823967931803259,0.014380558266540507
-0.2781568466535166,0.009059670675440586
-0.2739269003232779,0.0037308662834228345
-0.2697070593077287,-0.0016059510324389948
-0.26549732168966056,-0.006950725055575671
-0.2612976793838888,-0.012303452864091964
-0.2571081629000981,-0.017664128067538202
-0.2529287366514037,-0.023032672843464212
-0.2487594662924096,-0.028409114231227963
-0.24460037773258012,-0.03379342879219549
-0.24045145783781227,-0.039185573166126565
-0.23631276182344238,-0.044585562714252215
-0.23218424406393878,-0.04999330885894796
-0.22806596824274925,-0.0554088780936581
-0.22395793303690678,-0.0608322392522316
-0.21986010588038077,-0.06626331611791285
-0.2157725524769862,-0.07170213512788952
-0.21169528640286198,-0.07714868076467545
-0.20762831076607452,-0.08260292531871614
-0.20357163761903319,-0.08806483443759536
-0.19952533388816593,-0.09353439674577822
-0.19548932985461107,-0.09901155076233467
-0.19146372687522958,-0.10449636672313167
-0.1874484485387521,-0.10998870744735162
-0.18344357143679357,-0.11548866080573401
-0.17944909831139247,-0.12099619022349631
-0.17546501325989763,-0.12651125194995705
-0.1714913288896855,-0.13203380985566934
-0.1675281044803705,-0.13756388693675572
-0.16357532736734903,-0.14310144735399313
-0.15963301723103182,-0.14864646823877714
-0.15570118161454394,-0.15419891144767595
-0.15177986062056212,-0.15975878071734487
-0.14786905642885662,-0.16532600853696938
-0.1439687621035213,-0.1709006230061734
-0.14007902706036648,-0.17648259076455253
-0.13619983490388102,-0.18207190857369582
-0.1323312143483942,-0.187668570735965
-0.12847312892787147,-0.1932724966115095
-0.12462564431193089,-0.19888371142553146
-0.12078882541217967,-0.20450280397144252
-0.11696447881976306,-0.21013082843109293
-0.11315356709256444,-0.21576781518865942
-0.10935506792872608,-0.22141237312701656
-0.10556681218355247,-0.22706350219621205
-0.10178864524077079,-0.23272161692088025
-0.09802148845447797,-0.23838713736877162
-0.09426533249902264,-0.24405983162783534
-0.09051963661941417,-0.24973943102224186
-0.08678456858793407,-0.2554261269195673
-0.08306039379556704,-0.26111994846758363
-0.07934700671133339,-0.2668207737003166
-0.07564429597106398,-0.2725285662540025
-0.07195239802577018,-0.2782433817277709
-0.06827141416047658,-0.2839657276844065
-0.06460314391058686,-0.2896966762023002
-0.0609485476159588,-0.29543618987726344
-0.0573065813715002,-0.3011835548565208
-0.053677006352278366,-0.30693886986475716
-0.05006050808166966,-0.31270249342904577
-0.04645706624458838,-0.31847421343248855
-0.0428663582008746,-0.32425385302735593
-0.039288403416363464,-0.3300408943594198
-0.035721618016519414,-0.3358343925518486
-0.03216481767200219,-0.34163411326242316
-0.02861917513020642,-0.3474408746814821
-0.02508490147038135,-0.3532544463888999
-0.021561458820813388,-0.3590745147170982
-0.018048896109877192,-0.36490179732840394
-0.014549441715515659,-0.37073740649635856
-0.01106399604893072,-0.3765812223882001
-0.007591267316851212,-0.3824323928717022
-0.004131209062806015,-0.38829121595785976
-0.0006844920424185491,-0.39415792525272536
0.0027489373174361467,-0.4000323349864762
0.0061694243932531884,-0.40591427188103346
0.009576826000050541,-0.41180386585924944
0.012970953099339736,-0.4177011208598914
0.016351992580246843,-0.42360533464531563
0.019721945240500145,-0.42951549972107667
0.02308161904972511,-0.435431663338806
0.02642974038772677,-0.44135507011191943
0.0297642541606789,-0.4472864416017246
0.033084822489935335,-0.45322541235936914
0.036392552737446564,-0.45917140496018105
0.039687236646037155,-0.4651247907721371
0.04296836246626004,-0.47108567429992165
0.046236083521964615,-0.47705384391118627
0.04949064504424971,-0.4830292162545717
0.052731857958632694,-0.4890118914311822
0.055959605781208364,-0.4950018517993242
0.059174041379794415,-0.5009989363438166
0.06237523630182186,-0.5070025829427551
0.06556500649857439,-0.5130119139354856
0.06874431983322153,-0.5190269151830864
0.07191189640657174,-0.5250488047873596
0.07506567987113459,-0.5310781697880377
0.07820528256759499,-0.5371147450606061
0.0813317871059455,-0.5431580026258553
0.08444507760772722,-0.5492082272442225
0.08754456830924605,-0.5552655649806993
0.09063043730182865,-0.5613297873815138
0.09370296981421306,-0.5674008015054547
0.09676196048567125,-0.5734786838801174
0.09980724609252413,-0.579563434534374
0.10283905679946682,-0.5856543650630024
0.10585944513725128,-0.5917505410617014
0.10886917706868995,-0.5978521434170909
0.11186681650796461,-0.6039609031766141
0.1148483587604298,-0.6100781786015232
0.11781267944069575,-0.6162029802359608
0.12076391061684545,-0.6223334316725653
0.12370309428562377,-0.6284700652578732
0.12662782301385772,-0.6346139120561726
0.12953816685784914,-0.6407642907334568
0.13243534984245894,-0.646920804848799
0.1353190153074804,-0.6530838444991597
0.1381884939097189,-0.6592535187755785
0.14104437491618305,-0.6654288340481787
0.14388877198246325,-0.6716090986261828
0.14672229246742238,-0.6777944929311859
0.14954387062691316,-0.6839855156266664
0.15235281761048425,-0.6901836791526799
0.15514413675605718,-0.696390390058966
0.157916857976686,-0.7026047428955039
0.1606749321865236,-0.708825228244212
0.16341825884128272,-0.7150521704825804
0.16614664900774356,-0.7212854335419396
0.16886170291286973,-0.7275243665899361
0.171563369351531,-0.7337687974079391
0.17425287979309642,-0.7400181006145669
0.17693137820173105,-0.7462721859075567
0.17959806965429292,-0.7525314965706555
0.18225248472998865,-0.7587959780621643
0.18489536065639744,-0.7650647375343418
0.18752869161207295,-0.7713371401051627
0.19013255053559416,-0.7776074527033585
0.19264274049056737,-0.78396916718249
0.1950019622389285,-0.7903831168416859
0.19726382276979482,-0.7968247318805098
0.19943601078578935,-0.8033021311534281
0.20148648553242962,-0.8098220072185658
0.20341771723547444,-0.8163748718058829
0.20524578446363234,-0.8229565135737736
0.2069642097358122,-0.8295697744397266
0.20856483211377605,-0.8362124102188334
0.21005238708276341,-0.842880197929242
0.21142946003422963,-0.8495719813783731
0.21269166034072248,-0.8562869341040459
