-0.11355176238460996,0.008103906321377481
-0.11355174829123493,0.008103906243704594
-0.11239713685959248,0.008103902260078694
-0.11008692938341642,0.008103896955281468
-0.10662132000085628,0.00810388879829274
-0.10200025374405157,0.008103881202004164
-0.09622372158959842,0.008103874744646892
-0.08946038322503547,0.008101379776765408
-0.08265743666702162,0.008082850441077137
-0.07585472437430646,0.008040720174617613
-0.06905381296037719,0.007981874949904995
-0.06225186705846712,0.007908482721145539
-0.05544882493081657,0.007816424484710836
-0.04864634400195955,0.007705464337388358
-0.041844123501406476,0.007577964922075843
-0.03504141512383516,0.007433475150497216
-0.028238658543751825,0.007270793233232782
-0.021436241223460512,0.007090481616434877
-0.014633909035973267,0.0068930572425001625
-0.007831598304407904,0.006678083968138421
-0.001029549271313851,0.0064453870899990225
0.005772179106874741,0.0061952514775091274
0.01257364832215661,0.00592770853042249
0.019374789766822588,0.0056426021245030685
0.026175501388241224,0.005339961955718776
0.03297576127188848,0.005019875044973556
0.03977554546485964,0.004682311679855032
0.04657478636205161,0.004327237753103984
0.053373428657626974,0.003954682203957503
0.06017150145946349,0.0035646514839330463
0.06696839997255363,0.0031571549090773335
0.07376377025865703,0.00273219901842041
0.08055698155059268,0.0022898459262682565
0.08734776160298781,0.001830109297451689
0.0941361356700981,0.0013529558610614245
0.10092205671240877,0.0008583876285744467
0.10770545686658929,0.00034643290353799316
0.11448662956921031,-0.00018296203074557812
0.12126580926908344,-0.00072974931040822
0.12804364001007504,-0.0012941273785082553
0.13482031695580865,-0.001876027285498621
0.14159586988087805,-0.002475427870019436
0.14837024917544736,-0.003092305213454898
0.1551433940244784,-0.0037266651059309408
0.1619152577486172,-0.004378509028498016
0.1686857934875303,-0.0050478310058706686
0.17545495409657239,-0.0057346321364633735
0.18222268972827965,-0.006438915119914878
0.18898895039033378,-0.007160677268086337
0.19575368045164432,-0.007899910250406171
0.20251682738879825,-0.008656614395826653
0.20927832255482653,-0.009430783724702707
0.21603815079366467,-0.010222409070794221
0.22279652376640022,-0.011031486953846937
0.22955316906647039,-0.011858019778228588
0.23630805860291348,-0.012701997438088128
0.2430611657969427,-0.01356340414060887
0.2498124639654901,-0.014442232782373991
0.2565615496529368,-0.015338450229274268
0.2633078862826635,-0.01625194335086991
0.27005115776453914,-0.01718271696253059
0.2767909478398855,-0.01813066928120451
0.2835271086503088,-0.019095813655762402
0.290259690405115,-0.020078142758027735
0.2969888249832661,-0.021077672147196195
0.3037148724804142,-0.022094630583035138
0.3104379217401209,-0.02312872694729011
0.3171584715101473,-0.02418031800118479
0.3238767092522814,-0.02524931044436903
0.33059267591022734,-0.02633569717998118
0.33730632379090547,-0.027439448160832037
0.34401760369383294,-0.028560565293099402
0.35072646520586515,-0.029699042829652557
0.3574328588852413,-0.030854862302298846
0.3641367446421686,-0.03202802218482387
0.3708380744999065,-0.033218520012376726
0.37753680100510423,-0.034426348663321435
0.3842327634930027,-0.03565148127540538
0.39092557815918844,-0.03689388957292482
0.397614927115953,-0.03815337942354612
0.4043005073379516,-0.03943007816630498
0.41098212568593645,-0.040723843195947095
0.417659646435707,-0.04203467425832129
0.4243330762423226,-0.043362539013494295
0.4310024496122041,-0.04470750336819674
0.4376679405149117,-0.04606960051687574
0.4443297453021351,-0.04744879677331118
0.45098804065458803,-0.04884524192461635
0.45764301272772856,-0.05025892581007784
0.46429444938241166,-0.05168936967627557
0.47094285334960223,-0.05313454372277153
0.47758883204533403,-0.054593754425628374
0.48423212442878455,-0.05606823259412793
0.4908723669761554,-0.05755803464941946
0.4975095251446387,-0.059062453785475165
0.5041435070749216,-0.06058149164981842
0.5107739122919904,-0.062115546054044846
0.517400560935494,-0.0636643137713959
0.5240233515368262,-0.06522775137799515
0.5306422400387238,-0.06680576811376761
0.5372571083857705,-0.06839862460334405
0.5438680125155418,-0.07000604353234226
0.5504750563356481,-0.07162818195890333
0.5570783188114921,-0.07326507396409244
0.5636779447342731,-0.07491673482041582
0.5702740023527311,-0.07658315012492511
0.5768666286882211,-0.0782643794348996
0.5834557850887843,-0.07996041478135933
0.5900415509030932,-0.08167125306058445
0.5966237655406728,-0.08339689442335091
0.6032023911433362,-0.08513725819087839
0.6097772390497876,-0.08689231080855483
0.6163481645622202,-0.08866209798719273
0.6229150609434556,-0.09044646418127221
0.6294777772377539,-0.09224547232864815
0.6360361987327313,-0.09405903339873115
0.6425902953035133,-0.0958871680560645
0.6491400359871059,-0.0977298791226725
0.655685412209531,-0.09958715163835903
0.6622264930617278,-0.10145893985592253
0.668763286118891,-0.10334537113544713
0.6752959000061725,-0.10524635689590199
0.6818243417946294,-0.10716200108933434
0.6883486973630736,-0.10909224657575774
0.6948689010932048,-0.11103712226787162
0.7013849728186172,-0.112996614279629
0.7078968429510824,-0.11497074658617555
0.7144044656652001,-0.11695937197991207
0.7209076637061773,-0.11896255842971196
0.7274064043174113,-0.12098029294846735
0.7339005315013162,-0.1230124534252395
0.7403900125012335,-0.1250591149039501
0.7468747424853379,-0.12712014946380895
0.7533547045966902,-0.12919564294815047
0.7598298579242302,-0.1312855810139057
0.7663002290997,-0.13338985200797035
0.7727658064866891,-0.13550860948591775
0.779226571716683,-0.13764172670726008
0.7856826078248749,-0.13978931553289223
0.7921338891697547,-0.14195131915626416
0.7985804240008402,-0.14412780851068968
0.8050222538968113,-0.14631865207531985
0.8114592542412851,-0.14852392048515192
0.8178914226294003,-0.15074359542507645
0.824318721505606,-0.15297768944647375
0.830741057738314,-0.15522606821147986
0.837158374548616,-0.15748881729932182
0.8435705736453818,-0.15976590157186732
0.8499776386732476,-0.16205719075359082
0.8563794537158896,-0.16436280690055982
0.862776028692131,-0.1666826299914333
0.8691672879447463,-0.16901669201065606
0.8755532708699528,-0.17136503706895923
0.8819339125640507,-0.1737275731882861
0.8883089695249954,-0.1761038485046658
0.8946792336570362,-0.17849183728514376
0.9010454933600575,-0.1808911040222523
0.9074072972705369,-0.1833026924634398
0.9137643422856994,-0.1857267807066516
0.9201169538375381,-0.18816252401723957
0.9264651262850332,-0.1906102230326584
0.9328086781669578,-0.19307006678428654
0.9391475156415645,-0.1955419549370856
0.9454817287667592,-0.1980256819141034
0.9518112120647723,-0.20052138712014694
0.9581359178815623,-0.20302907655218427
0.964455791234419,-0.20554868870996465
0.9707708862511132,-0.20808014916541315
0.9770811013903039,-0.2106235893532887
0.9833864886310922,-0.21317887309656425
0.9896869828792042,-0.21574608090948771
0.9959826365933863,-0.2183251679409814
1.0022733802068737,-0.22091614927426573
1.0085592797874312,-0.22351904880517742
1.0148402627191755,-0.22613379768462216
1.0211163626199924,-0.22876044827444433
1.0273875044351204,-0.2313989965495693
1.0336537335687608,-0.23404933446246518
1.0399149329576967,-0.23671156991419984
1.046171133138319,-0.23938559541519017
1.0524222247615795,-0.24207142518874036
1.0586682408598378,-0.244769078978959
1.064909103459104,-0.24747849548240497
1.0711448295757484,-0.25019971259804535
1.077375345483226,-0.25293265279389887
1.0836006532777596,-0.2556774070270396
1.0898207813296281,-0.25843381242023883
1.09603563740078,-0.2612020334875737
1.1022452856884393,-0.26398191720026015
1.1084496777510933,-0.26677359539831924
1.1146487819689321,-0.26957693114249315
1.1208425996467002,-0.2723920614137707
1.1270311589504534,-0.27521880845509655
1.1332143567990516,-0.2780573053576568
1.1393922255234115,-0.2809074722843098
1.1455646972442608,-0.28376932209524214
1.1517317783553491,-0.2866428421031888
1.1578933962939382,-0.2895279535794309
1.164049527658433,-0.2924247697988826
1.170200191577381,-0.29533310531337664
1.1763452874817135,-0.29825310418322626
1.1824848642023493,-0.3011846472121845
1.1886188677427552,-0.3041277961865193
1.1947470427127984,-0.3070819796921262
1.2008704075115855,-0.3100453462855634
1.2069897152277518,-0.3130173737416506
1.21310444208364,-0.3159991705680816
1.219214253376723,-0.3189908275610533
1.225319544600404,-0.32199160242666325
1.2314203030232118,-0.32500168772804733
1.2375163400416935,-0.3280214049083905
1.2436076347356209,-0.331050602477924
1.249694352191692,-0.3340890410004378
1.255776336274629,-0.3371369304461892
1.2618535916880014,-0.3401942806055948
1.2679261226371101,-0.3432610180431932
1.2739938977463754,-0.3463370556979366
1.28005687336789,-0.34942254464430833
1.2861151058475102,-0.35251732347490883
1.2921685079928054,-0.3556214802891818
1.2982171265392184,-0.358734989001563
1.3042608851721431,-0.3618578428499375
1.3102998332913376,-0.3649900401741898
1.3163339456595937,-0.36813156914684525
1.3223632067421707,-0.37128242849821513
1.3283875835220298,-0.3744426239974492
1.3344070643656498,-0.377612116307793
1.3404216747301188,-0.38079089004012323
1.3464313597220539,-0.3839789831853587
1.3524361203374236,-0.38717636516650245
1.3584359161113542,-0.3903830246804604
1.3644307624722731,-0.39359893258865336
1.370420582995417,-0.39682408922210405
1.376405399253182,-0.40005853711048717
1.3823852476229987,-0.4033021461908374
1.3883600568776324,-0.40655504129705045
1.3943298058247,-0.4098171809999692
1.4002943264680683,-0.4130879419027002
1.4062546781368408,-0.4163655730620589
1.4122116517503445,-0.41964961527538364
1.4181646757152704,-0.422941179563796
1.4241134088656258,-0.4262402501000067
1.4300582854040262,-0.42954614046539846
1.4359992829096315,-0.4328590756708268
1.4419361949651788,-0.4361793623643382
1.4478690756661123,-0.43950673795495737
1.4537980170073637,-0.4428411702530909
1.4597229584367317,-0.4461827609630578
1.4656438298774876,-0.4495315189548761
1.471560708204146,-0.45288734812421655
1.4774735660178382,-0.45625028499947096
1.4833823835590434,-0.45962034267380497
1.4892871025786658,-0.46299751084818996
1.4951877508760643,-0.46638178241421624
1.5010843578868027,-0.4697730796838111
1.506976857939857,-0.47317152348636055
1.5128652573222874,-0.4765770438488383
1.518749597379378,-0.47998961777437277
1.524629828059464,-0.48340928558451796
1.5305059167672037,-0.48683604160720195
1.536377908697717,-0.4902698013950736
1.5422457365903484,-0.4937106480580772
1.5481094440389627,-0.4971585174620177
1.5539689890835433,-0.5006134643856416
1.559824369417431,-0.5040754450814369
1.5656756195899468,-0.5075444387059045
1.571522693142434,-0.5110204814436431
1.5773655948230678,-0.5145035532213961
1.5832042822519352,-0.5179936721642916
1.5890388009358345,-0.5214907415123302
1.5948690677692638,-0.5249948543205979
1.6006951280291295,-0.5285059748176644
1.6065169444581369,-0.5320240691672636
1.6123345471433,-0.5355491775111204
1.6181479151978373,-0.5390812817819362
1.6239570054921137,-0.542620396570129
1.6297618854964735,-0.5461664547532546
1.6355625005938743,-0.5497194950134373
1.6413588459232789,-0.55327951425925
1.6471508837961946,-0.5568465260084997
1.6529386646480817,-0.560420420312278
1.6587221057892167,-0.5640013014456529
1.6645012392735474,-0.5675891263992364
1.6702758494186996,-0.5711833021338693
1.676047154879002,-0.574782125388498
1.6818159965175932,-0.5783851610512609
1.687581732814246,-0.5819935431482898
1.6933439979510019,-0.5856071751574995
1.6991032986020425,-0.5892254429961596
1.7048596146063348,-0.5928485999889717
1.710612758271728,-0.5964768230847189
1.7163626643540388,-0.6001100262384104
1.7221095394683392,-0.6037480493095844
1.727853322208643,-0.6073910327817591
1.7335939256610946,-0.611039015312232
1.7393313888730693,-0.6146919043591289
1.745065769309437,-0.618349674815148
1.7507969843300042,-0.6220123888173101
1.7565250256610168,-0.6256800234741934
1.7622499093460449,-0.629352572510189
1.7679716511930912,-0.6330300210090517
1.7736902386706876,-0.6367123978034712
1.7794056515840804,-0.6403997020469738
1.78511789997535,-0.6440919205878757
1.7908270044870234,-0.6477890204634329
1.7965329132591592,-0.65149101966762
1.8022356299006095,-0.6551979158014357
1.8079351454301633,-0.6589097356421811
1.8136314935505495,-0.6626263871761284
1.819324650691402,-0.6663479527885728
1.8250146023584055,-0.6700744231763942
1.8307013542765094,-0.6738057878819337
1.8363848542321435,-0.6775414940303519
1.8420659978524148,-0.6812796749045512
1.8477458874655606,-0.6850200955868413
1.853423900311527,-0.688763888949946
1.8590996042258288,-0.6925108231109999
1.8647734410690593,-0.6962604013412459
1.8704455412025962,-0.7000128450540867
1.8761156243317951,-0.703768421425972
1.88178370612601,-0.7075268818401571
1.8874499027775045,-0.7112881581336309
1.8931141859915728,-0.7150523843191074
1.8987764613773817,-0.7188196027610143
1.9044368092163848,-0.7225896517352414
1.9100952468125143,-0.7263626226268768
1.9157517202846668,-0.7301385492203928
1.921406245306543,-0.7339174088496838
1.9270588490092553,-0.7376991445747904
1.9327095055107615,-0.7414837937486078
1.9383581923617414,-0.745271377281346
1.9440049179406955,-0.7490618446743893
1.9496496858372097,-0.7528552112652099
1.9552925114596795,-0.7566514920465449
1.960933364868561,-0.7604507039479178
1.9665722726089772,-0.7642528302519843
1.9722092406929919,-0.7680578392400507
1.977844228807697,-0.7718657491155017
1.9834772538614056,-0.7756765612867911
1.9891082976012031,-0.7794902862418617
1.9947373927091014,-0.783306867730564
2.0003644623067243,-0.7871258634148597
2.005990439059355,-0.790945370119694
2.0116164759700093,-0.7947651674542778
2.0172419408444027,-0.7985863529511515
2.0228663424048796,-0.8024087617263133
2.028490139600641,-0.8062318526276301
2.0341134772668736,-0.810055820808128
2.0397360639575624,-0.8138809240282056
2.0453579141717526,-0.8177069919520048
2.050979165792878,-0.8215339537167151
2.0565998076163594,-0.8253619106534692
2.0622197567831124,-0.8291908683463046
2.0678390348648286,-0.8330207500271408
2.073457668428418,-0.8368516002060468
2.079075562510184,-0.8406829206394236
2.084693701768907,-0.8445127655134369
2.0903132023085726,-0.8483409912422841
2.0959334203884112,-0.8521687094450177
2.1015539015106603,-0.8559957250403339
2.107175117865983,-0.8598214615533117
2.112797187210594,-0.8636461678172589
2.1184198167715476,-0.8674700916904277
2.1240430029123334,-0.8712930392531136
2.129666907912782,-0.8751149118131221
2.135291505993879,-0.8789358614785775
2.1409167281771535,-0.8827558898834765
2.1465426038499165,-0.886574934117759
2.1521692226748885,-0.8903935237856926
2.157795586450393,-0.8942135769322196
2.163420551454925,-0.8980346877196188
2.1690456464190113,-0.9018539734733347
2.1746725082368084,-0.9056713580131452
2.180300021740687,-0.9094885133416568
2.185927613666857,-0.913305001117515
2.191556006443969,-0.9171200708332318
2.197185351132276,-0.9209341231410232
2.2028151940781524,-0.9247474778438327
2.208445574503971,-0.9285598201899571
2.2140767066589597,-0.9323710483665327
2.2197085165594195,-0.9361813615967016
2.2253409200253826,-0.9399907733218992
2.2309739918321627,-0.9437991655121435
2.236607762876173,-0.9476065756562707
2.242242124161485,-0.9514125290851676
2.2478780097371818,-0.9552151016426611
2.253516512767107,-0.9590141276233615
2.259157061570679,-0.9628106461957938
2.264799153040554,-0.9666045112158994
2.270443259671196,-0.970395192731861
2.276089542493366,-0.9741828849753709
2.281737702643027,-0.9779678493054631
2.2873877152468234,-0.9817499098254129
2.293039741633092,-0.9855289612608896
2.298693759019511,-0.9893051142537606
2.304349650522477,-0.9930783989265856
2.310007461665934,-0.9968487395500597
2.3156672494936297,-1.0006161551860588
2.3213289463765743,-1.0043801208031033
2.3269934107044596,-1.0081388108008562
2.332661803757304,-1.011891958560499
2.338333473482651,-1.0156406723468325
2.3440079800142053,-1.0193847397596956
2.349685747861562,-1.0231236395530388
2.3553668939715773,-1.026857613076171
2.361051174731288,-1.0305868874727016
2.3667385943194965,-1.0343112627265973
2.372429283393912,-1.0380306507330412
2.378123182288099,-1.0417452091273705
2.383820230649997,-1.0454549209406991
2.3895205521891687,-1.0491601927135727
2.395223170394311,-1.052863011744341
2.400926956816208,-1.0565630547361369
2.406633398618112,-1.060257306895562
2.412344093440923,-1.0639457135201904
2.418058009089515,-1.06762993127065
2.4237744565406585,-1.0713096200223347
2.4294942040262875,-1.074983904437764
2.435217420652174,-1.07865319235473
2.4409436025460916,-1.0823178555884403
2.446672801570492,-1.085977551653416
2.4524052452537046,-1.0896321944764613
2.45814089920581,-1.0932819533310372
2.4638796233383387,-1.096926847217892
2.469621452701924,-1.1005667943848871
2.4753664587897566,-1.1042017754461273
2.48111450276607,-1.1078313440745364
2.4868664505311115,-1.1114535252218054
2.4926234252828356,-1.1150680842160205
2.4983847768769216,-1.1186761731251131
2.504150115943056,-1.1222775697912915
2.5099197918312055,-1.1258717558270859
2.515694009116839,-1.1294589201207508
2.521472462565931,-1.133039342789413
2.527255163245804,-1.136612787605634
2.533042190737944,-1.1401792175931116
2.538833541494297,-1.1437387139852953
2.544629119671639,-1.147291297115412
2.550428972061306,-1.1508368647971283
2.5562330074434394,-1.1543749100227707
2.5620420138414106,-1.157903577040708
2.567857143509469,-1.1614225340308004
2.573677785249767,-1.1649329174557632
2.579503470725851,-1.1684345941212573
2.5853346117043667,-1.1719269678663997
2.5911713652743336,-1.175410235353356
2.597013440722763,-1.1788846816817324
2.60286074309134,-1.182350118469366
2.60871348984326,-1.185806379103818
2.6145715336910462,-1.1892536442790862
2.6204348982443126,-1.1926918773694193
2.6263035501924565,-1.19612102150463
2.6321775248461545,-1.199541076378111
2.638056691958704,-1.2029515776612056
2.6439418379814335,-1.2063505044724663
2.6498340362470962,-1.2097376089260954
2.6557327096533347,-1.2131139648811673
2.6616373562558744,-1.2164794970253787
2.66754842484569,-1.2198335188622769
2.6734659554240565,-1.2231763243281295
2.6793897459415597,-1.226508126108167
2.6853197467268286,-1.2298287285437983
2.6912560850193445,-1.2331380386591313
2.697198674813726,-1.2364361851178802
2.703147457612936,-1.2397231349313569
2.7091024323673705,-1.2429987967461256
2.7150634667393545,-1.2462627195853317
2.721031326201524,-1.2495128801315085
2.7270070065014465,-1.2527489800966425
2.7329900453905713,-1.2559721267688826
2.738979897918952,-1.2591822312303922
2.7449769144477987,-1.26237867430135
2.750981265619054,-1.2655616082444028
2.756992648679281,-1.268731323436318
2.763011006839785,-1.2718876149848415
2.769036410851881,-1.2750303472229698
2.775068871041573,-1.2781596734332379
2.7811082540763046,-1.2812755289446256
2.7871545764214485,-1.2843779131199076
2.7932076844154903,-1.2874662911680699
2.7992682657776573,-1.2905386548714002
2.8053373576235074,-1.2935946516474404
2.811414428670749,-1.2966354090299967
2.8174989676043216,-1.299660807301196
2.8235912725319086,-1.3026702572740907
2.8296915251018455,-1.3056638501629723
2.835799353207658,-1.3086419378270528
2.84191475876815,-1.311604289348955
2.8480378325544518,-1.3145507511084826
2.854168519126455,-1.3174814591816142
2.86030685094034,-1.3203969146668633
2.866452176619381,-1.323299029013715
2.8726032285274816,-1.3261877299795666
2.878761050041778,-1.3290597782783802
2.8849272461118964,-1.3319148249552686
2.8911008184618048,-1.33475470924187
2.897281171317351,-1.3375791211289159
2.9034688372299335,-1.340387064178767
2.9096640122209596,-1.3431789517859078
2.9158662700166698,-1.345955165099807
2.9220755300493173,-1.348715411492809
2.928291952161633,-1.351459508362667
2.93451549349657,-1.3541875933015362
2.940745987706709,-1.3568997173586816
2.946983440176213,-1.3595957394170588
2.953227641650988,-1.3622751493649599
2.959479160750545,-1.3649359919817445
2.965738958425217,-1.367577731810409
2.972006600333558,-1.3702016252730491
2.9782815193150585,-1.3728075707370888
2.9845640408814775,-1.3753948539340843
2.9908542825055466,-1.3779636718992188
2.997151959255178,-1.3805143073733237
3.003456985379179,-1.3830465509128107
3.0097694237055386,-1.3855603053602454
3.0160891614110263,-1.3880556261815362
3.0224161386806285,-1.390532554661128
3.0287501250170665,-1.3929904252741754
3.03509158548223,-1.3954272975050426
3.0414415121973937,-1.397842633938036
3.0477994413590976,-1.4002376483397223
3.0541648378863218,-1.4026122379603665
3.060537950663302,-1.4049657743980148
3.066918868940297,-1.4072984226772949
3.0733073425746893,-1.409610395629859
3.079703243309126,-1.4119015252726284
3.0861066357770937,-1.4141716429786453
3.092517419036134,-1.4164209427372147
3.0989354796008435,-1.418649323129619
3.105360516906278,-1.4208562317243048
3.111793007112241,-1.423039609171947
3.1182337991856177,-1.4251990011424138
3.1246825198001336,-1.4273355160949446
3.1311385927670465,-1.4294491131941998
3.1376022399959274,-1.431539103333459
3.144073580949928,-1.433605640865256
3.1505522906963894,-1.4356490876161225
3.157038219008372,-1.4376691972231939
3.163531453433382,-1.439665738515248
3.1700319022183896,-1.441638820950868
3.1765393135370354,-1.4435885890672493
3.183053524437392,-1.4455143593082385
3.1895747221765354,-1.4474140169277192
3.1961038832264252,-1.4492870453937314
3.2026405666858104,-1.4511347345904217
3.2091841754768407,-1.4529569850014643
3.215734919399732,-1.4547530066619208
3.222292892426397,-1.456523065938642
3.228857801645173,-1.4582673522279324
3.235429416110715,-1.4599857469833837
3.2420078248665263,-1.4616781192234536
3.2485929180865365,-1.4633444904183825
3.2551845400237878,-1.4649848084659498
3.261782273837586,-1.4665987126022502
3.268386367218592,-1.468183894486389
3.2749976596410075,-1.4697398212218347
3.2816157665603165,-1.4712678051104178
3.2882400560048843,-1.4727677591627695
3.294870713748711,-1.4742388700300535
3.301507722925988,-1.4756814083819754
3.308150877130538,-1.4770957099372417
3.314799939057567,-1.4784814226067178
3.3214549279763084,-1.47983847833772
3.3281157418817773,-1.481166959621798
3.3347821473862833,-1.4824670264451776
3.3414538298085477,-1.483737865810736
3.348130723215668,-1.4849775000597667
3.3548137147487838,-1.486185332142951
3.3615024600960917,-1.4873625100976329
3.3681963518739972,-1.4885089477558022
3.3748953640602077,-1.4896241235698904
3.3815999574999944,-1.4907085364165427
3.3883097249524052,-1.491764588623715
3.3950235513216658,-1.4927926264596696
3.4017414410323843,-1.493791539438908
3.408463901236846,-1.4947611908714058
3.415190524548748,-1.4957022936606754
3.421920639734493,-1.4966141774640394
3.428654336726731,-1.4974945264401613
3.43539249070443,-1.4983426787660725
3.442134739330247,-1.4991599820216006
3.4488803660317706,-1.4999464407986562
3.4556295559539074,-1.5007013141353343
3.4623823470133646,-1.5014247117407182
3.4691384012681303,-1.502116968921752
3.4758975046323255,-1.5027778945570782
3.482659629655657,-1.5034073222332378
3.489424665416677,-1.504005470265311
3.496192306022487,-1.5045722215059834
3.5029621995016926,-1.5051072817323425
3.509734077007672,-1.505608310344053
3.516508656432726,-1.506074697834162
3.5232857757773943,-1.506507732807946
3.5300647082710968,-1.5069075186538206
3.5368454595449417,-1.5072732196800143
3.5436281184973883,-1.5076049128659648
3.5504123087207216,-1.507903046912158
3.557197864265305,-1.5081675127426368
3.5639846666791137,-1.5083980071816123
3.5707725833066672,-1.5085945706689505
3.57756131988209,-1.5087574981423173
3.5843508206923405,-1.508886611230163
3.591140893224019,-1.5089818459711302
3.597931368323734,-1.5090431363897554
3.604722002432597,-1.509070824862601
3.6115127417088924,-1.5090646731914648
3.6183033741763033,-1.5090246548237702
3.6250936990257934,-1.5089507684735552
3.6318835661121773,-1.508843269864431
3.6386728419314145,-1.5087019126132042
3.6454613338112245,-1.5085266530796446
3.6522488286389723,-1.508317617881215
3.6590352283555214,-1.50807487288648
3.665820342447621,-1.507798274140842
3.6726036358249585,-1.5074873860997495
3.6793845205245117,-1.5071403706252684
3.686163656447226,-1.5067563040364833
3.692940964615356,-1.5063364243958641
3.6997157787276227,-1.505880782318069
3.706487917479633,-1.5053890015180957
3.7132574933822595,-1.5048609914238942
3.7200242085901856,-1.5042970138468803
3.7267881322831076,-1.5036976226035519
3.7335496015058984,-1.5030645009681878
3.740307758583022,-1.502398551805876
3.74706219474103,-1.501698880149143
3.753813170094749,-1.5009651294097643
3.7605601780181916,-1.5001975046733038
3.7673022840646926,-1.4993942255272972
3.7740400535750327,-1.4985539210467347
3.7807736528514795,-1.497677871478937
3.7875023734672277,-1.4967664649053976
3.7942259377763836,-1.495819203595883
3.80094444855067,-1.4948357264248897
3.807657723453474,-1.4938168767868871
3.8143653994931705,-1.4927622952441562
3.8210673430526363,-1.4916718878630708
3.827763439593467,-1.4905457987488353
3.834453435499306,-1.4893842917312423
3.8411371328966903,-1.4881871339990869
3.847814353800915,-1.486954214691139
3.8544849732859796,-1.485685989928785
3.8611487020173954,-1.4843822619644989
3.867805397575627,-1.4830429869739823
3.8744548982097027,-1.4816682366691094
3.881096970815594,-1.480258258184978
3.8877314834165544,-1.4788127786059515
3.8943581820885536,-1.4773321015538554
3.90097691296176,-1.4758160998502055
3.9075874957982153,-1.4742648073941131
3.9141897143871893,-1.4726785523687747
3.9207833890441735,-1.4710571229069478
3.927368333604125,-1.4694005190131028
3.933944388400502,-1.467708978990276
3.9405113374406606,-1.4659823977302011
3.9470689760279005,-1.4642209149434513
3.9536171841373804,-1.46242462859485
3.9601557233276603,-1.4605934587439244
3.966684394536291,-1.4587274766258296
3.9732030358806285,-1.4568267681296994
3.9797114354188707,-1.454891357695964
3.9862094732860736,-1.4529214310527836
3.9926969146307663,-1.450916850056774
3.9991736045195085,-1.4488777158744561
4.00563933442135,-1.4468042543971023
4.012093945739605,-1.4446963687951455
4.018537206644688,-1.4425539956327733
4.024969034407021,-1.4403775623341075
4.031389154537469,-1.438166895443679
4.037797428882318,-1.4359219345255958
4.044193683067477,-1.433643086522267
4.05057767542216,-1.4313299843808638
4.056949328291753,-1.4289831349340192
4.063308368577804,-1.4266023733209343
4.069654639371082,-1.4241877252490147
4.075987953260219,-1.4217392518089829
4.082308175673025,-1.4192572977123576
4.088615082435853,-1.4167416786445826
4.094908485974417,-1.4141924205511294
4.101188251755547,-1.4116097337510747
4.1074541824975155,-1.4089937602843672
4.113706063259607,-1.4063443140051917
4.119943804723033,-1.4036617645980953
4.126167163821511,-1.4009460037517791
4.1323759658861965,-1.3981971027439686
4.138570042646766,-1.3954151517754916
4.14474923119904,-1.3926003966947165
4.150913296135559,-1.3897526313447441
4.157062144303881,-1.3868722695720652
4.163195545138745,-1.3839591124844244
4.1693133543859116,-1.3810133455743854
4.175415425450657,-1.3780351641783433
4.181501482717168,-1.3750243460499776
4.187571510410217,-1.3719813780655954
4.193625229215182,-1.3689061147482071
4.1996624764149315,-1.3657986004010814
4.205683107174873,-1.362659002000178
4.211686937970915,-1.3594873488637969
4.217673837025496,-1.356283826655434
4.223643595393233,-1.3530484996706111
4.229596027579936,-1.3497813670229661
4.235530953512083,-1.3464825169364936
4.241448301684491,-1.3431523072976248
4.24734781818725,-1.339790593400864
4.2532293181180245,-1.3363974306114852
4.25909269309819,-1.3329730526127757
4.264937783146598,-1.329517619082638
4.270764388025114,-1.3260310824507544
4.276572294348196,-1.32251346111357
4.282361478399419,-1.3189651620914284
4.288131645291485,-1.3153859895101168
4.293882675968418,-1.3117761361840716
4.29961440314205,-1.3081356971589717
4.305326719139402,-1.304464921769804
4.311019332169137,-1.3007636441361736
4.31669218572462,-1.2970321852360065
4.322345061611318,-1.2932705419912192
4.327977824185539,-1.2894788367711667
4.3335903659218,-1.2856572883420503
4.339182497096177,-1.2818059377095792
4.344754035872501,-1.2779248473027662
4.350304752804601,-1.2740140214201172
4.355834685749932,-1.2700739005675767
4.3613435465917965,-1.266104375789381
4.366831136398947,-1.2621054406783432
4.37229747180671,-1.2580775293927704
4.377742187814799,-1.2540203726095642
4.383165326975252,-1.2499344561163364
4.388566613031876,-1.2458196929115777
4.39394588688059,-1.2416761649837318
4.39930298189466,-1.2375039900799356
4.40463788933408,-1.2333035239609227
4.409950332801298,-1.2290746639003842
4.415240136864964,-1.224817496086181
4.420507226421362,-1.2205322731940151
4.425751491016658,-1.2162191818030799
4.430972670628618,-1.211878149212754
4.436170669679295,-1.2075093807289567
4.441345336599369,-1.2031129942214644
4.446496538992307,-1.1986891463910847
4.451624145372367,-1.1942380153407588
4.45672795595759,-1.1897596219902449
4.461807807594798,-1.1852540921405232
4.466863589888142,-1.1807215544619756
4.471895225413642,-1.1761622384080128
4.47690253728664,-1.1715762222458874
4.481885259082242,-1.1669634673596596
4.486843435078173,-1.1623243664490204
4.491776856194822,-1.1576589547081273
4.4966853621608625,-1.152967320234613
4.501568721020849,-1.1482495017638414
4.5064270494275345,-1.1435059447089373
4.511260505754534,-1.1387365010858317
4.516070766960133,-1.1339428008587114
4.5208576059890495,-1.1291259942996912
4.525619856586367,-1.124285268463994
4.530357895411045,-1.1194206106663465
4.535071915181673,-1.114532507510263
4.5397609724193835,-1.1096210953542887
4.544423145879939,-1.1046850485437336
4.549058503058592,-1.0997234152891608
4.553667865308926,-1.0947372445532053
4.5582512724853865,-1.0897270576459852
4.562809808063415,-1.0846935667548336
4.5673438969905575,-1.079638155254332
4.5718523921332865,-1.0745602644168164
4.5763353112680605,-1.0694596337671871
4.580792994195166,-1.0643367642893962
4.585225258796002,-1.059192019899546
4.589631694782487,-1.0540251842635837
4.594012259785015,-1.0488362997061438
4.598367029617611,-1.0436257522411478
4.602695852420251,-1.0383936824332691
4.606998451033176,-1.0331399849523775
4.611274911500906,-1.02786497078662
4.6155250278266795,-1.0225686754642105
4.619748702718347,-1.0172513026657533
4.623945903862232,-1.0119130078544059
4.628116452347236,-1.0065538453455802
4.632260171480833,-1.0011739002286142
4.636377137515926,-0.9957734854755774
4.640467115648364,-0.9903525725546152
4.644530128761835,-0.9849114328932606
4.648565965099823,-0.9794501026279274
4.652574436357633,-0.9739686545044587
4.656555700735134,-0.9684674729766645
4.660509427619455,-0.9629464448764422
4.664435640148814,-0.957405859008761
4.668334171471391,-0.9518457371475766
4.6722049850895555,-0.9462662755830483
4.676048050007125,-0.9406676859230854
4.679863104534207,-0.9350499444370995
4.6836500738886855,-0.9294132390757849
4.687409070250009,-0.9237578580222248
4.69113982001355,-0.9180837855388846
4.694842194199934,-0.9123911415585262
4.698516225363596,-0.9066801853815779
4.70216183239508,-0.90095101117272
4.70577877835647,-0.8952036853037669
4.709367123858042,-0.8894384555668543
4.712926637543792,-0.8836553681673961
4.716457332152142,-0.8778546650802029
4.719959177094588,-0.872036494512076
4.7234318967419275,-0.8662008670391871
4.726875632695364,-0.8603481071637327
4.730290153049387,-0.8544782487580173
4.733675281324743,-0.8485913871790196
4.737031210232261,-0.8426878887194582
4.740357658243559,-0.8367677221102768
4.743654502987369,-0.8308310306886109
4.746921755016702,-0.8248779917542103
4.750159341783922,-0.8189087569017263
4.753367227618939,-0.8129235258460503
4.756545177754484,-0.8069223480960421
4.759693273222001,-0.8009054492651788
4.7628113426419105,-0.7948729286784177
4.765899199989499,-0.7888248782818506
4.768957071909056,-0.7827616470677926
4.7719846963525825,-0.7766832289119506
4.774981969678462,-0.7705897728568386
4.777948800298608,-0.764481443460333
4.7808853433918115,-0.7583585032664562
4.783791322233122,-0.7522209783113615
4.786666624002303,-0.7460690061646444
4.789511359977293,-0.7399028358548149
4.792325830231381,-0.7337224082553264
4.795111840572426,-0.7275284222021816
4.797870080486386,-0.7213222914472729
4.80059907118855,-0.7151035384847585
4.803298768600174,-0.7088717975995158
4.805969964232717,-0.7026276834267478
4.8086122109631235,-0.6963714001776753
4.811225141091693,-0.6901028459286778
4.813809150860413,-0.683822261961203
4.8163640343193785,-0.6775297713193967
4.818889668524421,-0.671225563349159
4.821385987580323,-0.6649096469941452
4.823853109396121,-0.6585822395558512
4.826290922718777,-0.6522435044019502
4.828699227073068,-0.6458934986023175
4.831078047345539,-0.6395323760088665
4.8334273475241085,-0.6331602880803533
4.835747056100151,-0.6267773653110601
4.838037204681489,-0.6203837785215311
4.840297701546663,-0.6139796601273527
4.8425284063721215,-0.6075650984072445
4.8447293382294685,-0.6011402584821343
4.846900449629544,-0.5947052745742426
4.849041694771402,-0.5882602750103366
4.851153122780071,-0.5818054391745965
4.8532345670839305,-0.5753409172075875
4.855286079325461,-0.5688668198097486
4.857307438364731,-0.5623832546317262
4.859298778241791,-0.5558903792507137
4.861260067261648,-0.5493883813244219
4.863191153283462,-0.5428773475254217
4.865091985827008,-0.536357413765596
4.866962552061452,-0.529828731385635
4.868802807188998,-0.5232914382821523
4.870612746972136,-0.5167456691149298
4.872392382180157,-0.5101916190004786
4.8741415739380445,-0.5036293762723989
4.875860271189481,-0.4970590846493694
4.877548492870086,-0.49048087734618107
4.879206247744625,-0.4838949747193329
4.88083348642152,-0.47730144814366265
4.882430086688786,-0.4707004392630646
4.883996075886651,-0.46409209360388176
4.885531411200839,-0.45747655227119055
4.8870360479492865,-0.4508539458541982
4.888510043366945,-0.4442244466132024
4.889953305597723,-0.4375882060649475
4.891365699756401,-0.43094532224150456
4.8927472657914235,-0.4242959576319317
4.894097970512856,-0.41764025475629296
4.895417781157569,-0.41097834393444255
4.896706769093537,-0.40431039445165484
4.897964854604346,-0.39763656177267376
4.899191808059609,-0.39095695125885055
4.900388004248759,-0.38427176471469504
4.901553020666049,-0.3775810721542922
4.902687150507178,-0.3708850873506449
4.903790200997611,-0.36418390699336844
4.9048621410607005,-0.357477672033384
4.90590297409201,-0.35076653453981427
4.906912668321991,-0.3440506360613283
4.907891234893145,-0.33733010292922205
4.908838697639558,-0.33060514230956817
4.90975492705507,-0.3238758542223703
4.910639900103971,-0.3171423800499756
4.911493631081172,-0.3104048713772712
4.912316062060535,-0.30366346595472576
4.9131078193892455,-0.29691806192376347
4.913870776742967,-0.29016872435040025
4.914605578358024,-0.2834165191929387
4.9153111299659775,-0.2766614502594846
4.915986843646321,-0.2699035108371273
4.9166312795878975,-0.26314301223311365
4.917243551324925,-0.25637941255485097
4.917824684191629,-0.2496128687692675
4.918375264213114,-0.2428434729979506
4.918896774562601,-0.236071279970736
4.9193898164741485,-0.22929707590519777
4.919853756779049,-0.2225211195064501
4.920288200821611,-0.21574302124225167
4.920693680082224,-0.20896302074786868
4.921070133568878,-0.20218147887627091
4.921417486231474,-0.19539840136865508
4.9217356194208115,-0.1886138068749418
4.922024633781213,-0.18182790165968532
4.922284553424322,-0.17504090551055299
4.922515371373669,-0.16825280078005544
4.9227170238165225,-0.16146374429494467
4.922889447430546,-0.15467388740421845
4.923032820376039,-0.14788341691814286
4.923147062981375,-0.1410923175471296
4.923232085916219,-0.13430081561861557
4.9232879491892465,-0.127509011418237
4.9233146087782185,-0.12071700381310674
4.923312201561887,-0.1139250169046653
4.9232806398483335,-0.10713307230280375
4.923219779789462,-0.10034135768804256
4.9231298900514675,-0.09354994960786109
4.92301087350005,-0.08675900172057636
4.922862634754832,-0.07996862210195214
4.922685243435476,-0.07317893664123014
4.922478698507663,-0.0663900697420967
4.9222429976197795,-0.05960213173757632
4.921978236970318,-0.052815269717334176
4.921684367646459,-0.046029614180865194
4.921361296834352,-0.03924527908766255
4.921009099604707,-0.03246238820980914
4.92062775088337,-0.02568106324571155
4.920217421344984,-0.01890145808661455
4.919777912342557,-0.012123683227548143
4.919309315074656,-0.005347884881636745
4.91881161425145,0.0014258481889341465
4.918284930032562,0.00819738065056526
4.917729108711963,0.014966592737335227
4.9171441994639284,0.02173336715193068
4.916530340627816,0.028497562613647717
4.915887422318319,0.035259070898333494
4.915215349888137,0.04201775145170798
4.914514441153272,0.04877349949028428
4.91378451007706,0.055526165497228504
4.913025540589334,0.0622756443089276
4.912237539012575,0.06902180279876656
4.911420746425375,0.07576452475262276
4.9105749714160405,0.08250367139626744
4.909700193466987,0.08923913061484388
4.908796546140579,0.0959707883285233
4.907864057427307,0.10269848081609678
4.906902740028349,0.10942213255116173
4.905912497105749,0.11614159469327745
4.904893360271556,0.12285671869383319
4.903845522533737,0.12956741581598655
4.902768856332639,0.13627351590367767
4.901663368400961,0.14297494628501542
4.900529098484066,0.1496715521791572
4.899366163058354,0.1563632311081838
4.898174534360245,0.16304987762111053
4.8969541383374215,0.1697313436829684
4.895705067432946,0.17640751669998317
4.894427343350495,0.18307827409794772
4.8931209851242485,0.18974347495447078
4.89178611007996,0.19640300221554122
4.8904226909264334,0.2030567644260756
4.889030653202384,0.20970460685504047
4.887610087447742,0.21634641957605938
4.88616104442149,0.22298204768641455
4.8846834755037385,0.22961140408938802
4.883177586639803,0.2362343137984214
4.881643180014917,0.2428507207524795
4.880080368095118,0.24946048763377218
4.878489177157445,0.2560634902800104
4.876869669882974,0.2626595681651068
4.875221927980289,0.269248680020722
4.873545884592038,0.27583065385290534
4.871841569194414,0.28240537105903474
4.870109030580819,0.2889726862320976
4.86834839476925,0.29553252185855877
4.866559570297436,0.30208469493458295
4.864742714507267,0.30862914918378676
4.8628977201621995,0.3151657398496059
4.861024672337602,0.32169435700657284
4.859123595315421,0.32821486476066264
4.857194876848787,0.33472759211956
4.855240448425365,0.3412333121893562
4.853260949560497,0.34773088448657047
4.851253392758506,0.3542189049876891
4.849216523671529,0.360698211794158
4.847152295287023,0.3671692821489306
4.84506107508154,0.3736313234271423
4.842941711985564,0.3800840486402791
4.840794408718213,0.38652771808285297
4.838619670736374,0.39296221659453345
4.836417811367571,0.39938766329682823
4.834190262136518,0.4058049414136556
4.831938358882082,0.4122135661855976
4.829661047356649,0.4186128669990492
4.827358036402676,0.4250031231525401
4.825030007107657,0.43138446725549157
4.822676945519478,0.4377565060956163
4.820298562730804,0.444119102252074
4.81789495855474,0.4504723105048373
4.815466142515964,0.4568155665989005
4.813010265762654,0.4631476727561071
4.810526219922906,0.46946902639124843
4.808015170657215,0.47578003005113895
4.805477892245762,0.4820806645111219
4.802915328306144,0.4883715820538994
4.80032881637018,0.4946525899002904
4.797717439385106,0.5009230367519303
4.795080896792149,0.5071830541056446
4.792419824501482,0.5134327996257888
4.789734307287754,0.5196719984321743
4.787023991688128,0.5259004294355588
4.784288999296267,0.5321181396635487
4.781529530613891,0.5383250490344561
4.778745571398477,0.544520978685816
4.775937171788549,0.5507058665037602
4.773104382531812,0.5568796461146438
4.770247170671502,0.563042149270732
4.767365696036339,0.569193318700758
4.764459992815346,0.57533304886008
4.76152999707411,0.5814612368654167
4.758575837713674,0.5875778163542258
4.755597527740282,0.5936826698745098
4.752595195686206,0.5997757371463949
4.749568850460702,0.605856922630322
4.746518445865496,0.611926083223857
4.7434440822242605,0.6179831532076348
4.740345804637674,0.6240280386190131
4.737223653833531,0.6300606326286675
4.7340777565500165,0.6360808726106792
4.730908124521247,0.6420886636108349
4.727714654170781,0.6480838207704837
4.724497703376904,0.6540663600904932
4.721257020197479,0.6600360906985997
4.717992906356606,0.6659930156263648
4.714705220519475,0.6719369807493017
4.711394073284923,0.6778679072250217
4.708059594689246,0.6837857380184329
4.704701797263576,0.689690375857352
4.701320645727234,0.6955816796355191
4.697916246131368,0.7014595885474186
4.694488646494644,0.7073240097158487
4.691037890886031,0.7131748400105611
4.687564109402841,0.7190120246588232
4.684067288135379,0.7248354297452804
4.6805475336004045,0.7306449689941354
4.677004766718359,0.7364405259812402
4.673439171435951,0.7422220540534346
4.669850831898618,0.7479895023614991
4.666239718352102,0.7537427217457832
4.6626058821918335,0.7594816240837344
4.65894940447525,0.765206134691102
4.65527031009289,0.770916143212506
4.651568835607269,0.7766116194847538
4.647844772023734,0.7822923654960935
4.644098416018324,0.7879584050971459
4.640329634544672,0.7936095761076535
4.636538543016487,0.7992458102901622
4.632725275515268,0.8048670612089169
4.6288898561788265,0.8104732296368491
4.625032263191249,0.8160641742675288
4.6211526110997125,0.8216398436479753
4.617250958830208,0.8272001498760937
4.6133273602373475,0.8327449961061241
4.609382006830849,0.8382743630213727
4.605414697940021,0.8437880004973703
4.601425806402224,0.8492860052883284
4.597415146197177,0.8547681547991387
4.593382935459741,0.8602344523611027
4.5893291128838625,0.8656847591250318
4.585253786068629,0.8711190152665237
4.5811570100186145,0.8765371255349417
4.577038920587416,0.8819390509440016
4.5728995490064746,0.8873246923457787
4.568738880064823,0.8926939082918849
4.564557030211296,0.8980466529985403
4.560354062424049,0.9033828412596312
4.556130034577908,0.9087023798461081
4.551885084280546,0.914005233722354
4.547619248706716,0.9192912936531317
4.543332493694542,0.9245604042750347
4.539025023057909,0.929812559986365
4.534696879045827,0.9350476656873952
4.530348039631847,0.9402656076943516
4.525978619036053,0.9454663369595713
4.521588674195449,0.9506497599988515
4.517178343215502,0.9558158455489398
4.512747664275832,0.9609644950390377
4.5082966292200215,0.9660955681207518
4.50382535694343,0.971209025584062
4.49933391468457,0.976304785247785
4.494822352133249,0.9813827442018692
4.490290894230097,0.9864429215953953
4.48573939218927,0.9914850829406241
4.481168076347515,0.9965092607736236
4.476576895267262,1.0015153092067661
4.4719659876003774,1.0065031963836175
4.467335469771173,1.0114728855190918
4.462685334493482,1.0164242281025688
4.4580156492629985,1.0213571472866867
4.453326507967667,1.026271585256916
4.448618041317355,1.031167492770565
4.443890219224142,1.0360447038758505
4.439143251269894,1.0409032642700378
4.434377078179419,1.0457429804724814
4.429591827023553,1.050563849908169
4.4247875557909975,1.0553657746103824
4.41996440528276,1.0601487347386767
4.4151224238114715,1.0649126317264315
4.4102616122431515,1.0696573256769473
4.405382091607238,1.0743827872281375
4.4004839351567595,1.0790889396253924
4.395567209909215,1.083775698913821
4.390632105341249,1.0884430669795684
4.385678523578037,1.0930908201795193
4.380706688862427,1.0977189995727805
4.375716622429851,1.102327514753277
4.3707083590878755,1.1069162508076094
4.365682006892287,1.111485176627425
4.3606376407668686,1.1160342180615224
4.355575329476171,1.1205633004211408
4.350495231202043,1.1250724010195818
4.3453973577493645,1.1295614087477626
4.3402817747421,1.1340302428096496
4.335148498850083,1.138478751249164
4.329997816061619,1.1429070684536027
4.324829647914003,1.147314985506285
4.319644049906479,1.151702401095943
4.31444123609902,1.1560693730874472
4.3092211659077,1.1604157136060287
4.303983962227261,1.1647414030808931
4.298729727528956,1.1690463795502455
4.293458528174913,1.173330525109807
4.28817052346057,1.1775938838446398
4.282865636001589,1.1818362320602698
4.277544097867309,1.1860576769536486
4.272205950765717,1.1902581003657484
4.266851209907281,1.1944373644955475
4.261479998236419,1.1985954514908945
4.256092396646601,1.2027322919273846
4.250688479327954,1.206847809935227
4.245268387238639,1.2109420022881732
4.239832185884888,1.2150147737330528
4.234379895903297,1.219065977857325
4.228911675214801,1.2230956419037597
4.223427523311631,1.2271035653409577
4.217927683364527,1.2310899239981463
4.212412113950636,1.2350544970612496
4.2068809050981795,1.2389972362697246
4.201334160735309,1.2429181030172878
4.195771963202036,1.2468170333001456
4.190194407381376,1.2506939841905762
4.184601631816424,1.2545489409449353
4.17899365213932,1.2583817280135077
4.173370606221008,1.2621923676101503
4.167732506926427,1.265980679846559
4.162079522913242,1.269746751835623
4.156411739489801,1.2734904978058326
4.150729169442591,1.2772117707158874
4.145031938175498,1.2809105657654836
4.139320132850516,1.284586824000019
4.1335938331981605,1.2882404819740287
4.1278531810435455,1.291871553316605
4.1220982531810995,1.2954799499963943
4.116329071676851,1.299065504408401
4.110545829184,1.3026283219408477
4.104748497043038,1.3061681664725264
4.098937314362966,1.3096852217588713
4.093112263989488,1.3131792678825596
4.087273435985079,1.3166502586837334
4.081420936348388,1.3200981583982268
4.075554852384318,1.323522905246873
4.069675279392323,1.3269244629927353
4.063782361185227,1.3303028242745496
4.057876127778582,1.3336578084463593
4.051956716904629,1.3369894873201633
4.046024151888963,1.340297657129799
4.0400785922433915,1.3435824392889717
4.03412013741228,1.3468437534716249
4.028148809946181,1.3500814595299766
4.02216473564929,1.3532955644059184
4.016168006126979,1.3564860157746836
4.0101587040411655,1.3596527555875275
4.004136968861314,1.362795804885283
3.9981028868127346,1.3659150741409014
3.992056493508954,1.3690103911814906
3.9859979661137204,1.372081875501361
3.97992730937479,1.3751292928360874
3.9738447260148906,1.3781528095702613
3.967750231175306,1.3811522472354845
3.9616439167025796,1.3841275592371516
3.955525890954408,1.3870787245215388
3.9493962456981113,1.3900056957991216
3.9432550766418637,1.392908452820207
3.937102532987497,1.3957869993277938
3.9309386585377273,1.3986411594241783
3.9247635799182743,1.4014710189429351
3.918577343839106,1.4042763693126799
3.912380090212401,1.4070573461200906
3.9061717758428554,1.4098143613899954
3.899953023447371,1.4125492924331071
3.8937250165001926,1.4152625644418413
3.8874873989575915,1.4179529437033132
3.8812397493744735,1.420620456044429
3.874982595367949,1.423265828405789
3.868716255658851,1.4258881247315904
3.8624401205882726,1.428485117605518
3.8561530861202775,1.4310564340454492
3.849855656416708,1.4336039226864663
3.843548994213585,1.4361294587654898
3.837233758315205,1.4386326446789581
3.83090947182452,1.4411125286466675
3.8245760062776712,1.443569470464631
3.818233802613703,1.446003857989938
3.8118829697614025,1.4484153689501653
3.8055234736577,1.450803835422486
3.799155339073883,1.4531693904187915
3.7927787614394313,1.4555119432487391
3.786393819434583,1.4578315499468386
3.7800005041998213,1.4601280107526868
3.7735989418367897,1.462401425657302
3.767189230900337,1.4646517408786608
3.76077142171669,1.4668789181947326
3.7543456502513606,1.4690829977009943
3.747911964440195,1.4712638791466104
3.741470443141497,1.473421520156787
3.7350211719989357,1.4755559138703882
3.7285642344050847,1.477667036857059
3.7220997540594807,1.4797549391409741
3.7156277592659164,1.4818193999785554
3.7091484419641083,1.4838605959574283
3.7026617630213825,1.4858783892131493
3.6961678694101474,1.487872784826564
3.6896668097891805,1.4898437197399763
3.6831586781938577,1.4917911930864713
3.6766435567938682,1.493715175335892
3.6701215163259393,1.4956156628359132
3.6635927005059044,1.4974926793923231
3.6570571478276626,1.4993461163359505
3.65051494885275,1.5011759007523011
3.643966214901348,1.502982188067174
3.637410995270432,1.504764760962502
3.6308494449467417,1.5065237413087038
3.6242815599248113,1.5082589959164956
3.617707436762682,1.5099705757076713
3.6111272192569785,1.5116584986896366
3.604540947588013,1.5133226564080624
3.5979487038490285,1.514963025537108
3.591350581120797,1.5165796091948505
3.5847466626605335,1.5181723825902291
3.5781370163923194,1.5197413465789353
3.57152179059635,1.5212865277991006
3.564901026677188,1.5228078196584032
3.5582747948708873,1.5243051267795342
3.5516432907797655,1.525778671236945
3.5450064836174935,1.5272282566982243
3.538364518890875,1.528653823920954
3.531717438566175,1.5300555232606954
3.5250653570065045,1.531433186255494
3.5184083439535505,1.5327868486396543
3.511746476844463,1.534116448718933
3.5050798762414,1.535422141655676
3.498408585922655,1.536703750320873
3.4917326998261733,1.5379612303820336
3.4850523739728465,1.5391946616385364
3.478367602989597,1.54040406225488
3.471678506082214,1.541589327529415
3.464985160126995,1.5427503796783133
3.4582877225782984,1.5438874060043426
3.451586197036069,1.5450002116133756
3.4448806816357016,1.5460888313431815
3.438171313374306,1.5471533620651592
3.431458134742824,1.5481935833064726
3.4247413245014995,1.5492096200554502
3.4180208415724938,1.5502014691171853
3.4112968721753547,1.5511689664532617
3.404569406217978,1.5521122560599063
3.3978386182082683,1.553031342915095
3.3911045527102233,1.553926129858418
3.384367273027651,1.5547965736116922
3.3776269505439505,1.555642749427637
3.370883570691341,1.5564646839558154
3.364137263330779,1.5572622748878073
3.357388111536225,1.5580354476922016
3.3506362770075393,1.5587843741780403
3.3438817258112667,1.5595089584445962
3.337124603188966,1.56020915919331
3.3303650245907557,1.5608849379978336
3.323602735169692,1.5615367489010523
3.316837725407381,1.5621667523470724
3.3100710653752023,1.562775529654273
3.3033026923765862,1.5633619835188417
3.2965322205599334,1.5639258241722895
3.289759913752223,1.564467927981309
3.282985988191453,1.5649880614838176
3.2762103745250126,1.5654859051095307
3.2694331222320026,1.5659616677028807
3.2626543606687677,1.5664154164455921
3.2558741899022987,1.5668470116324098
3.249092624576403,1.5672564118146493
3.2423097308302116,1.5676436919609573
3.235525584193471,1.5680088763772617
3.228740338192506,1.568351975808879
3.221953979588325,1.5686727821011575
3.2151666738485307,1.5689715455902664
3.208378383427649,1.569248134603866
3.20158927203494,1.5695025539913827
3.194799344980608,1.5697348007213123
3.188008686454919,1.5699448922348909
3.1812173445656446,1.5701328434916753
3.174425450817991,1.5702987008229339
3.167633047548306,1.5704423829035363
3.1608402047419037,1.570563884600041
3.1540469810771454,1.5706631711519803
3.1472535275639673,1.5707404215113752
3.1404598366566576,1.5707954697859534
3.1336660380564867,1.57082827668742
3.126872128447032,1.5708389253019366
3.120078238858974,1.5708274672120324
3.1132844192443376,1.5707938080236539
3.1064907385273486,1.5707379478860528
3.09969726915534,1.570659913300319
3.092904078178225,1.5705597056941938
3.086111232946179,1.5704373499244897
3.07931883230067,1.570292898891159
3.0725269568566365,1.5701262484898288
3.0657356546658874,1.5699374898003013
3.058945022097833,1.5697264757588887
3.0521551392564255,1.56949346406197
3.0453660362926414,1.569238220983607
3.038577790719995,1.5689608189944733
3.0317904775489537,1.5686612760863738
3.0250041782014003,1.5683396393059141
3.0182189611725394,1.5679958273592705
3.0114348947791996,1.567629841967963
3.0046520630961777,1.5672416966717568
2.9978705594970836,1.566831455718756
2.991090429448962,1.5663991280551854
2.9843117428057573,1.5659446341263115
2.9775345657454473,1.5654680322379213
2.9707589706443343,1.5649693279159629
2.9639850388465403,1.5644485179942615
2.957212832040368,1.5639056780095457
2.9504424472784727,1.5633407404533237
2.94367395428105,1.5627537592317549
2.936907419505552,1.5621446041277813
2.930142907195452,1.5615134076846302
2.923380474873856,1.5608601941246927
2.916620207286738,1.5601848854101277
2.9098617891706136,1.55948783326531
2.9031048018542256,1.5587711046535593
2.8963500775704523,1.5580357078404057
2.8895978544945122,1.5572802243043105
2.882847733140078,1.5565046396171711
2.876099771789208,1.5557095485716423
2.869354251580559,1.554895058537981
2.8626111898356315,1.554060665307527
2.8558705117737575,1.5532065158182964
2.8491323347228104,1.5523328172572752
2.8423967746375514,1.55143944853546
2.8356638623338433,1.5505263584333622
2.8289335924815893,1.5495936834469493
2.8222060875708745,1.5486413629832736
2.8154814182820074,1.5476693588414918
2.8087596092098237,1.546677683033776
2.8020407552618884,1.5456664678002972
2.7953248916547917,1.5446355315012217
2.7886120468174886,1.5435851235483273
2.781902297209226,1.542515040219497
2.775195689853509,1.541425379657381
2.7684922832973133,1.540316146747901
2.761792156151792,1.5391873414931536
2.7550953416526607,1.538039040251502
2.748401888438782,1.5368712253959966
2.741711872948721,1.5356838303487685
2.7350253411941456,1.5344769005515793
2.728342396216576,1.5332505007926576
2.7216630709291616,1.5320045114333507
2.714987395998105,1.5307391130739323
2.708315488072748,1.5294542161430886
2.701647341469769,1.5281498040017836
2.694983019249572,1.5268259222146952
2.688322582871951,1.525482580056201
2.6816661209955774,1.5241198062331967
2.6750136255622445,1.5227376638499823
2.668365191951128,1.5213360918510532
2.661720872951308,1.5199151015124794
2.6550807203659286,1.518474725172706
2.648444823166987,1.517014976816671
2.641813192164806,1.515535896987376
2.6351859606139625,1.514037492189866
2.6285631408735646,1.5125196644092818
2.6219447560717626,1.510982608661323
2.6153308914050104,1.5094261653216867
2.6087216060171543,1.5078504028181
2.6021169508663973,1.5062553936508016
2.595516948937793,1.504641128133076
2.588921690155124,1.5030075510620002
2.5823312178498914,1.501354724752523
2.5757455877030786,1.4996826641933716
2.569164872117075,1.497991377009829
2.562589126335652,1.496280985973274
2.556018423934544,1.49455128515583
2.5494527707065933,1.4928025499722635
2.542891861271097,1.4910349120080508
2.536334880197412,1.4892502964747072
2.5297825172097643,1.4874498024347818
2.5232351275702785,1.485632261937658
2.5166923802554777,1.4837973542859748
2.5101541890496164,1.4819458124676428
2.503620857146128,1.4800776299111318
2.497092438539492,1.4781924237543482
2.4905688527769767,1.4762904039131266
2.4840501522919998,1.4743715985802455
2.4775364815060525,1.472436139155843
2.471027844828567,1.4704837462574245
2.4645242016310633,1.4685147065235715
2.4580256587933635,1.4665288999763975
2.451532256206766,1.464526343796092
2.445044021689479,1.4625070469153272
2.438561034743194,1.4604710572574913
2.4320832696791004,1.4584184281633668
2.4256108202381115,1.4563490891165698
2.4191437457785625,1.4542630606225864
2.412682052048543,1.4521603739318112
2.4062258419244356,1.4500411070184804
2.399775092217469,1.4479051527203957
2.393329856527245,1.4457525881014397
2.386890215053647,1.4435834282669462
2.380456134922859,1.4413977368768154
2.3740277066651747,1.439195461624343
2.3676049690666323,1.4369766162987958
2.361187989450087,1.434741222081659
2.3547767668122037,1.4324893531123422
2.348371413968942,1.430220996752391
2.3419719117944435,1.4279360942495818
2.335578340560569,1.4256347311122364
2.3291906737446464,1.4233169537268437
2.322808999680843,1.4209827093364171
2.3164333571621696,1.4186320098260061
2.310063781119366,1.4162648874322603
2.3037003165328187,1.4138813552372749
2.2973430292954546,1.4114814923035015
2.29099196984026,1.4090651881492486
2.2846471300654603,1.406632624209425
2.27830860450128,1.4041836878425176
2.271976392417421,1.4017184513942385
2.265650548147978,1.3992368941588746
2.2593311067940323,1.3967390483731534
2.2530181135404983,1.3942249267919962
2.246711636835294,1.3916945520791972
2.2404116598401638,1.3891480058192345
2.2341178416517407,1.386585420426736
2.2278291358668056,1.3840086978727353
2.2215460360490153,1.3814189516833824
2.21526912368261,1.378814958921894
2.208998027153412,1.3761964708938879
2.2027325671186406,1.3735642031860051
2.1964730709307503,1.3709181669240071
2.190219561637467,1.3682580319223105
2.1839719576097467,1.3655838525945898
2.1777303149192964,1.3628958287462984
2.1714947229286956,1.360193891492256
2.1652652323999884,1.3574780217088278
2.1590417769365304,1.3547482202367156
2.152824420937527,1.352004559893195
2.1466132405972003,1.3492470060950035
2.1404081852790657,1.3464756209866857
2.134209327287094,1.3436903827701394
2.128016704962289,1.3408912970068643
2.121830370106773,1.3380784077676326
2.1156503595681433,1.3352516535669412
2.1094766336705484,1.3324112255885046
2.103309287360251,1.3295569439602208
2.0971483482306064,1.3266889033739995
2.0909937814701482,1.323807160912457
2.084845665227622,1.3209116705754047
2.0787040271135035,1.3180024420017298
2.0725688890971043,1.315079503967115
2.0664403002608864,1.312142903125599
2.0603183005731123,1.3091925769291188
2.0542029060367764,1.3062286787143405
2.0480941687726966,1.303251060454597
2.0419920541293717,1.3002598758193817
2.0358966341342692,1.2972550603317898
2.0298079358871752,1.2942366260805591
2.0237259816791173,1.2912046027434056
2.0176508048137207,1.2881590022565463
2.0115824514447374,1.2850998901843433
2.0055209716736178,1.282027181564766
1.9994663382950417,1.27894103075989
1.9934186357232255,1.2758413352301199
1.9873778526524872,1.2727281619783348
1.981344032489104,1.269601492234169
1.9753171976961292,1.2664613544434624
1.9692973815281671,1.2633077612150174
1.9632841570342316,1.2601409006554782
1.957276259443221,1.256962617666131
1.951274173885842,1.2537738383200872
1.945278497887051,1.2505736680174055
1.939288956073317,1.2473616829570213
1.933305253343108,1.2441385538928647
1.9273277052879216,1.2409043688046897
1.9213563594048217,1.2376587620123292
1.9153911157555574,1.2344017687515443
1.9094319702668758,1.2311336183542516
1.9034790403022328,1.2278542265418975
1.8975323417516592,1.2245635121729985
1.8915918337836632,1.221261598569563
1.8856575555101103,1.2179485217283186
1.879729603275758,1.214624226081551
1.873807952138339,1.2112886886954788
1.867892582784138,1.207942031835256
1.8619835982517423,1.2045841649182656
1.8560809192434884,1.2012151819596848
1.850184614238501,1.1978350396827906
1.844294702123874,1.1944437540468442
1.8384111993717485,1.1910413439518266
1.8325341280664897,1.187627816369682
1.8266635312844255,1.184203181704227
1.8207993815926637,1.180767525659005
1.8149417710070919,1.1773207792832325
1.8090907039755115,1.1738629348509695
1.8032461482297388,1.1703941205652704
1.7974081815540424,1.1669142072389191
1.7915767928393536,1.1634232977013579
1.785751980225487,1.1599213969182038
1.7799338023105322,1.15640846950207
1.7741222611248482,1.1528845537847865
1.7683173768713039,1.1493496620756594
1.7625192050494005,1.1458037815887152
1.7567276982979563,1.1422470425726095
1.7509429573715793,1.1386793415932568
1.745164999730234,1.1351006801095747
1.7393937668662491,1.1315112055735608
1.7336293484234326,1.1279107776195902
1.7278717566599997,1.1242994596572506
1.7221209524489085,1.1206773109575756
1.7163770028158052,1.1170442911986715
1.7106399253755844,1.11340040985646
1.7049097321647146,1.1097456908418168
1.6991859704884096,1.1060802564921244
1.6934672585745776,1.1024058650864816
1.687753915240406,1.0987235255019847
1.6820467118374554,1.09503221755632
1.676345291183063,1.0913316883171278
1.6706493513799645,1.0876224917952049
1.6649591677288642,1.0839047061236207
1.6592748652909108,1.080177990101805
1.6535962572634206,1.0764424324775332
1.647923376216733,1.0726981791426191
1.642256316935817,1.068945179892949
1.6365951148025986,1.0651833731009461
1.6309397266088301,1.0614127955601131
1.6252901362123127,1.0576335827349932
1.6196464363716825,1.0538455737124872
1.6140085946957718,1.0500488450118557
1.6083765898800861,1.0462434344450209
1.602750484882054,1.042429303386497
1.5971302769422173,1.0386064695879424
1.5915159945329203,1.03477495110562
1.5859076304963502,1.030934788694026
1.5803052412071366,1.0270859672842498
1.5747088061905947,1.0232284729514611
1.5691183355271894,1.0193623464939807
1.563533817759001,1.0154876050822224
1.5579553040330296,1.0116042121794024
1.5523827893510356,1.0077121964509808
1.546816286721537,1.003811567020703
1.5412558333832633,0.9999023484950961
1.535701461023011,0.9959845076996358
1.5301531095714453,0.9920581670835663
1.524610878624466,0.9881231961304625
1.5190746980343899,0.984179702441675
1.513544626938266,0.9802276334865873
1.5080206602558177,0.9762670194121297
1.5025028066031147,0.9722978703623146
1.4969911254229267,0.9683202187896534
1.4914856141241115,0.9643340150868537
1.485986227877451,0.9603393874747703
1.4804930608464173,0.9563362167889193
1.4750060556257878,0.9523245967816618
1.4695252649084876,0.9483044777605258
1.464050684235303,0.9442758875859416
1.458582326706776,0.9402388351793135
1.4531202203542204,0.9361933168456779
1.4476643640289126,0.9321394002482182
1.4422148077383214,0.9280770221689975
1.4367715135468841,0.9240062801417894
1.4313345493700154,0.9199271086453035
1.4259038804529018,0.9158395383850164
1.4204790210749134,0.9117436737929472
1.4150584984494077,0.9076410379814719
1.4096425037450588,0.9035327858386994
1.4042318751546699,0.899417966696459
1.3988263301072101,0.895296172084394
1.3934254746690817,0.8911680485669039
1.38802960569565,0.8870336545206127
1.3826388431058338,0.8828926295397537
1.3772530174918356,0.8787450358861439
1.3718721000197103,0.8745910647191888
1.3664962247281296,0.8704306290531223
1.361125383629831,0.866263672684813
1.3557595033344483,0.8620903079824703
1.3503986817724936,0.8579105047082612
1.3450429136293942,0.8537242384412579
1.3396921622299922,0.8495315716826679
1.334346482526918,0.8453324336312497
1.329005814301039,0.8411269184244892
1.3236702115562458,0.836914970066574
1.318339670644915,0.8326965975319378
1.3130141927007077,0.828471819268907
1.3076937925741177,0.8242406337486112
1.3023784957700033,0.8200030517878886
1.2970682906245943,0.8157590898699308
1.2917632138915285,0.8115087706712817
1.2864632647762189,0.8072520563903495
1.281168413806277,0.8029890071951622
1.2758787155499114,0.798719559656277
1.2705941495566855,0.794443757427425
1.2653146946275102,0.7901616274002657
1.260040396519574,0.785873136737032
1.2547712469144932,0.7815783060273616
1.2495072440983517,0.7772771477911542
1.2442484590635807,0.7729696658211113
1.238994851042024,0.7686558640964609
1.2337464113338203,0.7643357922870655
1.2285032144317847,0.760009390741719
1.22326519952551,0.7556767031806877
1.2180323892426563,0.7513377106367317
1.2128048231545998,0.746992400235071
1.207582438371735,0.7426408434997421
1.2023652892096157,0.7382830024450067
1.1971533796592253,0.7339188810671792
1.1919467430845136,0.729548466768588
1.1867453224466493,0.7251718746717711
1.1815492090902033,0.7207889979239595
1.1763583633644146,0.7163998978912154
1.171172811028373,0.7120045647640985
1.165992532972769,0.7076029997556686
1.160817536497088,0.7031952090314594
1.1556478467612894,0.6987811829036648
1.1504829579483848,0.6943610059678964
1.1453212609693302,0.689936145593019
1.1401629162910885,0.6855077025362902
1.1350088376716188,0.6810747749399824
1.1298587303649625,0.6766369468518534
1.1247121291576185,0.672194905202439
1.1195693598255434,0.66774862867057
1.1144305517898463,0.6632978153950442
1.1092955315547726,0.6588424936022316
1.104164250039263,0.6543828562822599
1.0990368289615995,0.6499188315506168
1.093913309054273,0.6454503091466898
1.0887935499737604,0.6409774278666277
1.0836776233489804,0.6365002125896472
1.0785656070779597,0.6320185607276261
1.0734574419036,0.627532508498824
1.0683531018063672,0.6230421350284269
1.0632526676236789,0.6185473169240062
1.0581560568722101,0.6140481552353079
1.05306331281108,0.6095446019160603
1.0479744265720063,0.6050366758663454
1.0428894056661282,0.6005243767158839
1.0378082885065536,0.5960076980090558
1.0327310657944735,0.5914866534851436
1.0276576931389259,0.5869613092424381
1.0225882464269473,0.5824315706939818
1.0175226602842473,0.5778975052729269
1.0124609713215427,0.573359081287779
1.0074031708695739,0.5688163094761743
1.0023492624930601,0.5642691931715733
0.9972992846103316,0.5597177083817018
0.9922531883738429,0.5551619517678726
0.9872110506246214,0.5506018309790373
0.9821728374853345,0.5460373659135999
0.9771385067638164,0.541468628288091
0.9721081111096029,0.5368955464603521
0.967081634204179,0.5323181422820416
0.9620590792138466,0.5277364201661495
0.9570404843998832,0.523150355375221
0.9520258000890618,0.5185600470750215
0.9470151025157265,0.5139654032144335
0.9420083576577281,0.509366444302148
0.9370055230220996,0.5047632417127842
0.9320066515802119,0.5001557238633517
0.9270117272631434,0.495543912501383
0.9220207538178985,0.4909278113086795
0.9170337701156857,0.48630739426153297
0.9120507267110978,0.48168276085432593
0.9070717003980716,0.4770538180323156
0.9020966576143957,0.47242058586244207
0.8971255555054349,0.4677831353033557
0.8921584471994685,0.46314139536590077
0.8871953162175972,0.4584953878389568
0.882236165812528,0.45384511722596904
0.8772810156101574,0.4491905698720905
0.8723298680831324,0.4445317823731653
0.8673827360640544,0.439868735984399
0.8624390768937867,0.43520154035321934
0.8574972913233784,0.4305314633742138
0.8525574012190245,0.42585968473275215
0.8476203385480322,0.42118532658566116
0.8426858472722176,0.41650795951576597
0.8377535013855756,0.4118281657530293
0.8328235242604493,0.40714610434553594
0.8278961655296995,0.4024613410818818
0.8229711993960012,0.39777393712765363
0.8180485314066734,0.3930841376172839
0.8131283274953434,0.3883918028388683
0.8082105684406617,0.3836968709436774
0.8032951908280881,0.37899940111921226
0.7983822327324904,0.3742994068446743
0.7934717125645147,0.3695968623307758
0.788563593376746,0.364891833236258
0.783657937716775,0.3601842423366532
0.7787547070962229,0.3554741373275195
0.7738538867212993,0.35076156119544744
0.7689555442588437,0.34604638294496853
0.7640595861931596,0.34132872161751254
0.7591660601571717,0.3366085327364834
0.7542749631583954,0.3318858127955032
0.7493862898042847,0.3271605683272687
0.7445000720239626,0.3224327926971989
0.7396162940155354,0.31770252496276874
0.734734957530848,0.3129697433930641
0.729856075661022,0.308234436570223
0.7249796090548817,0.3034966319965879
0.7201055809822146,0.2987563118016988
0.7152339894947407,0.2940134746961282
0.7103648319118032,0.2892681242057416
0.7054981406974374,0.2845202359934001
0.7006338680488174,0.27976990930888757
0.6957720888821493,0.27501703514985043
0.6909127618580713,0.27026166458472584
0.6860558594816321,0.2655038074925118
0.6812014062032844,0.2607434449466147
0.6763494006231678,0.2559805749511958
0.6714998397817723,0.2512152008557319
0.6666527549284601,0.2464473149223232
0.6618081282827305,0.2416769588563044
0.656965962778281,0.23690411134556771
0.6521262719828652,0.23212875907878935
0.6472890161501501,0.22735092993153988
0.6424542187117783,0.2225706061583959
0.6376218778988582,0.21778778624640702
0.6327919910559727,0.2130024735288216
0.6279645798613142,0.20821465172304812
0.6231396323104402,0.20342437680253017
0.6183171689611259,0.19863160000828234
0.613497177613095,0.1938363653829298
0.608679661612606,0.18903865135772174
0.603864602846297,0.18423847053765124
0.5990520367585027,0.17943577319381537
0.5942419355053576,0.1746305935711972
0.5894342883221231,0.16982295257612812
0.5846291175892411,0.16501282700460462
0.5798264154761711,0.16020022204887346
0.5750262121096338,0.155385115482843
0.5702284634409558,0.1505676032171366
0.565433236310887,0.1457475812909193
0.5606405016785271,0.140925098966534
0.5558502278611345,0.13610019215215663
0.5510624396877364,0.13127279713615864
0.5462771330219898,0.12644292784635283
0.5414943409426601,0.12161055464437599
0.5367140003457779,0.11677574825818314
0.5319361513116921,0.11193848718433745
0.5271608142426826,0.10709874396373399
0.5223879546049511,0.10225659231263476
0.5176176296645835,0.09741193910402758
0.5128497734898737,0.0925648643079521
0.5080844113968717,0.08771531703160705
0.5033215732401393,0.08286327637424169
0.4985611958186489,0.07800881364149673
0.4938033193525878,0.07315190710452356
0.489047964267082,0.0682925293278858
0.48429509584062874,0.06343075395882604
0.47954477216110314,0.0585664878699342
0.4747969275582204,0.05369981042489062
0.4700515877125287,0.04883067036113151
0.46530878274907206,0.043959046575256476
0.46056844968256866,0.0390850101454793
0.4558306287045532,0.03420853921638444
0.4510953402623094,0.02932960653001686
0.4463620329446086,0.024448308876311966
0.44162906147577435,0.019565820638944294
0.43689637063036324,0.014683368872094878
0.4321649510554431,0.009800071827216466
0.4274345810882687,0.004915473944022818
0.4227047213814602,3.0219581720925285e-05
0.4179756719033833,-0.004855639540061705
0.413247652007605,-0.009742446608382554
0.40852042644230496,-0.014630103434020072
0.40379399031334584,-0.01951851906806882
0.39906841415441596,-0.02440768759158208
0.39434374151579904,-0.02929775312315818
0.38961986450285035,-0.034188618474715916
0.3848968085367383,-0.039080273687666346
0.3801746042572112,-0.04397275427571157
0.3754532507413312,-0.04886608294704742
0.37073271681220615,-0.05376021742445044
0.36601301480224296,-0.058655152764681584
0.36129417426521226,-0.063550899344342
0.3565761774675481,-0.06844744277752861
0.3518590308439321,-0.07334480551987786
0.3471427359613665,-0.0782429588458218
0.34242728542821693,-0.0831419190102084
0.3377126694035868,-0.0880416834205865
0.3329989031880262,-0.09294228335758388
0.32828596794838966,-0.09784369430197495
0.32357386570054025,-0.1027459126400529
0.318862602427126,-0.10764894615573842
0.3141521737264202,-0.11255279530580646
0.3094425795138774,-0.11745746007437569
0.30473384377137014,-0.12236294050192147
0.30002595792999476,-0.12726921837845714
0.29531891175710917,-0.13217627242697857
0.2906127248580224,-0.13708415211918332
0.2859073732540026,-0.14199281474196465
0.28120288196366283,-0.14690230717312344
0.2764992192896523,-0.1518125967698936
0.27179639129988387,-0.15672370012062536
0.2670943979868688,-0.1616356168737981
0.2623932534740716,-0.1665483605929467
0.2576929403886386,-0.17146191179468034
0.25299346164505093,-0.17637626695745326
0.24829484030858254,-0.18129142186096003
0.24359706670621123,-0.1862073672883434
0.23890014647641256,-0.19112412928626518
0.23420407893373751,-0.1960416781666311
0.22950885650590053,-0.2009600268696976
0.22481447124264659,-0.20587917489013025
0.2201209382256409,-0.21079915505311347
0.2154282369748299,-0.21571994067003608
0.21073637078744573,-0.22064152877408377
0.20604534558657167,-0.2255639274589848
0.20135515669949425,-0.23048713720013828
0.19666580423915464,-0.23541115775925353
0.19197730755607428,-0.24033600091287652
0.18728965578416126,-0.24526161377174222
0.18260286332344447,-0.2501880392852862
0.17791692442071247,-0.2551152516258559
0.17323183527134914,-0.2600432523467805
0.1685475998121664,-0.2649720764969467
0.16386419539112912,-0.26990169671433556
0.15918163355751785,-0.27483212412660746
0.1544999116361365,-0.27976336155872383
0.14981902772226666,-0.28469540882874445
0.14513898784353602,-0.2896282713598214
0.14045979693998806,-0.29456194291849797
0.13578146001754218,-0.29949639830746316
0.13110397381661906,-0.30443164078719737
0.12642734565300914,-0.30936769587894525
0.12175156009287831,-0.3143045274661404
0.11707662993994042,-0.3192421869644867
0.11240253659377998,-0.3241806507752581
0.10772928185704218,-0.32911991424466325
0.10305687190772912,-0.33405998558302585
0.09838530206120961,-0.339000865416517
0.09371458767317592,-0.3439425639038557
0.08904471915062372,-0.3488850226679187
0.08437571880222317,-0.3538283011648563
0.07970756952741777,-0.3587723654653752
0.07504027043409212,-0.3637172218574345
0.07037381275976311,-0.36866288445843903
0.06570820250008984,-0.37360936117351107
0.061043441666002334,-0.3785566534756446
0.056379513938308486,-0.38350473891868087
0.05171643245035725,-0.38845362861751825
0.04705419452475663,-0.39340332527214467
0.04239281660588748,-0.3983538290351663
0.03773228749279681,-0.40330509509571494
0.033072633131578814,-0.4082571798692585
0.028413828224397003,-0.4132100589681701
0.023755875514650523,-0.4181637097264094
0.01909878097715235,-0.42311818482540664
0.014442522559186498,-0.42807345209305575
0.009787111746621053,-0.4330295225631671
0.0051325458099313204,-0.43798639893475405
0.0004788228680137376,-0.44294408095869364
-0.004174051092969543,-0.44790257412365647
-0.00882607276826729,-0.45286188128955834
-0.013477253788285116,-0.4578219684913429
-0.018127570111692033,-0.4627828618906499
-0.022777030090024873,-0.4677445234602955
-0.02742562612995913,-0.4727069967318894
-0.03207337081177558,-0.4776702308456365
-0.03672024438313995,-0.48263429164779054
-0.041366279588100435,-0.48759914032493945
-0.046011470045147024,-0.49256479340814013
-0.050655815740097664,-0.4975312506566021
-0.05529930277359732,-0.5024985256121304
-0.05994194863604426,-0.5074665985946515
-0.06458374471820648,-0.512435455959518
-0.0692246774536185,-0.5174051206523462
-0.07386475774503955,-0.5223755451278806
-0.0785039603258816,-0.5273467844781162
-0.0831423141769165,-0.532318813884562
-0.08777981710227926,-0.5372916380663826
-0.09241647255730925,-0.5422652595694337
-0.09705227988702275,-0.5472396838482804
-0.10168724064967329,-0.5522149108347095
-0.10632134873231419,-0.5571909462686909
-0.11095460088385439,-0.5621677928692924
-0.1155870020350602,-0.5671453946324474
-0.12021852793734748,-0.5721238101912149
-0.12484919554786972,-0.5771030140036905
-0.1294790089107905,-0.5820829777703008
-0.13410795793597394,-0.5870637671456974
-0.13873606245236864,-0.5920453534624638
-0.1433633207695945,-0.5970277319792267
-0.14798972669046614,-0.6020109108034745
-0.1526152848867319,-0.6069948905713822
-0.15723997987767727,-0.6119796814198388
-0.16186382145738057,-0.61696522499749
-0.16648678669216235,-0.6219515806879137
-0.17110889282317773,-0.626938714777878
-0.17573014874636217,-0.6319266543143476
-0.1803505570845961,-0.6369153850596205
-0.18497011163847263,-0.6419049150716897
-0.18958881706111116,-0.6468952450598175
-0.19420665480381558,-0.6518863755287876
-0.19882363125681723,-0.6568782689143816
-0.20343974137846194,-0.6618709663648755
-0.2080549909889558,-0.6668644460250315
-0.21266938944557878,-0.6718587297843437
-0.2172829396451572,-0.6768538034278183
-0.22189563541561716,-0.6818496749009288
-0.2265074812505041,-0.6868463449367072
-0.2311189735691759,-0.6918438210323099
-0.2357318778539649,-0.6968407860497351
-0.2403461431725414,-0.7018362064788999
-0.2449608397351578,-0.7068308158390485
-0.24957620678249387,-0.7118250818697948
-0.2541927288503576,-0.7168184380352287
-0.25881013767931277,-0.7218108027599828
-0.26342825053533503,-0.726802492333721
-0.2680472354504866,-0.7317934807994609
-0.2726671443204325,-0.7367835737619589
-0.2772878774823698,-0.7417728487278312
-0.28190942285595794,-0.7467613756073194
-0.28653185937363906,-0.7517491218918005
-0.29115516415113396,-0.7567360526903213
-0.29577930965167115,-0.7617222019090042
-0.30040431330080763,-0.7667075807945376
-0.30503018970910356,-0.7716921631406474
-0.30965690877346713,-0.7766759331218378
-0.31428447864760706,-0.7816589123755647
-0.31891287853865297,-0.7866410909841111
-0.3235421466134274,-0.7916224650564153
-0.328172252965691,-0.7966030511477685
-0.3328032313984623,-0.8015828463971018
-0.33743508001338424,-0.8065618481115067
-0.3420677758278682,-0.8115400687145267
-0.3467013287285923,-0.816517498178192
-0.35133574202612844,-0.8214941393841594
-0.3559710165012041,-0.826469974916251
-0.3606071078159395,-0.8314450133271168
-0.36524407238812095,-0.8364192333645601
-0.3698818839432271,-0.841392661758219
-0.3745205371370901,-0.8463652904007056
-0.3791600507514243,-0.8513371311453551
-0.38380042421790006,-0.856308183397672
-0.3884416708654256,-0.8612784335180277
-0.3930837722704002,-0.8662478983343506
-0.39772672443807355,-0.8712165743619962
-0.40237052401740536,-0.8761844383859563
-0.407015162418303,-0.8811514991719639
-0.4116606649800385,-0.8861177528851854
-0.41630699479938676,-0.8910832075063126
-0.420954202107912,-0.8960478540715214
-0.42560225098673765,-0.9010117137347889
-0.4302511590112034,-0.9059747811461263
-0.43490092586670137,-0.9109370582582613
-0.4395515567238239,-0.9158985385383978
-0.4442030561014303,-0.92085921984352
-0.4488553888130456,-0.9258191109052144
-0.4535085821671884,-0.9307781902083138
-0.45816259290427624,-0.9357364675445404
-0.46281747475583535,-0.9406939264148308
-0.46747319331304704,-0.9456505815285224
-0.4721297555300682,-0.950606433612466
-0.47678717487145245,-0.9555614935058692
-0.4814454578657642,-0.9605157540207411
-0.4861046080842466,-0.9654692146725276
-0.49076460148531914,-0.9704218900161621
-0.4954254495733684,-0.9753737677718691
-0.5000871547669357,-0.9803248510343822
-0.504749716727923,-0.9852751415992757
-0.5094131363069773,-0.9902246181776342
-0.5140773871387375,-0.9951732844471481
-0.5187424777659303,-1.0001211420873293
-0.5234084230638577,-1.005068189762312
-0.5280751838074593,-1.010014433609445
-0.5327428254555737,-1.0149598686017454
-0.5374113184517052,-1.0199045119891794
-0.5420806583952307,-1.0248483620564866
-0.5467508537647986,-1.0297914130381371
-0.5514219047479542,-1.0347336696554934
-0.5560938109131398,-1.0396751321289401
-0.5607665731051782,-1.0446157754452194
-0.5654401736734246,-1.0495556086347468
-0.5701151412610117,-1.054494591571518
-0.5747931518258462,-1.0594315555874765
-0.5794742440334609,-1.0643652661610692
-0.5841574605168623,-1.0692965957716656
-0.5888430499519911,-1.0742259432511745
-0.5935314554235279,-1.0791527721276917
-0.5982224265771123,-1.0840769841831064
-0.6029157804834684,-1.0889988985883188
-0.6076117112120926,-1.0939184726282594
-0.6123102111207717,-1.0988355505155882
-0.6170112337670406,-1.1037501591178895
-0.6217147134059184,-1.1086624080798821
-0.6264207757744247,-1.1135722089386553
-0.6311293627483499,-1.1184795794169067
-0.6358404645381536,-1.1233845394951136
-0.64055411609652,-1.1282870755730885
-0.6452703043844298,-1.1331871877995507
-0.6499889990148033,-1.1380848846859848
-0.6547102063288566,-1.142980154461796
-0.6594339521906033,-1.147872980026025
-0.6641601948375746,-1.1527633647625724
-0.6688889387785318,-1.1576513094398404
-0.673620216674305,-1.1625368020340388
-0.6783539958667547,-1.1674198731927348
-0.6830902966438509,-1.1723005096314254
-0.6878291154196459,-1.177178715975584
-0.6925704555563489,-1.1820544864611244
-0.6973143464065213,-1.186927787630194
-0.7020607024955182,-1.191798680159443
-0.7068095904474985,-1.1966671007792957
-0.7115609290318734,-1.2015330939237694
-0.7163148122069279,-1.206396600254495
-0.7210711639383549,-1.2112576820457226
-0.7258300678937719,-1.2161162763782776
-0.7305914427980138,-1.2209724544501945
-0.7353553273328531,-1.2258261797290806
-0.7401217174465137,-1.230677459110555
-0.7448906115148337,-1.2355262914983953
-0.749662047103661,-1.2403726361124392
-0.7544359080343956,-1.2452165565545603
-0.7592123021488746,-1.2500579807617986
-0.7639911836159796,-1.2548969310638194
-0.7687725172920885,-1.2597334387253005
-0.7735563503732323,-1.2645674840120424
-0.7783432373661783,-1.2693990046945776
-0.7831347989828594,-1.2742267612981142
-0.787931004888254,-1.279049609829244
-0.7927309370923976,-1.28386835785772
-0.7975348386574799,-1.288683427735108
-0.8023431588953465,-1.2934942380992465
-0.8071556061477284,-1.2983007037113579
-0.8119720073226597,-1.3031031478071788
-0.8167925852929179,-1.307901524558039
-0.8216173085956566,-1.3126956944887491
-0.8264461353991961,-1.3174856958180157
-0.8312790598616294,-1.3222715958285332
-0.8361161346945901,-1.3270533430740776
-0.8409573013929754,-1.3318309349456712
-0.845802560082654,-1.3366043744785776
-0.8506519073835449,-1.3413736792226394
-0.8555053750690046,-1.3461387820132371
-0.8603629274337372,-1.3508997030401078
-0.865224494568704,-1.3556564875841464
-0.8700901872622091,-1.3604090555401145
-0.8749599448045668,-1.3651574616825572
-0.8798337812551605,-1.3699016934809334
-0.8847116959671751,-1.374641747582325
-0.8895937235624333,-1.379377582082402
-0.8944797787203509,-1.384109267441779
-0.8993698772436911,-1.3888367567999007
-0.9042640622653921,-1.3935600107561277
-0.9091622719152469,-1.398279071285335
-0.9140645387681852,-1.4029939054766942
-0.9189708471749193,-1.4077045459906805
-0.9238817440341858,-1.4124109155091238
-0.928798847488284,-1.417111702613584
-0.9337220836284195,-1.4218057650218765
-0.9386505068495841,-1.4264939445146292
-0.9435844261288237,-1.4311766112494562
-0.9485242109404041,-1.4358532398196824
-0.9534696651998327,-1.440523674511323
-0.9584205387290953,-1.4451883132287597
-0.9633770579709984,-1.4498470918901847
-0.9683393032181239,-1.4544997803386983
-0.9733070595357535,-1.4591465270380253
-0.9782803703057417,-1.4637873547036033
-0.9832592691857364,-1.4684222116419745
-0.9882437738880168,-1.4730510034011524
-0.9932338185750448,-1.4776738044448559
-0.9982293619026038,-1.4822906404668026
-1.0032304904082108,-1.486901458292148
-1.0082371928619218,-1.4915062333500646
-1.0132493840530203,-1.4961050389886288
-1.0182671091576516,-1.5006978175966428
-1.0232903770068744,-1.5052845221278963
-1.028319092752297,-1.5098652267763517
-1.0333533513265474,-1.5144398469723397
-1.0383930580870875,-1.5190084369440455
-1.0434382864020246,-1.5235709490513005
-1.048489028817888,-1.5281273749573738
-1.053545210620676,-1.5326777681489523
-1.0586068686016123,-1.5372220755191661
-1.0636739977442338,-1.5417602936290555
-1.0687471162548658,-1.5462923433211373
-1.073827732099431,-1.5508168612076043
-1.0789158394114378,-1.5553326404200447
-1.0840104606322396,-1.559840596874483
-1.089111934511107,-1.5643411208675053
-1.0942206017262617,-1.5688336499571827
-1.0993362240678124,-1.5733180617045657
-1.1044586259542013,-1.577794698231116
-1.109587964609014,-1.5822635135514271
-1.1147242941973958,-1.5867242715793166
-1.119867474095859,-1.5911770560120913
-1.125017449502473,-1.5956219609804136
-1.1301743673831228,-1.6000588637855175
-1.1353381102746403,-1.6044878027430833
-1.1405092559610617,-1.6089087416808847
-1.1456891983014057,-1.6133200922383024
-1.1508779915298892,-1.6177208226987514
-1.1560747011728225,-1.6221118254545925
-1.1612794975517395,-1.626493474340956
-1.1664928134612873,-1.630865095355073
-1.1717144044257661,-1.635226661132704
-1.1769440912726008,-1.6395784989454092
-1.1821819795425403,-1.643920537771361
-1.1874281497768884,-1.6482525773607348
-1.1926824748117968,-1.6525746951093312
-1.1979449283220533,-1.6568869401541813
-1.2032155665864368,-1.6611892179302912
-1.2084942662606433,-1.6654815327799573
-1.213781075538596,-1.669763853954803
-1.2190759550947534,-1.6740361784168736
-1.2243788997980192,-1.6782984926060658
-1.2296898901558388,-1.682550774686564
-1.2350089051846507,-1.6867930298981924
-1.240335934770356,-1.6910252358568383
-1.2456709760536373,-1.6952473620891193
-1.25101394659984,-1.69945944895101
-1.2563648545661523,-1.7036614093879459
-1.2617236873955697,-1.7078532577703986
-1.2670904678229837,-1.712034932288279
-1.2724650584470352,-1.7162065224325773
-1.2778475625999783,-1.7203679236440914
-1.283237930159962,-1.7245191491902772
-1.2886361562558075,-1.7286601743610561
-1.2940427695755832,-1.7327910150323933
-1.299458979271662,-1.7369098537766383
-1.3048848527629597,-1.7410157433560276
-1.3103195422612886,-1.745109667162674
-1.3157631939767458,-1.749191838842054
-1.3212161189129579,-1.753261682354372
-1.3266781929160014,-1.757319140700159
-1.3321491976296598,-1.761364548662334
-1.3376291955037138,-1.7653978411313176
-1.343118263458624,-1.7694187850751166
-1.3486162854299062,-1.7734274503163527
-1.3541232175149915,-1.7774238943342493
-1.3596390684261452,-1.7814080358090516
-1.3651638195479152,-1.785379769299127
-1.3706979751951975,-1.789339186236596
-1.3762427180759733,-1.793284371713128
-1.3817980368303757,-1.7972144435974524
-1.3873631464290097,-1.8011303511615924
-1.392938170628804,-1.8050323320894293
-1.3985234521953915,-1.8089197457232644
-1.4041187774213573,-1.812792572888074
-1.409723949831609,-1.8166511339243576
-1.4153389975422614,-1.8204953633646237
-1.4209640496888787,-1.8243249414409761
-1.4265988436023012,-1.8281400630814726
-1.4322434360288228,-1.83194070123018
-1.4378978278267995,-1.8357267637035675
-1.4435619709889103,-1.8394982235144601
-1.4492358062320148,-1.8432550931170937
-1.4549193173455817,-1.8469973460787263
-1.4606124216712657,-1.8507249805847352
-1.4663151211350844,-1.8544379183230328
-1.4720273994901658,-1.858136093334455
-1.4777490948216947,-1.8618196222125776
-1.483480324672119,-1.8654883382187606
-1.4892209277241106,-1.8691423036905706
-1.4949709594038636,-1.8727814550978688
-1.5007303677264536,-1.8764057841339534
-1.5064990565766276,-1.880015315412828
-1.5122770363788212,-1.8836099649990068
-1.5180642741412347,-1.8871897077145592
-1.523860722216751,-1.890754533552069
-1.5296669398703395,-1.8943043422257126
-1.5354838638765111,-1.8978372477386087
-1.5413114900194336,-1.9013522214157021
-1.5471489752441987,-1.9048504108091777
-1.5529965481893797,-1.9083319419058562
-1.558854446321522,-1.9117961845044655
-1.5647224710563366,-1.9152431113126918
-1.5706004258220585,-1.9186730596747428
-1.5764883958805618,-1.9220858949108026
-1.5823863831259206,-1.9254814218506624
-1.5882941955443386,-1.928859762935873
-1.5942118315732363,-1.9322208915093066
-1.6001392899292457,-1.935564676384583
-1.6060764592931382,-1.9388911667212294
-1.6120239232412719,-1.9422001633926613
-1.6179824779900722,-1.9454898151450426
-1.6239521318221168,-1.9487590779842316
-1.6299321396605084,-1.9520090463083064
-1.6359225623112528,-1.9552399841350823
-1.6419237000655604,-1.9584511194750875
-1.6479353156800125,-1.9616424494130835
-1.6539572097236612,-1.964814319330991
-1.6599894496190217,-1.967966586087431
-1.6660320156912964,-1.9710990496517702
-1.672084678428204,-1.9742118300286118
-1.6781474759100699,-1.9773048603091614
-1.6842203211230347,-1.9803780677019973
-1.6903031597392082,-1.9834314538681383
-1.6963959303039728,-1.9864649561241985
-1.7024985713391458,-1.9894785797907155
-1.7086110302801172,-1.992472261084685
-1.7147332410503897,-1.995445985428768
-1.72086508005778,-1.998399780330075
-1.7270065378771722,-2.001333533581013
-1.7331575540093846,-2.0042472079195224
-1.7393180502014092,-2.0071407980386455
-1.745487936470651,-2.010014310811885
-1.7516671815208735,-2.0128675735460586
-1.7578556450202274,-2.0157007839135144
-1.7640533673441001,-2.0185136752087542
-1.770260775363951,-2.021306262311331
-1.776478611633743,-2.024076423307282
-1.782706686417015,-2.026823208763995
-1.7889443562116343,-2.029547738162451
-1.7951917427634092,-2.0322502010391217
-1.8014490289173695,-2.034929879742185
-1.8077158974656198,-2.037586843785364
-1.8139922247848337,-2.040221351128689
-1.8202780526483018,-2.042833245317595
-1.8265733094861512,-2.0454223421930013
-1.8328778193216713,-2.047988759793032
-1.839191537602865,-2.050532379017778
-1.8455143400616243,-2.0530533320334494
-1.851846830235258,-2.055551151094809
-1.8581894658666114,-2.058024017675611
-1.864542057182691,-2.0604708800530025
-1.870904017655997,-2.0628928344328608
-1.8772754433537358,-2.065290085865253
-1.8836564554478503,-2.0676619043962483
-1.8900467962287906,-2.0700083202980353
-1.896446232588589,-2.0723297183681355
-1.90285482514722,-2.0746258577283867
-1.909271919330479,-2.0768967391384487
-1.9156967623886199,-2.079144482609488
-1.9221294683158545,-2.0813700618347197
-1.9285703732950572,-2.0835721799958797
-1.9350197966191582,-2.085750394588455
-1.941478009341644,-2.0879032516248808
-1.9479448485318207,-2.090029958647518
-1.9544198640781467,-2.092131133158226
-1.9609030794443678,-2.0942070793652197
-1.9673945604686858,-2.0962572665871915
-1.9738941052760475,-2.0982815968457618
-1.9804015535348631,-2.100280364933361
-1.9869168214009267,-2.1022535423460282
-1.9934398727827822,-2.1042008578186544
-1.9999705653263364,-2.1061223441511676
-2.0065087897029836,-2.1080180697329567
-2.013054470643401,-2.109887951891059
-2.0196080646055545,-2.1117317253158663
-2.0261698227556506,-2.113547361925519
-2.032739480519299,-2.1153338275343714
-2.039316470398036,-2.1170923161690838
-2.04590097015261,-2.1188229988149105
-2.052492966089418,-2.1205252014123945
-2.0590921568496796,-2.1221989294416255
-2.0656984309831974,-2.123844428302701
-2.072311746012917,-2.125461593838762
-2.0789319744078916,-2.127050219100692
-2.0855589555883127,-2.1286103834681707
-2.0921925584459173,-2.130142212573714
-2.0988326698944855,-2.131645556605237
-2.105479181422998,-2.1331202259636144
-2.1121319348739043,-2.13456649835295
-2.1187908542101868,-2.135984064899475
-2.12545577919281,-2.137373196323901
-2.1321266007361706,-2.138733661310856
-2.138803212484006,-2.1400654599321838
-2.1454854871254847,-2.1413685850066266
-2.1521733030648065,-2.1426429971485086
-2.158866552902169,-2.143888701708129
-2.16556505268734,-2.145105720932411
-2.172268723778544,-2.146293926974618
-2.178977445995959,-2.147453291924182
-2.1856910882238627,-2.1485838263799293
-2.1924100512477915,-2.1496852115798073
-2.1991344518573364,-2.150755338281255
-2.2058636992105214,-2.151793382296708
-2.212597507117977,-2.1528004531416567
-2.2193359083795055,-2.1537767473924303
-2.226078390640997,-2.1547217967699823
-2.2328244417052945,-2.1556379282780056
-2.2395742927833076,-2.1565262892260213
-2.2463281542825246,-2.157385353010637
-2.2530856077784853,-2.158214836613121
-2.259846440857682,-2.1590155665102873
-2.266610721207671,-2.1597874909763917
-2.273378313700162,-2.160530213818656
-2.280148962628569,-2.161243803610732
-2.2869231140076924,-2.1619280297643098
-2.2937007600195685,-2.1625807208946553
-2.300481359027072,-2.1632008920383523
-2.3072644773689692,-2.1637900560134895
-2.3140503849289016,-2.164348104071293
-2.3208388258673898,-2.1648745660670117
-2.3276295983661135,-2.165369260035905
-2.3344225625011865,-2.165832680734777
-2.3412176914171963,-2.1662646930399685
-2.348014689587769,-2.166665142546997
-2.3548134920316506,-2.167034055669376
-2.36161394447088,-2.1673714238991977
-2.368415846273384,-2.167677261214533
-2.3752191334124313,-2.167951595798741
-2.382023619094364,-2.168194350806167
-2.388829169129882,-2.1684054388785694
-2.395635567422094,-2.1685850598291023
-2.4024427793383762,-2.1687331324965964
-2.409250605064055,-2.168849623525592
-2.4160589025921975,-2.168934415276433
-2.4228674673525394,-2.1689878268773435
-2.42967625950504,-2.1690096606308416
-2.4364850845771637,-2.168999884032025
-2.443293767798769,-2.168958481829521
-2.4501021817394175,-2.1688856912946646
-2.456910212105931,-2.168781290223913
-2.463717689207592,-2.1686452326022985
-2.4705244248744394,-2.168477637890085
-2.4773307947831107,-2.168278163925794
-2.484136441917633,-2.16804457726213
-2.490940235367885,-2.167776429213641
-2.4977421844734335,-2.1674773378396646
-2.5045429929937324,-2.1671481245381585
-2.511342408738172,-2.1667867304300423
-2.5181398556206545,-2.166393064345412
-2.5249353443725924,-2.1659686288471605
-2.5317289306224655,-2.165512780050298
-2.538520330967904,-2.1650251226568846
-2.5453093270962275,-2.164505916072571
-2.5520958345020035,-2.1639555386938425
-2.558879742957881,-2.163373681630536
-2.565660860473399,-2.162760211053898
-2.572439053682577,-2.1621153340205206
-2.5792146184696527,-2.161438638606636
-2.585987080414791,-2.16072799435325
-2.5927556913385685,-2.1599827333863604
-2.5995203794837027,-2.1592040958302046
-2.606281272407015,-2.1583921667057555
-2.613038073134448,-2.1575462655097604
-2.6197904729848935,-2.156666630751269
-2.626538424434941,-2.155753491663592
-2.6332818109534557,-2.1548068400163287
-2.640020360881598,-2.153826596633853
-2.6467535257208645,-2.1528132429508733
-2.653481605116342,-2.1517688187076134
-2.660205071150268,-2.1506942917164116
-2.666923581120964,-2.1495881323344026
-2.6736366979782655,-2.1484504103883473
-2.6803448529661633,-2.147281515961257
-2.6870475464101005,-2.1460791691057945
-2.6937438581945106,-2.1448422162153133
-2.7004337266195493,-2.14357237817582
-2.707117421006511,-2.142269645760332
-2.7137945406351984,-2.140933409411373
-2.7204648169410635,-2.1395637322980767
-2.7271282078741645,-2.1381610372685818
-2.7337845853692206,-2.136725187698206
-2.7404337464825788,-2.1352561709259437
-2.747075436247407,-2.1337540868253377
-2.753709603577008,-2.13221899112875
-2.760336035112169,-2.1306507109878066
-2.7669546122734894,-2.129049605519299
-2.7735650949565325,-2.127415489031159
-2.780167412086703,-2.1257485487315564
-2.7867613429820164,-2.124048720428472
-2.793346697213364,-2.1223159216338012
-2.7999233975089273,-2.1205505544933057
-2.806491187720709,-2.118752433790099
-2.8130499469930585,-2.116921560983698
-2.819599514025573,-2.11505797970102
-2.8261397124206846,-2.1131619917869195
-2.832670401815134,-2.11123339487529
-2.8391914018686704,-2.1092722536563375
-2.845702526426224,-2.1072785810478996
-2.8522036747535857,-2.1052526906660103
-2.858694613783222,-2.103194404807168
-2.865175217593178,-2.1011037576060763
-2.871645335217987,-2.098980859584218
-2.878104806160215,-2.0968257594473116
-2.8845534560089905,-2.094638504579081
-2.890991145296333,-2.0924192558406354
-2.8974177247467368,-2.0901680102258857
-2.90383299409942,-2.0878847122919924
-2.9102368176463265,-2.085569491736155
-2.916629036204264,-2.0832223997218953
-2.9230094784163594,-2.0808434856376095
-2.9293780110113623,-2.0784329097938796
-2.9357344815578372,-2.0759906704931663
-2.942078689375776,-2.0735167168693374
-2.948410502825624,-2.071011184530024
-2.9547297640699135,-2.0684741325884435
-2.9610363038411642,-2.065905620352352
-2.9673299941801,-2.063305818427741
-2.973610651067818,-2.0606747024177423
-2.9798781197679496,-2.0580123760831057
-2.9861322195179456,-2.0553187661247567
-2.992372812927079,-2.0525940935211917
-2.998599809634419,-2.049838475748934
-3.004812994108929,-2.0470518543063414
-3.0110122130717545,-2.044234259666875
-3.017197336942526,-2.041385909791807
-3.0233681905238883,-2.038506724715638
-3.0295246102665163,-2.035596769243641
-3.0356665092011843,-2.0326563554825863
-3.0417936746835563,-2.029685327330022
-3.047905941584076,-2.026683720950586
-3.054003215476441,-2.0236517750720435
-3.0600853406512627,-2.0205895494815964
-3.0661521235548026,-2.0174969682862267
-3.07220345436487,-2.0143742924620973
-3.078239132100201,-2.0112214370886594
-3.0842590554254166,-2.008038611452643
-3.0902628383884365,-2.004826510817663
-3.0962513805085057,-2.0015867730981194
-3.102225698440941,-1.9983196669018652
-3.1081838524547742,-1.9950221160933252
-3.1141246246375176,-1.9916938536093598
-3.1200488121485015,-1.9883366169954306
-3.125956707638368,-1.9849504977704389
-3.131847438736972,-1.9815344022807848
-3.1377208776042314,-1.978088881470579
-3.1435772833201203,-1.974614548389594
-3.1494163231204935,-1.9711109208057107
-3.1552377980074984,-1.9675782238144395
-3.1610415872409856,-1.9640166448843452
-3.1668276331882654,-1.9604262593400288
-3.1725955138621926,-1.95680758732433
-3.1783463102833895,-1.9531624743321652
-3.184080830148722,-1.9494916137194591
-3.1897982439643258,-1.9457938720908423
-3.19549810852594,-1.942069302189573
-3.2011806637172264,-1.93831848130866
-3.2068462145172636,-1.9345410597818713
-3.2124929504252875,-1.9307348954564085
-3.2181199705470998,-1.9268999323057296
-3.2237279212479026,-1.9230374080189503
-3.2293169183605612,-1.9191472606299351
-3.2348863331166506,-1.9152291005119892
-3.2404359309474824,-1.911283037353343
-3.245966026932965,-1.9073097892732551
-3.25147627158849,-1.9033089331337179
-3.256966286832115,-1.899281165545561
-3.262437361202911,-1.895228342720689
-3.2678903619992585,-1.891151028935437
-3.273324345449827,-1.887048111759755
-3.278738826613669,-1.8829196716520977
-3.284134245333464,-1.8787664484850903
-3.2895105246341223,-1.8745883341531855
-3.294867240982147,-1.870385131747754
-3.3002044215224435,-1.8661572642129993
-3.3055220543413473,-1.8619040617074156
-3.3108186773317905,-1.8576241567610305
-3.3160931453364904,-1.8533171680212503
-3.3213461804161875,-1.8489843347116068
-3.3265779683484773,-1.8446256803615522
-3.3317877097877693,-1.8402413211472943
-3.3369767819323464,-1.8358331989769507
-3.3421462243970352,-1.8314019141184164
-3.347294998917296,-1.8269462937875507
-3.352422605254386,-1.8224664896964333
-3.3575295140667376,-1.8179632308354812
-3.3626157029794403,-1.8134364499547941
-3.367680787049716,-1.8088860705082457
-3.3727245092648768,-1.8043120779072304
-3.3777471782930304,-1.7997150379946414
-3.3827483940459673,-1.7950945971429042
-3.387728102208771,-1.7904509989241457
-3.392686282257327,-1.78578444690435
-3.3976228558797246,-1.7810943444329572
-3.4025360594573617,-1.7763799222111438
-3.4074264809257624,-1.7716425489243768
-3.4122956483027433,-1.7668833877871206
-3.417143112155969,-1.7621017575391047
-3.4219677813214635,-1.757297180334376
-3.426770078573082,-1.752470420511207
-3.431550211403331,-1.7476216268621605
-3.436307846067096,-1.7427506930185066
-3.441042663903233,-1.7378576268780546
-3.4457547659326337,-1.7329426941505204
-3.450444117748302,-1.7280060247949516
-3.4551105204225414,-1.7230476598508715
-3.4597538461290784,-1.7180676850634677
-3.4643739936449447,-1.7130661802088383
-3.4689710033300636,-1.7080434203999924
-3.4735446041001334,-1.70299931443452
-3.4780947638597985,-1.6979340516510584
-3.482621459293759,-1.692847810536396
-3.4871245309609,-1.6877406590547126
-3.491603756104666,-1.6826125662321885
-3.4960592953961602,-1.677463926784182
-3.500490784095889,-1.6722945592568543
-3.504898354951094,-1.6671047972644424
-3.509281792376771,-1.6618946340248302
-3.5136410024995746,-1.6566641751445932
-3.517975914140233,-1.6514135536374854
-3.522286429619942,-1.6461428782464707
-3.526572476723944,-1.6408522803151397
-3.5308340101844014,-1.6355419247882783
-3.5350708527877557,-1.6302118448266105
-3.5392829115567266,-1.6248621492413522
-3.543470120590295,-1.6194929754777
-3.547632385136603,-1.6141044350273654
-3.55176970504161,-1.6086967340863298
-3.5558817961373075,-1.603269840858409
-3.559968729714198,-1.5978239755619812
-3.56403032639476,-1.59235922126719
-3.5680665324322467,-1.5868756659474699
-3.572077334004316,-1.5813735058428144
-3.576062608535267,-1.57585283483775
-3.5800221880122565,-1.5703136954790828
-3.5839560461939,-1.5647562523147756
-3.5878640959775554,-1.5591806223307456
-3.5917462444684887,-1.5535869158315048
-3.595602483339351,-1.547975317516566
-3.599432688559646,-1.5423459243951658
-3.60323669192448,-1.5366987838158863
-3.607014469902285,-1.5310340613404725
-3.610765936674474,-1.525351876226107
-3.614491002313081,-1.519652341002695
-3.6181897129299307,-1.5139356917877917
-3.6218616951556912,-1.508201836435008
-3.6255072179905827,-1.5024511712027422
-3.629125898569711,-1.496683560983308
-3.6327178463356353,-1.4908992535217271
-3.636283006208901,-1.4850984082469154
-3.639821211053427,-1.4792810767342937
-3.6433323818180527,-1.4734473775193728
-3.646816469404874,-1.4675974548121926
-3.6502733933398974,-1.4617314309515392
-3.6537031018562165,-1.4558494414365295
-3.657105565962715,-1.4499516646561958
-3.660480617238495,-1.4440381569481586
-3.6638281782885764,-1.4381090394713854
-3.6671482031365223,-1.4321644575750425
-3.670440582908026,-1.4262045150943934
-3.6737054170209316,-1.4202294848889865
-3.676942374806452,-1.414239287597423
-3.6801516226757243,-1.4082342515455109
-3.6833329269251744,-1.4022143402016238
-3.686486279384269,-1.3961797261743103
-3.689611698540711,-1.3901305937878015
-3.692709071162245,-1.3840670582084766
-3.6957782384324553,-1.3779891852433763
-3.6988191972289757,-1.371897142372987
-3.701831875623465,-1.3657910587048776
-3.7048161971018168,-1.3596710550804707
-3.7077721792867555,-1.3535373148983671
-3.7106997089565885,-1.3473899578273687
-3.71359862906313,-1.3412290537407852
-3.71646894241064,-1.3350547703072018
-3.7193105853992785,-1.3288672392873997
-3.7221234807025714,-1.322666569979399
-3.7249077069949963,-1.316453037887976
-3.7276630572880496,-1.310226634331811
-3.7303894373568802,-1.3039875045484361
-3.7330868806408013,-1.2977357947564403
-3.735755340299404,-1.2914716385641853
-3.7383948061506738,-1.285195223130904
-3.7410051192858824,-1.2789066217636778
-3.7435862168733913,-1.2726059647789645
-3.746138247226852,-1.266293980784711
-3.7486629710043102,-1.2599708956010354
-3.751159291457819,-1.2536360194623775
-3.7536250871659775,-1.2472891749455868
-3.756061181952479,-1.2409311648391783
-3.7584684238115993,-1.234562127071536
-3.7608460252634437,-1.2281818243067906
-3.763193727291002,-1.221790532080692
-3.765511746675853,-1.2153884886047956
-3.7678006365107937,-1.2089764392648106
-3.770061785456681,-1.202554892568415
-3.77229622274912,-1.196123901323012
-3.7745028591928147,-1.1896831306157114
-3.7766814698381537,-1.1832329133492554
-3.7788326052262793,-1.1767735618723905
-3.780956105495717,-1.1703049963996874
-3.78305164975239,-1.163827296054562
-3.7851192848200865,-1.1573406750023345
-3.78715920134084,-1.1508452770877782
-3.7891709414570998,-1.1443406309857604
-3.7911523702834335,-1.1378263008903264
-3.7931029445900193,-1.1313033180026912
-3.795025761359848,-1.1247726237718394
-3.796921913787231,-1.1182338928908357
-3.798789445168565,-1.1116866898158306
-3.800628203741808,-1.1051315213053952
-3.8024393506273717,-1.0985687425729156
-3.8042225293149814,-1.0919982255305551
-3.80597720213124,-1.0854200076212444
-3.807703509560077,-1.078834367966454
-3.809401711225764,-1.0722414108559146
-3.8110715683405316,-1.065641177891894
-3.8127129558624513,-1.0590338095803544
-3.8143260620258506,-1.0524194917975662
-3.8159108193163305,-1.0457983306376528
-3.8174669836080652,-1.039170405568432
-3.818994774515642,-1.0325358694413076
-3.820493987197968,-1.0258948515231068
-3.8219646915626075,-1.0192474462356862
-3.8234068220397224,-1.0125937683251667
-3.8248204567117967,-1.0059339697635743
-3.8262055269787285,-0.9992681853989921
-3.827561903593449,-0.9925964932645271
-3.828889626381196,-0.9859190347857807
-3.830188642876539,-0.9792359376770454
-3.8314590722105395,-0.9725473464365302
-3.8327006165289697,-0.9658533298696332
-3.8339135777409226,-0.9591541295736868
-3.835097659245431,-0.9524497455478163
-3.836252931777915,-0.9457403327410728
-3.8373794047425203,-0.9390259959979571
-3.8384771077615416,-0.9323069220151643
-3.83954592359797,-0.9255831906224546
-3.84058583025412,-0.9188549215961088
-3.8415968399304057,-0.912122245703784
-3.8425789311763023,-0.9053852845635545
-3.8435321172133947,-0.898644139656983
-3.8444564293581975,-0.8918990013742372
-3.845351749849549,-0.8851499509908045
-3.8462180555936625,-0.8783971090651529
-3.847055339576064,-0.87164060107263
-3.8478636448797277,-0.8648806344840685
-3.8486429788704686,-0.8581172147565392
-3.8493931346461503,-0.8513505559447532
-3.850114291490693,-0.84458069276573
-3.850806445832861,-0.8378078333128104
-3.85146948564631,-0.8310320600780159
-3.852103308950877,-0.824253498669791
-3.8527082012237583,-0.8174722751777845
-3.8532839333045494,-0.810688496107231
-3.8538304579444667,-0.8039022976423581
-3.854347878906929,-0.7971138729846545
-3.8548362354490933,-0.7903232419194721
-3.855295403000995,-0.7835305706230782
-3.855725299018153,-0.7767359810880478
-3.8561261311005435,-0.7699396698999006
-3.8564978017177074,-0.7631416427519407
-3.8568402616390878,-0.7563420813946329
-3.8571533995312626,-0.7495411067305802
-3.8574375098084914,-0.742738905214748
-3.8576923931407707,-0.7359354922340876
-3.857917981945085,-0.7291310420459495
-3.858114468889758,-0.7223257094182118
-3.8582816700108364,-0.715519588320162
-3.8584196482963002,-0.7087128083797992
-3.8585284241585245,-0.7019054889344113
-3.8586079207669606,-0.69509783159494
-3.858658317525127,-0.6882898527675417
-3.8586793194029716,-0.6814817572291645
-3.8586712142645005,-0.6746736138971321
-3.8586339058320123,-0.6678655844344296
-3.8585672974711858,-0.6610577718041947
-3.8584714601574595,-0.6542503027917157
-3.8583463903413047,-0.6474432761988761
-3.8581921089658073,-0.640636891368811
-3.858008695442915,-0.6338312068467978
-3.8577960358599213,-0.6270263611158272
-3.857554060469531,-0.6202224897010238
-3.8572829917228812,-0.6134197519857988
-3.856982740975104,-0.6066182052819722
-3.8566532681299712,-0.5998180060354159
-3.856294472635802,-0.5930192882730161
-3.8559066850385606,-0.5862221868547882
-3.855489608701133,-0.5794267971261651
-3.8550433459179563,-0.5726332516665131
-3.85456793823706,-0.5658416791896507
-3.854063457224845,-0.5590522297271769
-3.8535301886118254,-0.5522654495285296
-3.8529702433367548,-0.545481185884482
-3.8523846075053165,-0.5386990039001096
-3.8517713316059417,-0.5319186157657042
-3.85112834166552,-0.5251407243210707
-3.8504555999155072,-0.5183658931458303
-3.849754303747679,-0.5115940625323012
-3.8490242390956135,-0.5048251416636227
-3.848264756547801,-0.4980594346896641
-3.847476588179201,-0.4912975391576402
-3.8466620827899387,-0.48453910270044454
-3.8458217852069367,-0.47778366676754264
-3.844954385586936,-0.4710315174118695
-3.844059997766486,-0.4642829944709218
-3.8431392300799545,-0.45753807042382005
-3.8421920175989306,-0.45079676921927714
-3.841217830557261,-0.44405930128549354
-3.8402172151327076,-0.4373257719430365
-3.839190036717546,-0.43059622125362446
-3.838136261900193,-0.4238707558578594
-3.8370554447428153,-0.41714914970825634
-3.8359461150079834,-0.4104322958668399
-3.834809559087618,-0.40372045960987596
-3.8336476947395797,-0.3970129906264445
-3.832459408112341,-0.3903098709454651
-3.831243933979786,-0.3836116608656765
-3.830002158166018,-0.3769184441306701
-3.8287343641611464,-0.3702300193730367
-3.8274399575889864,-0.3635466311336549
-3.8261189839274774,-0.35686850707059686
-3.8247717371750216,-0.350195640520288
-3.8233983239702343,-0.343528150778302
-3.8219983999020144,-0.33686612923774484
-3.820572180428922,-0.3302097058427097
-3.8191197542520343,-0.3235589857355866
-3.8176411377634527,-0.3169140029329067
-3.8161362408135764,-0.3102749232272777
-3.814605111762973,-0.3036418393307322
-3.813047798372229,-0.2970148403535675
-3.811464297443302,-0.2903940373482965
-3.8098546614744304,-0.28377957691069317
-3.8082189739678936,-0.2771714762852354
-3.8065571627549155,-0.27056988806355564
-3.804869237027726,-0.2639749127094707
-3.803155329880544,-0.2573866838859219
-3.801415293886983,-0.2508053042808257
-3.799649469207077,-0.24423081373674496
-3.797857550432471,-0.23766336961994236
-3.796039759327067,-0.23110308233954818
-3.794196146658914,-0.22454998209601018
-3.7923266474961013,-0.2180042188865034
-3.7904312835183376,-0.2114658912283667
-3.788510107763076,-0.20493509317980027
-3.7865631413391743,-0.1984119289521278
-3.784590435820784,-0.1918965259802431
-3.782592068820443,-0.1853889223195653
-3.780567977539389,-0.17888926593645638
-3.7785181883457666,-0.17239765489472614
-3.7764427051047518,-0.16591421589008948
-3.7743417808662376,-0.15943899089255054
-3.7722152623327934,-0.15297215328822614
-3.7700631425591986,-0.1465137677078102
-3.7678855619524634,-0.14006396587640632
-3.765682609272435,-0.13362276575693227
-3.763454215012399,-0.12719032260586124
-3.761200408371913,-0.12076673338022621
-3.758921249127581,-0.114352089230781
-3.756616765581327,-0.1079464929356634
-3.7542870148317,-0.1015500624801044
-3.751932079215794,-0.09516284175965932
-3.7495519005847147,-0.08878497759525089
-3.7471465086674454,-0.08241656646969002
-3.744715967402408,-0.0760576980464809
-3.74226032587676,-0.06970849096475093
-3.7397796528190925,-0.06336902262225981
-3.737274004514943,-0.05703943064325328
-3.734743269593085,-0.05071981932608013
-3.732187714368934,-0.04441020533908114
-3.729607238609071,-0.038110740998707614
-3.7270018773832896,-0.03182152170373314
-3.7243716967828697,-0.02554263529869093
-3.7217167322490075,-0.019274182852071872
-3.7190370473705836,-0.013016275163524858
-3.716332731101576,-0.006768957825631769
-3.7136037318113004,-0.0005323779459636353
-3.71085008341515,0.005693369764602633
-3.708071853303905,0.01190819933632025
-3.7052690938338655,0.01811199751988627
-3.7024418799278243,0.02430468394334491
-3.6995902691646054,0.030486133940564576
-3.6967141389857194,0.03665624355328648
-3.6938138136667305,0.042814977540102404
-3.690889145471715,0.048962207903903134
-3.687940192313613,0.05509783281809452
-3.684967027042996,0.061221768636906225
-3.681969727237133,0.06733392513687646
-3.678948241368717,0.07343417768240762
-3.6759028198028463,0.07952248836075976
-3.6728333319926394,0.08559871390066422
-3.669739795575522,0.09166274928601836
-3.66662236619701,0.09771454384947945
-3.66348111596221,0.10375398376348706
-3.660315924597611,0.10978093828845764
-3.657127053615813,0.11579539930391598
-3.6539144228728455,0.12179720820623144
-3.65067807203798,0.12778626684272115
-3.6474181453307066,0.13376249953573227
-3.6441345337448077,0.13972574711839195
-3.6408275779044437,0.14567605000130182
-3.6374970147938575,0.15161318867301296
-3.6341430670610526,0.15753713224741478
-3.630765811597874,0.16344782791970525
-3.6273652126295377,0.16934512820798134
-3.6239413155046605,0.17522894267284383
-3.6204941970182776,0.18109919258693874
-3.6170239067739303,0.18695578307577354
-3.6135305199398307,0.1927986185574318
-3.6100141412574795,0.19862765573662192
-3.6064747391279344,0.20444274703493862
-3.6029123629635293,0.2102438036072959
-3.5993270416083454,0.21603070923806345
-3.595719041221833,0.22180346737144377
-3.5920882360691104,0.22756189657130863
-3.5884346523683,0.23330590274306218
-3.584758429311789,0.239035429355725
-3.581059678640754,0.24475044687839892
-3.5773383595984587,0.25045079901211764
-3.5735945233265456,0.25613639854896136
-3.569828251185875,0.2618071712821181
-3.566039598039474,0.26746302503257985
-3.56222864374163,0.27310387043595696
-3.5583954988429047,0.27872966657827186
-3.554540138728973,0.28434026570276144
-3.5506626171542868,0.28993558180837803
-3.5467630177891514,0.2955155433086553
-3.5428414090427385,0.3010800545025833
-3.5388978916486846,0.3066290357368768
-3.534932526933407,0.31216239598205153
-3.5309452284672243,0.3176799897147399
-3.5269363051311835,0.32318186107879104
-3.5229056441700686,0.32866784132139415
-3.518853314931211,0.33413784636835125
-3.5147794032436903,0.33959180733714295
-3.5106839685331606,0.34502963541753906
-3.5065670939653866,0.3504512473207821
-3.502428896013137,0.3558566054561265
-3.4982693578412163,0.3612455624099528
-3.4940885385312987,0.36661803514904645
-3.4898865258413463,0.3719739567787841
-3.4856633812704,0.3773132406991096
-3.481419262137541,0.38263583573025084
-3.477154055470555,0.3879415485249451
-3.4728680452936604,0.3932304337065274
-3.468561132895341,0.39850231282596704
-3.464233451749035,0.4037571533068878
-3.4598850194546373,0.40899484573460615
-3.4555159239638087,0.4142153248302378
-3.451126229358786,0.4194185057833204
-3.4467160210199816,0.42460431159266415
-3.4422854202338056,0.4297727082838593
-3.437834417586326,0.4349235494341433
-3.433363077477138,0.44005675574047903
-3.4288714920058423,0.44517226540602933
-3.4243597279003635,0.4502699956321226
-3.419827871420776,0.4553498726449947
-3.415276066547231,0.46041185678308616
-3.4107042536052443,0.4654557745547545
-3.4061125631194566,0.47048157565566484
-3.4015011081671482,0.47548923328595044
-3.3968698643433846,0.4804786044780989
-3.392218942462659,0.48544964763847326
-3.387548408604996,0.49040227940516073
-3.3828583506430965,0.495336429536983
-3.3781488935045334,0.500252067531192
-3.373420034456386,0.5051490480341745
-3.368671842583261,0.5100272959872438
-3.3639044137446725,0.5148867554110423
-3.35911781954176,0.5197273479132976
-3.354312149341759,0.5245490066614825
-3.3494875582402632,0.5293517125678844
-3.34464392802634,0.5341352211051545
-3.3397815551496244,0.538899626068832
-3.3349003727456514,0.54364476847996
-3.3300004976918127,0.5483705832199084
-3.3250819668318456,0.5530769991542863
-3.3201448712390107,0.5577639471316241
-3.315189300925592,0.562431363095545
-3.3102153924676956,0.5670792192822041
-3.305223132189256,0.5717073739551595
-3.3002125718943587,0.5763157269794689
-3.295183888267203,0.5809042786978185
-3.2901371594390634,0.5854729764392615
-3.28507239916327,0.5900216972298289
-3.279989644075121,0.5945503167874803
-3.274889134311224,0.599058906254417
-3.2697707985425115,0.6035472777728076
-3.2646348404659196,0.608015467770958
-3.259481255240427,0.6124633199812657
-3.2543100909391796,0.6168907224194874
-3.249121571469868,0.621297733909759
-3.2439156203466526,0.6256841396699958
-3.2386924495054186,0.6300499761276911
-3.233452027197988,0.634395117450204
-3.228194481377673,0.6387195313776841
-3.2229199472924677,0.6430231994939765
-3.2176284359532907,0.647305980433707
-3.2123200246157317,0.6515678089022957
-3.206994815318647,0.6558086422907738
-3.2016528882849418,0.6600284122251913
-3.1962943366039935,0.6642270660665486
-3.1909192959543855,0.668404584507427
-3.185527780130071,0.6725608246633655
-3.1801198670752187,0.6766957076650999
-3.174695701559516,0.6808092320875853
-3.169255261308271,0.6849011934369397
-3.1637988401211343,0.6889717646066045
-3.158326285666304,0.6930206365361976
-3.152837792257468,0.6970478878732549
-3.147333483404033,0.7010534816323734
-3.1418133775161596,0.7050372788747449
-3.1362775552204663,0.7089992186765367
-3.1307261202906664,0.7129392641674931
-3.125159156465865,0.7168573528910405
-3.1195767580364095,0.7207534405373035
-3.1139790645905405,0.7246275136686962
-3.1083660969770466,0.7284794324087857
-3.1027379369880173,0.732309134328671
-3.0970946884552015,0.7361165802742757
-3.0914364833155705,0.7399017484645856
-3.0857633159611897,0.7436644183262395
-3.0800754418710428,0.7474047869568207
-3.0743727521299182,0.7511225284138274
-3.0686554933032943,0.7548178086386491
-3.06292366604545,0.7584904506909742
-3.057177354294893,0.7621403970219615
-3.0514166638906546,0.7657676164106041
-3.045641681466575,0.7693720509614609
-3.039852501840662,0.7729536639490016
-3.034049268102688,0.7765124485561115
-3.0282320073164675,0.780048268660831
-3.0224008049024658,0.783561067463802
-3.0165557672655727,0.7870508126306118
-3.010697026583922,0.7905174914263147
-3.0048245924595944,0.7939608812885468
-2.9989387053960743,0.7973811956992496
-2.9930392982156766,0.800778151716249
-2.987126512292609,0.8041517730370448
-2.981200429406602,0.8075019982288597
-2.975261189070158,0.8108288442094661
-2.969308876247891,0.8141322260924143
-2.9633435251873776,0.8174120165453864
-2.9573652330561937,0.820668159209836
-2.951374225971971,0.8239008111074448
-2.9453704315481044,0.8271096402089393
-2.9393540709567807,0.8302948461849288
-2.933325144893219,0.8334562076812904
-2.9272837724609033,0.8365937357822267
-2.921230045045686,0.839707376664058
-2.915164056862536,0.8427970982074167
-2.9090859556928717,0.845862896611531
-2.902995777769943,0.848904637236799
-2.8968936130190697,0.8519222691383579
-2.8907795701417576,0.8549157688107966
-2.8846537416539992,0.8578850860351098
-2.8785162795162775,0.860830252233591
-2.8723671834257387,0.8637510361636573
-2.8662066871189,0.8666476184227857
-2.8600347472099896,0.8695197732598215
-2.853851496556062,0.8723675257436527
-2.8476570698601993,0.8751909016435269
-2.841451560813191,0.8779898193356874
-2.835235012088333,0.88076415192759
-2.8290075480968446,0.8835139122143455
-2.822769260828298,0.8862390305224989
-2.8165203012072566,0.8889395836077286
-2.8102606880591336,0.891615298196478
-2.803990626931387,0.8942663974990891
-2.797710102539229,0.8968926236156622
-2.7914192470981862,0.8994940180772514
-2.7851181522635517,0.9020705589852924
-2.7788069704269405,0.9046222546648237
-2.772485746164554,0.9071489779124813
-2.766154573508863,0.9096506874966181
-2.7598135629116083,0.9121273706886335
-2.7534628103104146,0.9145789850539567
-2.7471024088973173,0.9170055142078174
-2.7407325414076342,0.9194069690008077
-2.734353203426806,0.9217831850096385
-2.7279645605774285,0.9241341733305469
-2.721566647448478,0.9264598792067219
-2.7151596186698272,0.9287603699706531
-2.708743575110361,0.9310355622783223
-2.702318567643376,0.9332853353178061
-2.6958847189248667,0.9355097133416129
-2.6894421286211645,0.9377086594411285
-2.6829908851010984,0.93988213131419
-2.6765311547752555,0.9420302228601157
-2.6700629400485987,0.9441526096950628
-2.6635864878352806,0.9462496024161201
-2.6571017517964703,0.9483208599907642
-2.6506088706366673,0.9503665304001534
-2.6441079983824483,0.9523866024979328
-2.6375991869070656,0.954380953979766
-2.6310825330459635,0.9563495500833905
-2.6245581483991463,0.9582923872968814
-2.6180261324667597,0.9602094326898409
-2.611486575976638,0.962100681161789
-2.6049396384077337,0.9639661525361972
-2.5983853900362477,0.9658056934745021
-2.5918239276735795,0.9676193813360366
-2.5852553558429237,0.9694070391305241
-2.5786797626497813,0.9711688213067013
-2.572097296465214,0.9729046589328594
-2.565508002954712,0.9746144219751923
-2.5589120023885363,0.9762981421583726
-2.5523093975058715,0.9779557876995435
-2.545700278464287,0.9795873236550512
-2.5390847725478216,0.9811928051266141
-2.532462998272419,0.982772166014833
-2.5258350243158514,0.9843252086484938
-2.5192010032611956,0.9858522369202154
-2.512560973244727,0.9873529029353951
-2.505915104317601,0.988827450420889
-2.499263455495961,0.9902757184599813
-2.4926061255070393,0.9916976803362401
-2.4859432254180356,0.9930933390303759
-2.479274856766668,0.9944626662382431
-2.4726011049944985,0.9958056633182076
-2.4659221368013564,0.9971223545904206
-2.4592380126161992,0.9984126239096713
-2.452548844065031,0.9996764326126955
-2.44585473597288,1.0009138545896397
-2.4391557850991754,1.0021246911014696
-2.4324521644581583,1.0033092388921476
-2.425743887056277,1.004467191899273
-2.419031083858466,1.0055986389819538
-2.4123138593693874,1.0067035624017187
-2.40559230408668,1.0077819392980607
-2.3988665374044116,1.008833838630848
-2.3921366925858267,1.0098592020851105
-2.3854033550242484,1.010858235626602
-2.378666813279441,1.0118330169098169
-2.3719268957491293,1.0127845817029768
-2.3651833263531707,1.013711509323052
-2.358436562731895,1.0146136110083295
-2.3516861447178408,1.0154913207934582
-2.344931871586658,1.0163424768408238
-2.3381742805575243,1.0171658002589812
-2.331413694117179,1.0179625440194937
-2.3246500347101526,1.0187332470000043
-2.3178832019093325,1.0194769551265472
-2.3111140460661477,1.0201940116732193
-2.30434275115163,1.0208868551623986
-2.2975689944440445,1.021556510633412
-2.290792597626738,1.022201271156714
-2.284014006957527,1.0228210901420554
-2.2772333453466285,1.0234167697099985
-2.2704504855941483,1.023988321657328
-2.263665580405437,1.0245350711972527
-2.256878792313952,1.0250573032818302
-2.2500901381983613,1.025555232988025
-2.243299778693868,1.0260285792024055
-2.236507734808574,1.026477446095477
-2.229714136551142,1.0269017360077046
-2.222919099556675,1.027301612283524
-2.21612263328239,1.0276768954853015
-2.2093248231537097,1.0280276759890563
-2.2025258269472956,1.0283540252880097
-2.1957257139361244,1.0286557991765624
-2.18892450867251,1.0289331064266047
-2.1821223468608477,1.0291858787495771
-2.175319315400272,1.0294140251163273
-2.1685155475206703,1.0296177888759876
-2.1617110409583518,1.0297969882893163
-2.154905927085048,1.0299515999804896
-2.1481003186996017,1.0300816111102122
-2.141294287980503,1.0301871939778842
-2.134487883925304,1.0302681303140624
-2.1276812545373915,1.0303245882770398
-2.120874459455737,1.0303564313045281
-2.114067587594786,1.0303636736162165
-2.107260788848469,1.0303464701394014
-2.1004540744418834,1.0303047241549017
-2.093647581725238,1.0302383450374821
-2.0868413644327983,1.030147558232868
-2.0800355253599303,1.0300321691272867
-2.0732301402594473,1.0298922431935684
-2.0664252780406764,1.029727812856382
-2.059621071486715,1.029538770497334
-2.0528175930564183,1.029325317399677
-2.0460149076397456,1.0290872826146804
-2.039213119382099,1.0288246370141048
-2.0324123382114427,1.0285374844399533
-2.0256126254442774,1.028225860094035
-2.018814068548631,1.027889680768615
-2.012016765952267,1.0275288937585445
-2.0052208183098026,1.0271436961803697
-1.9984262869296827,1.0267339476802428
-1.9916332748266534,1.026299784871305
-1.984841880358798,1.025841109587894
-1.9780521874866555,1.025357936593812
-1.9712643040728373,1.0248502635865566
-1.9644783100659073,1.0243182202856003
-1.9576942883124153,1.023761620642596
-1.9509123106969901,1.0231806464918596
-1.9441324702789844,1.022575151859685
-1.9373548494922688,1.0219451987589905
-1.9305795351577686,1.0212907908803652
-1.9238066299480991,1.0206119282237562
-1.9170362063494377,1.0199087003162648
-1.9102683533686164,1.0191810825769858
-1.9035031662500117,1.0184290032056784
-1.8967407264750307,1.0176525331781143
-1.8899811215155757,1.0168516833831318
-1.8832244562678442,1.0160264583893648
-1.8764708139452417,1.0151769904334595
-1.8697202960963846,1.014303079541715
-1.8629729736413663,1.013404883021614
-1.8562289628921467,1.012482407295861
-1.849488314579102,1.0115355135705213
-1.8427511474434872,1.0105643553018129
-1.8360174944398977,1.0095689607590619
-1.8292874735148061,1.0085492543119678
-1.822561175949535,1.0075052111018157
-1.815838660417902,1.0064369407296112
-1.8091200677753962,1.0053444917318999
-1.802405446216597,1.0042277915517486
-1.7956948957946528,1.0030867979313751
-1.7889884672841028,1.0019217165317718
-1.7822863206636281,1.0007324749749313
-1.77558848812269,0.9995190609395772
-1.7688950686970522,0.9982814683383704
-1.7622061440762784,0.9970197583743566
-1.7555218224323659,0.9957339226058737
-1.7488421867422197,0.994424096078141
-1.7421673381284626,0.9930900836768117
-1.7354973296336391,0.9917320502294702
-1.7288323047182979,0.9903500080784662
-1.7221722854863097,0.9889438754568178
-1.7155173716873342,0.9875137244355595
-1.7088676486549261,0.9860595732036938
-1.702223219602528,0.9845814341983004
-1.6955841701693046,0.9830794059533462
-1.6889505492292245,0.9815534741042135
-1.6823224784983923,0.9800035754930968
-1.6757000409027096,0.9784297253482204
-1.6690833443075035,0.9768321625504062
-1.6624724699268636,0.9752106772111492
-1.6558674669412392,0.9735653871548926
-1.6492684406717997,0.9718962587273289
-1.6426754655436424,0.9702033364760458
-1.6360886321340096,0.9684866359932821
-1.6295080643225153,0.9667461994347399
-1.6229341226288936,0.9649825951984006
-1.6163662772230558,0.9631977609484724
-1.6098039426953161,0.9613923647591278
-1.603247449085617,0.9595651900684841
-1.596697223460088,0.957716342187455
-1.590153032427279,0.9558463279061811
-1.583614846771448,0.9539551268656334
-1.5770829326226283,0.9520424149389969
-1.5705573065341412,0.9501084311066929
-1.564037991378697,0.9481532551607965
-1.557525067749812,0.9461767740858458
-1.5510186458836066,0.9441789833869473
-1.544518776946872,0.9421599832162494
-1.5380255365221898,0.9401198194090995
-1.5315389462815603,0.9380585150574388
-1.5250591385470986,0.9359759761139251
-1.5185861988011797,0.9338724006346081
-1.5121201575657892,0.9317476596402232
-1.505661083993067,0.9296018377633694
-1.4992090764732624,0.9274349275075932
-1.4927641354647339,0.9252470510641461
-1.4863263777770634,0.9230381016597357
-1.4798958405167562,0.920808134537095
-1.4734726349154899,0.9185572559940207
-1.4670567884155812,0.9162854120374297
-1.460648414283416,0.9139925504879266
-1.4542474960685596,0.9116789232110076
-1.447854192387341,0.9093443939014113
-1.4414685327197159,0.9069889766480167
-1.4350905825418032,0.904612739629587
-1.428720425483254,0.9022156880449684
-1.4223581154939715,0.8997979169421948
-1.4160037107819816,0.8973594234256934
-1.4096573322762724,0.8949001358745616
-1.403318996422279,0.8924202078286608
-1.396988822868902,0.8899196426397047
-1.390666868342271,0.887398351393122
-1.3843531299467824,0.8848565415560352
-1.3780477227303702,0.8822941207807494
-1.371750710404503,0.8797111108942184
-1.3654621508435436,0.8771075604449162
-1.3591821143175133,0.874483493743826
-1.3529106859655344,0.8718389557647823
-1.3466478771824966,0.8691740264206531
-1.3403938016162154,0.8664886572093038
-1.3341485229180299,0.8637828725351199
-1.327912125367204,0.8610567119055417
-1.3216846442955519,0.8583102689299933
-1.3154661762995807,0.8555435532977765
-1.3092567872949479,0.8527564881989113
-1.3030565275156574,0.8499492058312225
-1.2968654185819362,0.8471217625277638
-1.290683573162087,0.8442741100318664
-1.2845110540171465,0.8414062723470651
-1.2783479169420355,0.8385183002278759
-1.2721942304817628,0.8356102212591404
-1.266050074974979,0.8326820822297273
-1.259915482525473,0.8297339752746146
-1.25379057009126,0.826765838907199
-1.247675380012981,0.8237777295575387
-1.2415699760851777,0.8207696644298248
-1.2354744018122448,0.8177417483604961
-1.229388960287472,0.8146945496236276
-1.2233127122244023,0.8116298338506673
-1.2172449181395686,0.8085481568577116
-1.211186112025134,0.8054485228942083
-1.2051367082307987,0.8023308230342471
-1.1990963431890478,0.7991957757310616
-1.1930650144413,0.7960431927707515
-1.1870429868981618,0.7928728192290012
-1.1810302976244953,0.7896848452018337
-1.1750268891327322,0.7864794370001397
-1.1690328121995321,0.7832565661343203
-1.1630482466652066,0.7800161062542501
-1.1570731661433111,0.7767582229387129
-1.1511076183300262,0.7734829030273384
-1.1451516408187872,0.7701902142534534
-1.1392052873723844,0.7668801687153634
-1.1332686350403205,0.7635527456990806
-1.1273417104013645,0.7602080031361063
-1.1214245991369083,0.7568459346649954
-1.1155173027844885,0.7534666897008531
-1.1096199226593222,0.7500701824659596
-1.1037324831482194,0.7466564749546404
-1.097855033287368,0.7432255643991609
-1.091987620519522,0.739777496527974
-1.0861303061915704,0.7363123099390483
-1.0802830906846703,0.7328300850243359
-1.074446087556824,0.7293307765765988
-1.068619334726441,0.7258144506694655
-1.062802875916079,0.7222811410530249
-1.0569967751642557,0.7187308429929581
-1.0512010218750656,0.7151636750108828
-1.0454157256665368,0.711579562291592
-1.0396409092310868,0.7079785737543038
-1.0338766226581162,0.7043607358866862
-1.028122919531969,0.7007261277566086
-1.022379874742515,0.6970746774545332
-1.0166475001630324,0.6934065530574395
-1.0109258813106052,0.6897216489489697
-1.0052150342383568,0.686020050571674
-0.9995150239711547,0.6823017908288121
-0.9938258487490982,0.6785669542428868
-0.9881476082365598,0.6748155062060773
-0.9824803641003852,0.6710474535275831
-0.9768242994935912,0.6672635429271162
-0.9711782774910124,0.6634652940184018
-0.9655413408804384,0.6596533920806279
-0.9599143426162078,0.6558265248768068
-0.9542975565000528,0.6519848857896845
-0.9486905257540729,0.6481291178473146
-0.9430932972774944,0.6442589933449007
-0.9375061644171171,0.6403742625775873
-0.9319291139197036,0.6364751309765274
-0.9263620643874177,0.6325617105290042
-0.9208050760490979,0.6286340305736665
-0.9152582884080435,0.6246919661898367
-0.9097216979037536,0.6207356273811424
-0.9041952899915432,0.6167650757124123
-0.8986791186453996,0.6127802984755789
-0.8931732464929812,0.6087812973667175
-0.8876776792585289,0.6047681344004349
-0.8821924584693398,0.6007408230743317
-0.8767176402936209,0.59669938492892
-0.8712532058868887,0.592643928116185
-0.8657992982501065,0.5885743305585017
-0.8603558547301076,0.5844907840112751
-0.8549229772534707,0.5803931909869622
-0.8495006726006782,0.5762816295217758
-0.8440889751526889,0.5721560887277494
-0.8386879208723153,0.5680166070491418
-0.8332975544279643,0.5638632154239883
-0.8279178609317848,0.559695995044953
-0.8225489272458841,0.5555149138817429
-0.817190786428902,0.5513199964591261
-0.8118434973448421,0.547111251046084
-0.8065070140624373,0.5428888555449062
-0.8011814553299659,0.5386527008752131
-0.7958668593516447,0.5344028193535987
-0.7905632012500835,0.5301393218170675
-0.7852705554778385,0.5258621442037742
-0.7799889363289438,0.5215713430279623
-0.7747183928657927,0.5172669324418016
-0.7694589303940924,0.5129489842180066
-0.7642105848868258,0.508617519260533
-0.7589734368200063,0.5042725099312726
-0.7537474921445058,0.49991401729995416
-0.7485329022133543,0.49554266480904113
-0.7433282335723445,0.4911600749428568
-0.7381327268361237,0.48676645284885195
-0.7329470571192443,0.48236100608227833
-0.7277716342578624,0.47794369968437644
-0.7226059712559345,0.47351509153672366
-0.7174500178871203,0.46907508022817374
-0.7123041181754587,0.4646233870751365
-0.7071682252113866,0.460160209342506
-0.7020422197943024,0.4556856603627055
-0.6969262088085701,0.4511996380231765
-0.6918202531262202,0.44670217962338477
-0.6867243236308623,0.4421933723245301
-0.6816384697244681,0.4376731813140377
-0.6765627237081249,0.4331416219573053
-0.6714971393896165,0.4285987073602033
-0.6664416698980834,0.42404458250918214
-0.6613964005786103,0.41947916505473926
-0.6563613941172836,0.4149024462807558
-0.651336554984511,0.41031459630092637
-0.6463220175304963,0.40571548435733384
-0.6413177179547223,0.40110523310038537
-0.6363237433105997,0.396483790954361
-0.6313400894106123,0.39185120839953397
-0.6263667819883741,0.3872075057702864
-0.6214038605156468,0.38255269220788585
-0.6164513216292322,0.37788682710359395
-0.6115091879671232,0.3732099352200343
-0.6065775290029428,0.36852198903806205
-0.6016563675535866,0.3638230180827022
-0.5967456789065386,0.3591131433373644
-0.5918455491345844,0.35439228325699496
-0.5869559815768725,0.3496605167305379
-0.5820770432906438,0.34491847729389624
-0.5772072236253197,0.340167562192807
-0.5723456283462629,0.33540804623583514
-0.5674931340777712,0.3306390025542459
-0.5626500492582809,0.32586054769218264
-0.5578157895961927,0.3210732660453611
-0.5529904764980145,0.31627686176651293
-0.5481743236387551,0.31147127585946527
-0.5433673476170588,0.306656561590203
-0.538569386423788,0.30183287995519903
-0.5337805333489165,0.2970000995959017
-0.5290008682243464,0.29215822943230774
-0.5242303603555413,0.287307341324477
-0.5194689558107966,0.2824475017918939
-0.5147167581854626,0.27757864647117575
-0.5099737872190785,0.27270080743502884
-0.5052400303422331,0.26781403625603034
-0.5005155549348869,0.26291830270333144
-0.49580028577859614,0.25801373656308496
-0.4910943358995191,0.25310021328781834
-0.4863976449392295,0.2481778611925214
-0.48171027056288507,0.24324661449117024
-0.47703221491604203,0.2383065144156749
-0.4723635049544318,0.23335756804931845
-0.4677041326321872,0.2283998197469816
-0.4630541110787847,0.223433296400418
-0.4584134987073978,0.21845797184686927
-0.45378232048783806,0.21347386913964145
-0.4491605293704961,0.2084810998353647
-0.44454820336349077,0.2034795857345577
-0.4399453468962275,0.1984693661036263
-0.43535195207301075,0.19345047711527485
-0.43076804682682485,0.18842291142342393
-0.4261936389941749,0.18338669007161473
-0.4216287467776319,0.17834182891237987
-0.41707339868729854,0.1732883330710595
-0.4125275606062232,0.16822627753015545
-0.40799129844841636,0.16315563312213888
-0.40346467095953337,0.1580763941695773
-0.39894759103345384,0.1529886980774582
-0.39444016201261956,0.14789244651677247
-0.3899423817719267,0.14278769788987825
-0.38545424557123026,0.1376744621333361
-0.380975778351407,0.13255275516294898
-0.3765069869106955,0.12742259151419932
-0.37204788648312126,0.12228399002276737
-0.36759850532149185,0.11713695633713954
-0.36315883293426654,0.11198153507313093
-0.3587288805749137,0.10681775738068292
-0.3543087118222717,0.10164560581805188
-0.34989831513240727,0.09646511765215264
-0.3454977488431417,0.09127630525499984
-0.3411069574405168,0.08607923737045377
-0.3367260200848461,0.08087386034399634
-0.33235490599656803,0.07566023496296659
-0.3279936529566395,0.07043834764075094
-0.3236422654808709,0.06520822512289828
-0.3193007619412273,0.05996988292977453
-0.3149691688060941,0.05472332573637148
-0.31064745061393695,0.04946863086726929
-0.30633569589973153,0.044205787770680294
-0.30203388733566355,0.0389348162271504
-0.297742085109842,0.03365568806519395
-0.2934602015096631,0.028368543827286798
-0.2891883385035259,0.023073278534237896
-0.284926481864881,0.017769943645328853
-0.2806746568784766,0.012458544264168233
-0.27643282869868074,0.0071391578585812444
-0.27220106332384625,0.0018117572458780438
-0.26797941896481814,-0.0035236600560591305
-0.2637678023480001,-0.008866959395233033
-0.25956631860191964,-0.01421823713873668
-0.2553749657284714,-0.019577437104836753
-0.2511937352734281,-0.024944556597858696
-0.24702265749975624,-0.030319589082966544
-0.24286169677012096,-0.035702456225623146
-0.23871091868542965,-0.041093184621936125
-0.23457034020087092,-0.046491750439982604
-0.23043996357820454,-0.05189812480673421
-0.22631985555489686,-0.05731231231257538
-0.2222099140955966,-0.06273419593139108
-0.2181102673698094,-0.06816387560962515
-0.2140208852089092,-0.07360131397798952
-0.2099417383852227,-0.07904643289709747
-0.20587289226431463,-0.08449925827162907
-0.20181436010820697,-0.08995977449446982
-0.19776614488209032,-0.09542795417654791
-0.19372825831107238,-0.10090376336137255
-0.1897007673787433,-0.10638719038489564
-0.18568359713303798,-0.11187818345074557
-0.1816768597281363,-0.11737678874046581
-0.17768046329684048,-0.12288291750587937
-0.17369448235924484,-0.12839659590028973
-0.16971893003314276,-0.13391780840232986
-0.1657538087133668,-0.13944652771191474
-0.1617991488535903,-0.14498274462303143
-0.15785492397928275,-0.15052637833534632
-0.15392119653075007,-0.1560774665477043
-0.14999798316999693,-0.16163595833306316
-0.14608527348419087,-0.1672018711452655
-0.14218306735559613,-0.17277514413255793
-0.1382914031397594,-0.1783557930183239
-0.13441028235679484,-0.18394379010692768
-0.13053972172635214,-0.1895391184863801
-0.12667974404584215,-0.19514177515200476
-0.12283031561370185,-0.20075165162105207
-0.11899158155301115,-0.20636942992420634
-0.1151653211257511,-0.2119960980887256
-0.11135249994483969,-0.2176317512578519
-0.10755209407104202,-0.22327558074815496
-0.10376386284233488,-0.22892772826170452
-0.09998841242036323,-0.2345879451875012
-0.09622390942807466,-0.24025495340719275
-0.09246904556705238,-0.2459284761317706
-0.08872504987837003,-0.25160940756638184
-0.08499232286581593,-0.25729762479313717
-0.0812701951331792,-0.2629926522485515
-0.07755853144927527,-0.2686945983808566
-0.07385784494975452,-0.27440371464399843
-0.07016803750687908,-0.2801198168651438
-0.06648898229300564,-0.2858434259253734
-0.06282260306991629,-0.29157561102843305
-0.0591699708504062,-0.29731642010177833
-0.05552999729935003,-0.30306503871728646
-0.05190238207370889,-0.3088215989474034
-0.04828788516702217,-0.31458647974050635
-0.04468642492354832,-0.3203594132650494
-0.04109771079119612,-0.32614026456733963
-0.037521837064910066,-0.3319291346344036
-0.03395893891664431,-0.3377254497651848
-0.030407017950814075,-0.34352804227079925
-0.02686515929131134,-0.3493369289718438
-0.02333446982781247,-0.3551527948953436
-0.01981524299978194,-0.3609754888475206
-0.016306867581826312,-0.3668052051539781
-0.012811275248352067,-0.37264313060087
-0.009329745221132292,-0.3784893231367312
-0.0058611814265800005,-0.384342933588816
-0.0024051226671033456,-0.39020408783209526
0.0010375871461706615,-0.39607316854806296
0.00446696591849704,-0.4019499768603764
0.007883419847946835,-0.4078342684228805
0.011286795060524466,-0.4137262018989542
0.014676891047210538,-0.41962579847547304
0.01805378577114552,-0.4255329294102788
0.021417635904558988,-0.4314469203613077
0.024770313221382092,-0.4373668837164719
0.028112485971506316,-0.44329342553675133
0.031441308592443123,-0.44922809620475984
0.034755589472148934,-0.45517063571157146
0.03805698107519889,-0.4611200958554574
0.04134570721023999,-0.4670767794349918
0.04462074897796914,-0.4730410990890688
0.047882209199860346,-0.47901273617811924
0.05113063434558339,-0.484991471036902
0.05436576417948993,-0.490977435320353
0.05758734833019556,-0.49697070759623857
0.06079550987718827,-0.5029711244154026
0.0639905118987937,-0.50897800313391
0.06717404913470719,-0.5149906128502336
0.07034715459186795,-0.5210088521944071
0.07350855897107036,-0.5270339610481072
0.07665610460370194,-0.5330666165234229
0.07978948352637995,-0.5391064475869419
0.0829097646078005,-0.5451529593221082
0.08601682144033335,-0.5512064457817565
0.08911011850900226,-0.5572669716199344
0.09218971942399758,-0.563334391361542
0.0952559993429691,-0.5694085118734197
0.09830868997932882,-0.575489537142901
0.1013476611103023,-0.5815773816981653
0.10437320403308245,-0.5876714017289978
0.10738730715829446,-0.5937706922642465
0.11039071960098304,-0.5998754009310102
0.11338209133446371,-0.6059872436644166
0.11635732709998357,-0.6121076346513561
0.11931529925712198,-0.6182355542560067
0.12226024501882775,-0.6243690771333413
0.12519313620198957,-0.6305087426566661
0.12811153011604415,-0.6366555985926583
0.13101550453034067,-0.6428089474395263
0.13390632719738746,-0.6489684281727393
0.1367835865412608,-0.6551344065826231
0.1396468960679476,-0.6613063826909311
0.14249848514186017,-0.6674832835319873
0.14533951485105023,-0.6736652112718623
0.1481686100098867,-0.6798528457033324
0.15098544178699683,-0.6860459397526217
0.1537904048162479,-0.6922459019045241
0.15657765673679472,-0.6984545763356651
0.15934591102203635,-0.704670952846434
0.1620996960806814,-0.710893294721023
0.16483880495627337,-0.7171221378074276
0.16756292901005806,-0.7233572524088251
0.17027360144051,-0.7295980543843961
0.1729710106922653,-0.7358442919789658
0.1756562118367945,-0.7420954909444248
0.1783304039090576,-0.748351407568404
0.1809927766803713,-0.7546125149737902
0.18364290726244245,-0.7608787825638662
0.18628137382763113,-0.7671493427020148
0.18888982503046423,-0.7734175268615315
0.19140580350318037,-0.7797768884689261
0.19377091129019644,-0.7861887788924553
0.19603808581926607,-0.7926286029865391
0.1982156442438551,-0.7991041324027421
0.20027202576575612,-0.805622237775839
0.20220881165806323,-0.8121734376751435
0.2040423582725973,-0.8187535608068556
0.20576642296785894,-0.8253653332548669
0.20737283216190555,-0.8320065235176826
0.20886591149153222,-0.8386731410628857
0.21024877301949763,-0.845363635692726
0.21151706015518765,-0.8520773117713988
