-0.15898105819915428,0.004261698666637624
-0.1589810776336637,0.004261698731244235
-0.1589810841084302,0.0042616987040922085
-0.15898108173407488,0.004261698656014995
-0.15898107481352805,0.004261698659990198
-0.1589810614757899,0.004261698673791913
-0.15898104368156227,0.004261698720343384
-0.15898103392611293,0.004261698641445311
-0.1589810316949205,0.0042616986412105234
-0.15898104859221723,0.004261698641508497
-0.15898105554222824,0.004261698679684728
-0.15782649939344628,0.004261697832345184
-0.15551626387045178,0.004261698511978664
-0.1520506515360221,0.0042616991657818916
-0.14742958111885204,0.004261703750095569
-0.1416530452247022,0.004261712349406332
-0.13485689916945093,0.004261978154163561
-0.12806075979169676,0.004263417479203376
-0.12126412804830049,0.0042665208272491826
-0.11446696142791289,0.004270534192432298
-0.10766950156231404,0.004275686166516333
-0.10087170977730678,0.004282057771677566
-0.09407347269679403,0.004289627492059244
-0.08727484306625961,0.004298332773013308
-0.08047587285439077,0.004308188654001008
-0.07367652579142195,0.0043192668904925725
-0.0668767895327872,0.004331503681264123
-0.06007669133705036,0.004344876673710633
-0.053276235422038964,0.004359426348083565
-0.046475409525412334,0.00437515723656071
-0.039674218005525556,0.004392046688505411
-0.032872671146371074,0.004410097204210465
-0.026070768748470082,0.0044293199995129404
-0.019268509973552818,0.004449710307229031
-0.01246589981697107,0.0044712623731552855
-0.0056629423116808224,0.0044939794419247845
0.0011403613180154973,0.00451786322714914
0.007944351657191739,0.0045425205700766825
0.01474936683481282,0.0045658473931943
0.02155413120793746,0.004587097844347285
0.028357625435887258,0.00460781477120781
0.03515962558739611,0.004630306090084589
0.041960718932677755,0.004654662740600168
0.04876111522507764,0.00467929856234391
0.05556070409825637,0.004702338091620919
0.0623587974922426,0.004723570858926083
0.06915555490615635,0.004744415598612454
0.07595129666619434,0.004766874722681718
0.08274734095727256,0.004791129386704241
0.08954430263991703,0.004815777537420209
0.09634210228766579,0.004838868571084101
0.10314003328276346,0.004860115855920039
0.10993817585941601,0.004880640574516899
0.11673654660739138,0.004900631772756655
0.12353472910130722,0.004921645466071395
0.13033337435294004,0.0049447022775887355
0.1371330191580302,0.004968397605349038
0.14393352450938315,0.004990348715522463
0.15073405211385782,0.005010369701242223
0.1575343958804685,0.005030125383994189
0.16433467550295403,0.005051495523618191
0.17113555718257778,0.005074628634463329
0.17793754206455373,0.005098152845713627
0.18474034640948594,0.005120127733816743
0.1915433095434676,0.005140260767088876
0.1983461661915351,0.005159987165364591
0.20514891124334989,0.005181314304811175
0.21195178700677428,0.005204463635387114
0.2187546409024012,0.005228014239440417
0.22555698956690928,0.005249962381274682
0.23235805267615833,0.005270057698372438
0.23915750082965165,0.0052897603039007805
0.24595549795733665,0.005311077668555824
0.25275309461633644,0.005334221104668528
0.25955064737004935,0.005357726229693469
0.26634863096092154,0.005379633356961841
0.2731466197060297,0.005399774359514282
0.2799445659684822,0.005419513635492544
0.2867429439829405,0.0054404047941278046
0.293542694373034,0.0054606702926942976
0.30034292155432474,0.005478442642283039
0.3071428327404411,0.0054954755244356135
0.3139427583887875,0.00551454286006144
0.32074360880835284,0.005535525902118415
0.3275454541711835,0.005556638416867235
0.33434807097502073,0.005576187323549888
0.34115062601766216,0.005594050470067565
0.34795251935251276,0.005611472736344591
0.35475356154974264,0.005630375934362848
0.36155421151325656,0.0056511966403952835
0.36835468922718456,0.005672434954488702
0.3751548684954931,0.005692006586568183
0.38195413462370137,0.005709749101507453
0.388752788312376,0.005726754919851101
0.3955510431601534,0.005743260377993167
0.4023487429932388,0.005760763963941298
0.4091467578531412,0.005780316264795572
0.4159458443940056,0.005800503543961868
0.42274596011207083,0.005818952189201504
0.4295462446570826,0.005835468991159621
0.436346499584178,0.005851709558984936
0.44314685260683534,0.005869570824975492
0.4499477701364867,0.0058891668652285255
0.4567493051764365,0.00590917082270681
0.46355118879055557,0.005927621965023353
0.47035260057066675,0.00594424815232729
0.47715310923815224,0.005960463631799013
0.48395276261930414,0.005978253738129415
0.49075255048478666,0.0059975016778555145
0.4975527338746632,0.006015037451359174
0.5043522067863261,0.006030177249967646
0.5111511785054841,0.006044754397093881
0.517950085529445,0.006059112941402958
0.5247486264921524,0.006074276960472298
0.5315474267677567,0.0060913791876560895
0.5383471648797307,0.006109247578629632
0.5451478271016167,0.006125379038855188
0.5519485215956614,0.006139562713130266
0.558749266037472,0.006153061506565889
0.5655500729351578,0.00616612054142821
0.5723503937652694,0.006180110601098327
0.5791507215594648,0.0061961361424107235
0.5859515296348466,0.006212838810588721
0.5927525910290122,0.006227761825821389
0.5995530354521608,0.006240752510684471
0.6063529989676542,0.006253094335354616
0.6131529491400511,0.006264553866690187
0.6199527731538819,0.00627451586942522
0.6267520113198297,0.006283636341072036
0.6335506630176561,0.006294235998704168
0.64034969324741,0.006306959371485975
0.6471494855905019,0.006320041848578006
0.6539498772554929,0.006331363577322841
0.6607502152694245,0.006340992711788892
0.6675502896931692,0.0063502473218539504
0.6743501075937323,0.0063610317008170785
0.681150254348847,0.00637363693951404
0.68795096539508,0.0063866561161111035
0.6947520628776886,0.006398074567025387
0.7015528059742102,0.006407672877488989
0.7083532000419998,0.0064164855206498205
0.7151536125276488,0.006424406399055248
0.7219538983455449,0.006430877287389742
0.7287539143684523,0.006436101714297506
0.7355534839610147,0.006440721058446836
0.7423524488552931,0.006446678455778689
0.7491516109380123,0.0064546130600960615
0.7559514408060365,0.006463029413794944
0.7627518032781196,0.006469761239079326
0.7695520018629464,0.006474669612545816
0.7763518254779643,0.006479240080695213
0.7831513872642557,0.006485378195737848
0.7899516470221315,0.00649289691429817
0.7967527549784049,0.00649876008393781
0.8035535114755371,0.006502260008407497
0.8103539150105494,0.006505157064623886
0.8171545313240319,0.006507395708613135
0.8239551678902515,0.006508036730392473
0.8307554892696855,0.006507332352492079
0.8375553285810821,0.0065061483683318405
0.844354568694189,0.00650628253045923
0.8511539262106078,0.00650838601946905
0.8579538269409992,0.006510944999649046
0.8647541830159666,0.006511868508099942
0.8715542731039506,0.006510923881259445
0.8783539330491997,0.006509636889859019
0.8851532627255295,0.006509963667669872
0.8919532880912446,0.0065116456110089925
0.8987541724218049,0.006511650187086669
0.9055547381650856,0.006509314155883798
0.9123550130016231,0.006506387266055007
0.9191555975422473,0.006502780736074631
0.9259562641844014,0.006497578677090883
0.932756688543045,0.006491039535613732
0.9395566872275846,0.006484021558337137
0.9463561192410993,0.006478297167610626
0.953155656943985,0.006474571865012732
0.9599557198350271,0.006471317229457992
0.9667561729699459,0.006466370214707376
0.9735563231951209,0.006459592935744436
0.9803559513242927,0.006452488322353059
0.9871555676914989,0.006446552921663893
0.9939560853228635,0.006439919936035745
1.0007566329281619,0.0064308244167679
1.0075567548169249,0.006420633536917869
1.0143570588207833,0.006409938267439067
1.021157632658236,0.006397896342720265
1.027958077501302,0.006384342851778158
1.034758086364236,0.006370222916285433
1.0415575847322627,0.006357531919704549
1.0483572841314663,0.006346850711602915
1.055157536835145,0.006336546400606937
1.0619581654953696,0.0063245962506727005
1.0687584664531398,0.006310831701329148
1.0755582355698694,0.006296700715444399
1.082357554087138,0.006284174787037227
1.089157446890234,0.006273016411217252
1.095958107055312,0.006260177546262433
1.1027584019430554,0.00624499083847116
1.1095583560357487,0.006229220237384051
1.116358651776504,0.006212772972858772
1.123159078263616,0.006194716125997713
1.1299593481067436,0.006175338418306126
1.1367596360389005,0.006155062695189532
1.143559708518387,0.006134043466842712
1.1503591569334453,0.0061141646000298895
1.157158766250327,0.0060964404695396
1.16395901619988,0.00607923730823069
1.1707596718788458,0.006060267563861774
1.1775599617114567,0.006039434204815366
1.1843596950942308,0.0060183486356453555
1.1911593863048864,0.0059984125940977726
1.1979599074278469,0.005977750734258195
1.204760385634234,0.005954638199717237
1.211560416120622,0.005930416289185594
1.2183605788584955,0.00590571893427632
1.2251609682060536,0.00587966177540266
1.2319612330496414,0.005852105285480596
1.23876140635114,0.005823567296336221
1.2455613293370627,0.005794416969276831
1.2523607092068643,0.005766381752939721
1.259160242330219,0.0057404842044837335
1.2659604181169126,0.005715078636652855
1.272761056490593,0.005687956444125213
1.2795613566761492,0.005658956654278485
1.28636115195944,0.00562965882717152
1.2931608873367932,0.005601551967131871
1.2999614724582425,0.005572751659074058
1.306761974776663,0.005541447252586829
1.3135619952820379,0.005509053806318908
1.3203621403048313,0.005476197942697966
1.3271624903471508,0.005441962590968685
1.3339626838044487,0.005406225742548065
1.3407627997503877,0.00536952160062161
1.3475626754248917,0.005332183563677652
1.3543619826028057,0.00529597281239055
1.361161452972043,0.00526190569761292
1.3679615704075143,0.005228333504046871
1.3747621450889889,0.005193038956924337
1.3815623716907341,0.005155861846629326
1.3883624348899084,0.005118001341450528
1.3951627229014243,0.0050792320796574034
1.4019630480899061,0.005038974014276
1.4087632214566768,0.004997482802731545
1.4155633910635537,0.004955013554036819
1.4223636035431302,0.0049113677163836085
1.4291637841637352,0.004866446110628038
1.4359639021313377,0.004820403340364744
1.4427636966653814,0.004773623018839836
1.4495629079403394,0.004728131676415395
1.4563623356120157,0.004684750648871397
1.4631624044723912,0.004641797100483261
1.4699629062783828,0.0045971600353955115
1.476763077076519,0.004550649567001847
1.4835627471461221,0.004503858391953644
1.4903623846450058,0.004458225092910939
1.4971628677084996,0.004411902416801777
1.5039632577981368,0.004363091387385358
1.5107631766194667,0.004313184589662599
1.5175632268564545,0.004262803256111617
1.5243634660215521,0.004211038585028032
1.5311635753554556,0.0041577873203837235
1.5379635918084102,0.0041035654365401495
1.5447633607788107,0.004048708208382698
1.5515625654542484,0.003995018383472176
1.5583619451293282,0.0039434193284887025
1.5651619706070294,0.0038923122712098347
1.5719624502902334,0.003839516509433359
1.5787625554243956,0.003784822152608113
1.5855621438866525,0.0037298391845633208
1.592361690077308,0.0036760462730213543
1.5991620626229743,0.003621516687306579
1.60596237814998,0.003564542161372429
1.6127622026691875,0.003506473085609717
1.6195621820398451,0.0034479036189065206
1.6263623804653267,0.0033879732120417065
1.6331624441777326,0.0033265445703835905
1.6399620766864604,0.0032645390769970016
1.646761213467988,0.0032039967368293377
1.6535606099510243,0.0031454243405399096
1.660360589201846,0.0030872599532799777
1.6671609491486388,0.0030273974219751512
1.6739610085220962,0.0029657523438043547
1.680760527568447,0.002903775969095298
1.6875599886931418,0.0028429385646969118
1.69436029569473,0.0027814148888378287
1.7011605611086322,0.002717445348914658
1.707960351855188,0.00265234549090828
1.7147602806860252,0.0025867844043043833
1.7215604264390418,0.002519847895773306
1.7283604370007906,0.0024514208693954807
1.735160353331373,0.0023819995071703314
1.7419599881145815,0.002311977969908352
1.7487590506783552,0.0022430967173457128
1.7555582704438657,0.0021763074288183473
1.7623581205972392,0.002110040997004451
1.7691584144839736,0.002042025981835035
1.7759583747230223,0.001972169808255278
1.7827578241893232,0.001901989689291247
1.7895572494760206,0.0018330354381731956
1.7963575288168037,0.00176333954492078
1.803157729197639,0.0016911758959451515
1.8099574401128453,0.0016179178674810186
1.8167572846867708,0.0015441816920950487
1.8235573121977917,0.0014690583910856882
1.8303571969743404,0.0013924568225239242
1.837156644454383,0.001315275088997072
1.8439556056042656,0.0012395507994217663
1.8507548300906074,0.0011658030580254076
1.8575543049889545,0.001092843092013682
1.8643539499003945,0.0010203114658555396
1.8711541157857663,0.0009467383346622993
1.8779541615582467,0.0008711938561135082
1.8847535685080974,0.0007950123244699872
1.8915528375600645,0.0007201465519535288
1.8983530218814015,0.0006447236697880697
1.905153159153983,0.0005667162937918582
1.9119527643878984,0.00048757276630718505
1.9187525108917132,0.0004079988763177987
1.9255525049041544,0.00032708118706205954
1.9323523475141682,0.0002446124147910284
1.939151742643782,0.0001615784343609962
1.9459506588148996,8.002810058176881e-05
1.9527498475311207,4.4374038361557965e-07
1.9595492772635952,-7.836820621088094e-05
1.9663488409379037,-0.00015676430703114857
1.973148919941072,-0.0002361400025558702
1.9799488743460627,-0.0003175277955448554
1.9867485238888314,-0.0003999537455884863
1.9935482881875206,-0.00048313407613295424
2.0003481645375847,-0.0005676589554363823
2.0071479346499967,-0.000653531353569194
2.0139473192648967,-0.0007400339621122099
2.0207461868362713,-0.0008251540507225196
2.0275453020691563,-0.0009082514200441527
2.034345022657003,-0.0009909337089891843
2.041145131185899,-0.0010753068722589478
2.0479448996412573,-0.0011614956262404478
2.054744156368144,-0.0012480106311043662
2.061543017828167,-0.0013329265788385052
2.068342158150243,-0.0014160868981280465
2.075141822067376,-0.0014988360130039615
2.0819419017698735,-0.001583168199944479
2.088741710400908,-0.001669324596093222
2.0955413399707767,-0.0017562663476725438
2.102341149429518,-0.0018441166960439226
2.109140977171256,-0.0019333909872210496
2.1159406726428163,-0.0020239198116155013
2.1227399927377677,-0.002115027863200147
2.1295387856910994,-0.0022048592153061
2.136337793604206,-0.0022926409719613112
2.1431374209556275,-0.002379995367522996
2.149937479088044,-0.0024689996416646315
2.1567372068936326,-0.0025598879780005072
2.163536424116001,-0.0026510620543382427
2.1703352647184326,-0.0027406469884432645
2.177134362369093,-0.00282847851281631
2.183933967343815,-0.0029159042454433948
2.1907339582166383,-0.003004913969046806
2.197533695779949,-0.003095725179267774
2.204333251443508,-0.003187335038679389
2.2111329843447054,-0.0032798458665210164
2.2179324192877474,-0.003373394974541332
2.2247311370849894,-0.00346574463575635
2.2315300757518255,-0.0035557464018490265
2.2383297246689846,-0.003645329783810033
2.2451297311190594,-0.003736791194826991
2.251929384403231,-0.0038300084758686377
2.258728557486248,-0.003923498125189718
2.2655273782087146,-0.0040154211191110335
2.2723264576680715,-0.004105589927721517
2.279126040168765,-0.004195374274120766
2.285926031434737,-0.0042866736302735325
2.292725741903516,-0.004379834514685379
2.299525231725607,-0.004473788973476332
2.306324577892803,-0.00456820482046082
2.3131233951676027,-0.004661648642439036
2.3199223386072707,-0.004753013121401009
2.326721924184458,-0.0048437721793445675
2.333521969070951,-0.004936257285602051
2.3403216255914727,-0.005030695797776378
2.3471207587543255,-0.0051253939700534636
2.353919516613435,-0.0052184466096332465
2.3607185686119716,-0.0053097794512381785
2.367518130235899,-0.005400715079686645
2.37431810795488,-0.005493216218407896
2.3811178184777515,-0.005587546745882327
2.38791733854019,-0.0056826668510778075
2.3947170227588512,-0.005778679588709275
2.401516392472723,-0.0058757486554685545
2.408315037560825,-0.005971548382492857
2.415113926115611,-0.006065098221746933
2.421913505128593,-0.006158186864396017
2.4287134803219748,-0.006253125087274289
2.435513090739358,-0.006349842268296249
2.4423122218136037,-0.006446810100065986
2.4491110023906857,-0.006542265592982709
2.455910043687404,-0.0066359304985668536
2.46270957566286,-0.006729204795164422
2.4695095139230667,-0.006824021531299407
2.476309175871085,-0.006920684410804987
2.483108284585268,-0.007017718053370927
2.489906999922467,-0.007113191884476769
2.496706008114138,-0.0072068139119852975
2.5035055440375125,-0.007300087610536923
2.510305487411369,-0.007394930268795977
2.517105163729285,-0.007491577661992903
2.523904327043294,-0.0075886311824519435
2.5307030635241885,-0.007684064684162345
2.5375020772563004,-0.007777712781225767
2.5443016095207303,-0.007870958086181733
2.5511015230816283,-0.007965821298052138
2.5579011642294724,-0.00806248130881594
2.564700290679195,-0.008159529045673764
2.5714990215380706,-0.008254972048492362
2.5782980424041333,-0.008348603806366393
2.585097594573652,-0.008441877283395686
2.5918975566517615,-0.008536723573980576
2.59869723515469,-0.008633373710522746
2.605496710819969,-0.008730809218816266
2.6122960021035864,-0.00882874294686282
2.6190947495666914,-0.00892566739911663
2.625893611474828,-0.009020537941777011
2.6326931261123243,-0.009114817513931506
2.6394931173369423,-0.009210792405504124
2.6462927458492693,-0.009308733909913755
2.653091844882671,-0.009406911576185933
2.6598905935315633,-0.009503478696836487
2.666689614853438,-0.00959831150739337
2.6734891229036535,-0.009692741991907242
2.6802890257227046,-0.009788754871871695
2.6870886624490775,-0.009886576698692747
2.6938881181203267,-0.009985192003575756
2.700687411238666,-0.01008430799839241
2.7074861706870545,-0.01018237606534696
2.7142850445461475,-0.010278419948360621
2.721084549568838,-0.01037385028491185
2.727884514189739,-0.010471004120414873
2.734684096286328,-0.010570097498376053
2.7414831579896486,-0.010669430697978974
2.7482818729179233,-0.01076720870455952
2.7550808770373036,-0.010863184578611202
2.761880382555544,-0.010958801434898361
2.7686802980978618,-0.01105596771744824
2.775479940071044,-0.011154951260088315
2.7822790362925436,-0.011254350701830847
2.7890777155820086,-0.011352115868214108
2.795876689429112,-0.011448078291147032
2.8026761986956963,-0.01154365890204783
2.809476111322262,-0.011640843991648608
2.816275744001295,-0.011739843927128634
2.8230748559643444,-0.01183919183172358
2.8298735523726117,-0.011937002847267272
2.8366725270577526,-0.01203297918424761
2.8434720092400947,-0.012128582379349965
2.8502719056118715,-0.012225757877824464
2.8570715312901345,-0.012324739177659555
2.863870636851381,-0.012424115848593235
2.870669347660754,-0.012521896688487551
2.877468351519006,-0.01261786227302512
2.8842678761011937,-0.01271344903723977
2.89106777133105,-0.012810654451603908
2.8978673853005286,-0.012909635010404503
2.9046668089571583,-0.013009407675812113
2.9114660578064626,-0.013109679380559618
2.9182647753964477,-0.013208922983606028
2.925063623236622,-0.013306129562197365
2.931863122144544,-0.013402735371567793
2.9386630932498816,-0.013501055264811384
2.9454627012014947,-0.013601323942750623
2.9522617689293584,-0.013701818891903373
2.95906047320017,-0.01380074566960803
2.9658594501091278,-0.013897909673297555
2.9726589054275454,-0.013994697846613445
2.9794587779685915,-0.014093008605239297
2.986258375551285,-0.014193174141666192
2.9930577890629073,-0.014294126989930347
2.9998573795438146,-0.014395985892716822
3.0066566799573518,-0.014498837822048114
3.0134552838774256,-0.014600534753746269
3.020254115899286,-0.0146998802146851
3.027053646985221,-0.01479880080340399
3.0338535327972593,-0.01489959216797396
3.040653044181368,-0.015002136076684575
3.047452055821419,-0.015104931481153725
3.054250722748408,-0.015206221031119089
3.06104965158118,-0.015305720289056813
3.0678490917366372,-0.015404822676752574
3.074648961802935,-0.015505478536919892
3.0814485635019,-0.015607975637930835
3.0882479714551616,-0.01571126145974909
3.095047526252486,-0.015815452082134977
3.101846772730263,-0.0159206517352065
3.108645306186456,-0.01602466213403917
3.115444067800966,-0.016126341277321803
3.122243542757567,-0.01622761963887832
3.1290434120069315,-0.01633069290642722
3.1358429017743172,-0.016435604825566164
3.142641910374828,-0.016540738504198557
3.1494405729306405,-0.016644340989809426
3.1562394862633742,-0.016746196380480055
3.1630388800822242,-0.016847644310576934
3.1698386928322857,-0.016950612319554366
3.1766382226131915,-0.017055446696466352
3.1834372291193116,-0.01716068105954207
3.1902361789388713,-0.017264680807287547
3.1970359973801132,-0.017369375351945243
3.203835743668962,-0.01747657288258419
3.2106349907673852,-0.017584869081836648
3.217434018734588,-0.01769323704313658
3.2242326724324455,-0.017800454471590604
3.2310314338662547,-0.01790592381690733
3.2378307545331118,-0.018010751719402484
3.2446305757473017,-0.018117196031292304
3.2514300770045086,-0.018225606077179088
3.258229022167027,-0.018334331164106044
3.2650275949586427,-0.01844142759619201
3.271826448096468,-0.018546716031659607
3.2786258084621704,-0.018651679899019294
3.285425546206725,-0.018758202979384003
3.2922250306711636,-0.01886651070540723
3.299024330243634,-0.018975629474088027
3.3058237992778765,-0.019085660391212553
3.3126232987878983,-0.019197123593259587
3.3194226632636483,-0.019309824229422005
3.326221660411605,-0.019423153809505957
3.333020119356999,-0.019535118651044715
3.339818809667524,-0.019645078846490627
3.346618120876501,-0.0197545760892821
3.3534178482132075,-0.01986579187570081
3.360217241524745,-0.019978842764517186
3.367016127577952,-0.02009219164176702
3.3738146442310657,-0.020203992746002278
3.3806134189264037,-0.020313959685513045
3.3874127030797454,-0.0204235759477003
3.3942123732877927,-0.020534763713752284
3.401011761312021,-0.020647754346240835
3.4078109605514046,-0.020761545021052277
3.4146103380495165,-0.020876246753617378
3.4214097576117215,-0.02099236590034393
3.42820904853641,-0.021109745458828575
3.435008325566937,-0.021228120759203772
3.441807317159909,-0.021347258162083407
3.448605699284038,-0.02146520478821212
3.4554042747827745,-0.021580956539272115
3.4622035022462785,-0.021696261364212044
3.4690031307067026,-0.021813316552556403
3.4758023811698893,-0.021932233283798383
3.482601136970075,-0.022051402413839107
3.4893998798864287,-0.022169424004357816
3.4961994676747628,-0.022288170345826364
3.502998979535891,-0.022409360973704655
3.509797979478546,-0.022531636873066026
3.516597111310473,-0.022654418114982436
3.5233964311694135,-0.022778567656390518
3.530195588414547,-0.02290420082194937
3.536994645638606,-0.023030808256560835
3.5437934546402414,-0.02315804775908542
3.550591712211598,-0.02328412363513801
3.557390162897342,-0.02340813165274161
3.564189254482211,-0.023531588272932367
3.5709887663930724,-0.02365679085414505
3.577787885023798,-0.023783874722167885
3.5845864840261883,-0.023911237142620195
3.591385055539476,-0.024037423604037676
3.598184477237865,-0.02416430338951427
3.6049838047780347,-0.024293699223247662
3.61178265387292,-0.024424152915928095
3.6185816469648424,-0.0245551019181395
3.6253808435130424,-0.02468742523972632
3.6321798903683757,-0.024821226980573072
3.6389788161055914,-0.02495600715971706
3.645777813179161,-0.025091830463965726
3.652576449739732,-0.02522853744660368
3.659374438060225,-0.025364004148580522
3.6661726769669856,-0.02549724728095358
3.6729715789083133,-0.025630054392633328
3.6797708689776045,-0.025764666244510338
3.686569800264485,-0.025901056850986405
3.6933685769504843,-0.026038142371217182
3.700167565746658,-0.026176161501342103
3.7069665556057827,-0.026315686462191117
3.71376539803224,-0.02645641144664875
3.7205642411420095,-0.026598116457986227
3.7273631182901124,-0.02674101622236829
3.734161935365755,-0.026885182547647952
3.7409606727694436,-0.027030460657108468
3.747759406986874,-0.027176880599421232
3.754558113715834,-0.02732449169099026
3.7613564592765276,-0.0274729025608067
3.7681542274647306,-0.027619945334727537
3.77495226322593,-0.027764873804787465
3.781750948737128,-0.027909397948950226
3.7885500238465126,-0.0280556703378893
3.7953487571425457,-0.02820372588795663
3.802147302813195,-0.028352489571070696
3.8089460396806367,-0.028502189073617627
3.8157447490349212,-0.028653378021815196
3.8225433030652853,-0.028805780098714717
3.8293418472194656,-0.028959164293319746
3.8361404430927655,-0.029113738612237098
3.8429389919159678,-0.029269573774427023
3.8497374890488927,-0.029426539404663433
3.8565359896526843,-0.02958462628798519
3.863334479878731,-0.029743921847704344
3.870132902523359,-0.0299043803809426
3.8769309632888445,-0.03006560499603204
3.883728446336905,-0.030225483675162416
3.890526519293567,-0.030383681526324487
3.8973254616727955,-0.030543527154148084
3.9041239551925027,-0.030705902034432814
3.9109220426583264,-0.030868839266039255
3.9177204376252353,-0.031032352510041036
3.9245189101854017,-0.03119751430496657
3.9313171418191213,-0.031364044481826794
3.9381153124096135,-0.031531424422986745
3.9449135881952127,-0.03169994797274375
3.951711820935615,-0.03186981117457098
3.958509966566541,-0.03204081614892917
3.965308118081686,-0.03221289434906268
3.972106273826358,-0.03238617015859367
3.9789043659686443,-0.03256067355290809
3.985702414216581,-0.03273631050780608
3.9925004206626244,-0.03291307551771695
3.9992984064850687,-0.033091059889254384
4.006096342297583,-0.033270195481341504
4.012894264282046,-0.033450488423903885
4.019692170022124,-0.033631962970975364
4.026490051747837,-0.03381460661885532
4.033287904714501,-0.033998406572331066
4.04008573378797,-0.03418337200659554
4.046883536250629,-0.03436950104122838
4.053681297205193,-0.03455681380155172
4.0604790182142425,-0.03474528915482722
4.067276682605489,-0.034934908390872384
4.074074313111079,-0.035125720567875246
4.0808719037122145,-0.03531768452165279
4.087669467906704,-0.03551083356310699
4.094467003966089,-0.03570513602479159
4.101264512843773,-0.035900608653248206
4.108061998318516,-0.036097248147413434
4.114859460358389,-0.03629505415987538
4.121656898570758,-0.03649404150435028
4.128454311241714,-0.03669419170969509
4.135251664937346,-0.03689548792087745
4.142048979907253,-0.03709797620918978
4.148846256666093,-0.03730162762469729
4.155643472584352,-0.037506421593785956
4.162440660646139,-0.03771241381156901
4.169237802560078,-0.03791955241940287
4.176034924737061,-0.03812786103135066
4.182832021160661,-0.03833735133807195
4.18962909034605,-0.03854800511426608
4.196426127968499,-0.03875981846564036
4.203223135409889,-0.038972801916705505
4.210020110657089,-0.03918694836858771
4.216817040496965,-0.0394022782977227
4.223613925884013,-0.03961877287279486
4.230410749479306,-0.03983641163084866
4.237207534406067,-0.040055242300657955
4.244004275100728,-0.040275223999354515
4.2508009844637265,-0.04049639041653191
4.2575976608218875,-0.040718708872729575
4.264394305261785,-0.040942196183862994
4.271190921497879,-0.04116684962853933
4.277987509334415,-0.04139266927038562
4.2847840683318115,-0.041619670340679364
4.291580596943819,-0.04184783491592174
4.298377072063265,-0.04207715142175868
4.305173506229482,-0.042307653788949476
4.311969880864875,-0.04253931626586545
4.3187662017413215,-0.0427721409377753
4.325562482996186,-0.043006143802129256
4.332358712017334,-0.0432413007507952
4.3391549165857395,-0.043477627549300124
4.3459510905704315,-0.043715135245765056
4.352747232632279,-0.043953805210095245
4.359543338412148,-0.044193633361776063
4.3663394091980345,-0.04443463025053737
4.373135442952915,-0.04467678894381193
4.379931426370262,-0.04492013028193202
4.386727360418187,-0.04516463600282609
4.39352322785248,-0.04541028613551545
4.400319051624532,-0.045657128918375235
4.407114836703008,-0.045905127454833994
4.4139105894405635,-0.04615429349187425
4.420706309492288,-0.046404630398524
4.427501996650154,-0.046656149531499574
4.434297646775994,-0.04690881852471216
4.441093233291921,-0.04716264750378038
4.447888767804178,-0.0474176564235221
4.454684262537538,-0.04767383736164336
4.461479695840245,-0.047931164375260786
4.468275099691121,-0.04818966436967685
4.475070469195586,-0.0484493347391036
4.481865804085955,-0.048710186820198745
4.488661100228183,-0.04897218870595629
4.495456340082056,-0.04923534930231616
4.502251530168013,-0.049499697448122125
4.509046661739801,-0.049765211290840175
4.515841734384303,-0.05003187456445708
4.522636763282767,-0.050299723178932644
4.529431749654096,-0.050568727294072975
4.536226696174969,-0.05083890068208778
4.543021606566747,-0.05111023994503408
4.5498164806750285,-0.051382744683835316
4.556611317901312,-0.051656429812869956
4.563406116878385,-0.051931277100088415
4.570200844219281,-0.05220726949275806
4.576995519659981,-0.052484453399527446
4.583790144070368,-0.05276279996630726
4.590584699479254,-0.05304229650589206
4.597379218556774,-0.053322980803169016
4.604173694418826,-0.05360481846492878
4.610968126598214,-0.05388782439968367
4.61776251902433,-0.0541719983661983
4.624556872878044,-0.054457338823540556
4.631351184125002,-0.0547438625320546
4.638145419226254,-0.055031522472443396
4.644939600464436,-0.055320376541330735
4.651733724661752,-0.05561039345256991
4.658527786406246,-0.055901557967286956
4.665321809569544,-0.05619389465289201
4.672115792395427,-0.05648741249279498
4.678909733695811,-0.0567820922048806
4.685703629105615,-0.05707792968879106
4.692497479894773,-0.05737493571732093
4.69929128973985,-0.05767310790764457
4.706085045674358,-0.05797245779301827
4.712878726021968,-0.05827295637874186
4.7196723462042245,-0.05857463609452818
4.726465913658523,-0.05887748454780663
4.7332594155233965,-0.059181486649949544
4.740052881146912,-0.05948665919808159
4.7468463044349924,-0.0597930016454549
4.75363968515435,-0.06010052534737443
4.760433019369537,-0.060409198044537156
4.76722629527059,-0.06071903486606924
4.774019519167958,-0.061030048883486794
4.780812665666425,-0.061342211501238114
4.787605749980812,-0.06165555388685844
4.794398784389178,-0.06197006948179209
4.80119175904779,-0.06228573359418322
4.807984687350687,-0.06260257014429335
4.814777571411354,-0.06292057317654338
4.82157041110418,-0.06323974246909571
4.8283632057375865,-0.06356009295073756
4.835155954195321,-0.0638816062394516
4.841948633427378,-0.06420426993201271
4.848741255538717,-0.06452811781370005
4.85553380230496,-0.06485312374346879
4.86232627944655,-0.06517928998260353
4.869118708340311,-0.06550663771876819
4.875911059913011,-0.06583512944982105
4.882703372538754,-0.06616479364010863
4.889495638218625,-0.06649563865152013
4.896287856015946,-0.06682764546688556
4.903080021568271,-0.0671608101695463
4.90987213607435,-0.0674951436408765
4.916664203245115,-0.06783064342890108
4.923456219907051,-0.06816731159117498
4.930248161770752,-0.06850515254554482
4.937040044705367,-0.06884416143774033
4.943831845502007,-0.06918431978123604
4.950623579290962,-0.06952565798959882
4.957415258502493,-0.06986816907162478
4.964206873374612,-0.07021182797286447
4.970998437125137,-0.07055665830221759
4.977789951879302,-0.07090265378682434
4.984581417494392,-0.07124981414113617
4.991372833147242,-0.07159815444116581
4.99816419780586,-0.0719476565856817
5.0049554883997125,-0.07229830857136577
5.011746716888796,-0.07265014483823007
5.018537865140976,-0.07300313964909153
5.025328947476142,-0.07335729867626765
5.032119965481458,-0.07371263442420786
5.038910930223168,-0.07406912594867691
5.045701838528708,-0.07442678499751956
5.052492694329611,-0.07478561095578232
5.059283498822192,-0.07514560212040763
5.066074249851319,-0.07550677105760138
5.07286491829805,-0.07586909191172315
5.079655524664962,-0.0762325887719925
5.086446368793649,-0.07659766926278648
5.093237618498965,-0.07696640216822694
5.100028419150578,-0.07733955728829008
5.106818451465443,-0.07771549158722015
5.113608033514412,-0.07809199525842977
5.120397915127867,-0.07846899070058566
5.127187869887507,-0.07884765821177232
5.133977541346876,-0.07922772427763462
5.140767452419554,-0.07960908035901326
5.1475578832710625,-0.07999401248234564
5.154347833963477,-0.08038357382062566
5.161136902229284,-0.0807758621532775
5.167925531335648,-0.08116861772282684
5.174714484629652,-0.08156193864739106
5.181503475296044,-0.08195694652973329
5.188292480993516,-0.08235374841628178
5.195081889426747,-0.0827538762845104
5.2018709778253855,-0.08315837096390923
5.208659562392295,-0.08356626422972416
5.215448089337763,-0.08397719348388862
5.2222365390088825,-0.08439179730803452
5.2290246466790755,-0.0848101064684631
5.23581248030183,-0.08523175549286031
5.242600168611408,-0.0856568403097314
5.249387623940925,-0.08608551190184299
5.256174810720935,-0.08651769957357232
5.2629617827073565,-0.08695330471790069
5.269748561071374,-0.08739243584968308
5.276535113140195,-0.08783509739553798
5.2833214325033175,-0.08828121829535632
5.290107534869465,-0.08873082302676175
5.2968934185989935,-0.08918392988093676
5.303679073568232,-0.08964053455038967
5.310464482254136,-0.0901006466539996
5.317249643635572,-0.09056425415086787
5.324034547616597,-0.09103131666524919
5.330819205500007,-0.09150191259454538
5.337603611699027,-0.09197597092955045
5.344387772255079,-0.09245356639353006
5.35117169065257,-0.09293463636735932
5.357955370462162,-0.09341920035551894
5.364738810754969,-0.09390725682221555
5.371522005741606,-0.09439882332549113
5.378304956810746,-0.09489389275406168
5.385087657892926,-0.09539242870494796
5.391870095559987,-0.09589444759188108
5.398652261240199,-0.09639999347258686
5.40543415850014,-0.09690903203843053
5.412215771958103,-0.09742151821067095
5.418997126037281,-0.09793754597193612
5.425778196959774,-0.09845702890900708
5.432559012760858,-0.09898003501690465
5.439339568634979,-0.0995065476455648
5.446119858494817,-0.1000365292925376
5.45289988043687,-0.10057001330014959
5.459679637034662,-0.10110699090148816
5.466459126595546,-0.10164746079691196
5.4732383375034654,-0.10219145195950961
5.480017247721641,-0.10273888745512613
5.486795864722553,-0.10328985245484287
5.493574192300759,-0.10384430968010507
5.500352216087909,-0.10440222119029217
5.507129951148907,-0.1049636558189351
5.513907399993696,-0.10552856799866041
5.52068456691212,-0.10609697219971133
5.5274614506162205,-0.10666886768927022
5.53423804481966,-0.10724427217915429
5.541014352393657,-0.10782318015343106
5.547790366968625,-0.10840555542134876
5.554566078097244,-0.10899142610093418
5.561341483964322,-0.10958080512152714
5.568116566826643,-0.11017365956777692
5.574891330885246,-0.11077000632962943
5.581665782855446,-0.11136985899969368
5.588439928403897,-0.11197318213021645
5.59521377069541,-0.11257999799261356
5.60198730990179,-0.11319030146230026
5.6087605419938775,-0.11380409561204352
5.615533458249791,-0.11442140096491463
5.622306038571996,-0.11504217106524638
5.629078285929601,-0.11566643215547429
5.63585021484965,-0.11629420996659018
5.642621812413875,-0.11692544002620538
5.64939309466488,-0.11756017403987824
5.656164059505461,-0.11819839758001006
5.662934702746603,-0.11884011299627403
5.6697050225771175,-0.11948535256723629
5.676474989271608,-0.1201340208254532
5.683244614173533,-0.1207862164768029
5.690013898869865,-0.12144186724245021
5.696782838537502,-0.12210104017897253
5.703551446254262,-0.12276367747503897
5.7103197221086575,-0.12342980008219041
5.717087661819177,-0.12409941072183604
5.72385526359648,-0.12477254282851835
5.730622498167948,-0.12544910220680086
5.7373893762148835,-0.12612918901166079
5.74415589981139,-0.12681273193162992
5.75092206389434,-0.12749979860087038
5.757687881779221,-0.12819033129463997
5.764453353504573,-0.1288843504844878
5.771218474693401,-0.1295818579536036
5.777983243569287,-0.1302828858874941
5.78474792341027,-0.13098779851946032
5.791512589648014,-0.13169871909928346
5.798276331887233,-0.13241632896708358
5.805039194159737,-0.13313945803084404
5.811801670079305,-0.1338679476611777
5.818563612969098,-0.13460253389277008
5.825324784401888,-0.13534308270806233
5.8320853134794595,-0.13608927272935753
5.838845295146023,-0.136841187229047
5.845604593480132,-0.13759901004699765
5.8523631850835285,-0.13836266244466383
5.8591211354374035,-0.13913205323157918
5.865878427612202,-0.13990723502900454
5.872635039088579,-0.14068829193172921
5.8793909803438025,-0.14147509082901255
5.8861462595606096,-0.14226768686616198
5.892900868008218,-0.1430660930856789
5.899654793897946,-0.14387029760851755
5.906408028059381,-0.14468030265885715
5.913160563687473,-0.14549608650079376
5.919912386459419,-0.14631769029710062
5.926663486917857,-0.1471450387665371
5.933413867821388,-0.14797822426602933
5.940163523772026,-0.14881718274458405
5.9469124643279345,-0.14966197210563725
5.9536606911740515,-0.15051251914415018
5.960408190303708,-0.15136886744241881
5.967154960539041,-0.15223101754770954
5.973900998802061,-0.1530989613407569
5.980646284605828,-0.15397271889424075
5.98739080875447,-0.15485221637895036
5.994134555614138,-0.15573754331214848
6.000877533809529,-0.1566286672394318
6.007619742094741,-0.15752552920899968
6.014361188475355,-0.15842820282682302
6.021101853678109,-0.15933667508968039
6.027841750852218,-0.16025093603778204
6.034580869891597,-0.16117095869610523
6.041319201655956,-0.16209678244431663
6.048056742061379,-0.16302838512350035
6.054793462032765,-0.16396579253585206
6.061529368646434,-0.16490899783238516
6.068264451993707,-0.16585793438873528
6.074998710879642,-0.16681270547285068
6.081732146908046,-0.16777323202421082
6.088464769520257,-0.16873954859210163
6.095196563895134,-0.1697116483213057
6.101927525544388,-0.17068955505368874
6.108657661005872,-0.17167320142603207
6.1153869538071,-0.17266263092159373
6.122115393146473,-0.17365783027837586
6.12884295721823,-0.17465882584227743
6.135569651868627,-0.17566560555239163
6.1422954705219635,-0.17667811405171888
6.149020403574142,-0.17769644080391536
6.155744473298691,-0.1787205301858897
6.162467671720816,-0.17975039637242396
6.169189994423491,-0.18078603770764745
6.175911422666917,-0.18182746805319555
6.182631968476756,-0.18287467398452237
6.1893516033900715,-0.18392760825837667
6.1960703069508005,-0.18498634935443073
6.202788102992975,-0.18605084778192582
6.209504976505116,-0.18712111237767265
6.216220939794848,-0.18819713987646486
6.222935987312036,-0.18927893259577813
6.22965010069333,-0.19036650457972035
6.236363291846265,-0.19145984396945667
6.243075533456744,-0.19255890507179466
6.249786802901137,-0.19366376830126814
6.2564971254252795,-0.19477438532237712
6.263206486034477,-0.19589076612333098
6.269914896814303,-0.19701290769290766
6.276622352340165,-0.19814081179275228
6.283328834188863,-0.19927449117570328
6.290034354085289,-0.20041393236686014
6.2967388944658484,-0.201559101480903
6.303442438696725,-0.20271005900272876
6.310144986160752,-0.2038667211997452
6.316846510854861,-0.20502917617370353
6.323547052723897,-0.20619737205756683
6.330246600032238,-0.2073713180780023
6.336945134131046,-0.20855103032549485
6.343642666635426,-0.2097364970676725
6.350339177656489,-0.21092767930702155
6.3570346457908675,-0.21212464059459415
6.363729077620841,-0.21332733880789104
6.37042246204448,-0.21453579307928053
6.377114819103953,-0.21574999420629468
6.383806142438286,-0.21696994119056107
6.390496412989232,-0.21819564869374497
6.397185642341889,-0.2194271032343915
6.403873823079964,-0.22066427543671113
6.410560940833602,-0.22190718638282542
6.417246958651605,-0.2231558609307946
6.4239318973241994,-0.22441028294276127
6.430615753601503,-0.2256703956143945
6.437298514797929,-0.2269362771998589
6.443980195634613,-0.22820788140926135
6.450660790960011,-0.22948522920794692
6.457340298138688,-0.23076831425881517
6.464018707302599,-0.23205713892577465
6.470696005986012,-0.2333517283175213
6.477372210868958,-0.23465201452985238
6.484047281626157,-0.2359580226216297
6.490721209493001,-0.23726978925024736
6.497394004893694,-0.23858728711622842
6.504065656881726,-0.23991047737554577
6.510736164396834,-0.24123944507694978
6.51740554604773,-0.2425740970509051
6.524073783794912,-0.24391448720747658
6.530740879270945,-0.24526060117190546
6.537406827668002,-0.2466124384371014
6.544071601561136,-0.24797001635407012
6.550735204152194,-0.2493332772517212
6.557397614102033,-0.25070228860271476
6.564058842507586,-0.2520770410055348
6.570719151019022,-0.2534579093168371
6.5773783609746825,-0.2548470860608508
6.584035524489625,-0.2562451451638721
6.590690785540427,-0.25765084620986667
6.597344361766617,-0.2590637416552739
6.603996222906749,-0.26048229705524834
6.610647069850795,-0.2619058467944096
6.617296934103234,-0.2633352626572078
6.623945358320559,-0.26477077254384757
6.630592485661293,-0.26621179330012573
6.6372385070019675,-0.2676583622398166
6.643883309374475,-0.2691107786098246
6.65052677676277,-0.27056896501415534
6.657169003974892,-0.27203273614830364
6.663810238845954,-0.2735026770553273
6.670450241603367,-0.2749809112855319
6.6770880522352245,-0.2764680264128245
6.683723865841624,-0.2779627104358469
6.690358173487258,-0.27946498418972515
6.69699072333518,-0.2809755557977674
6.703621281279616,-0.28249424981085497
6.710250040239699,-0.28402069580372036
6.716877045186785,-0.28555504508201707
6.723502137802196,-0.287097508848991
6.730125330701902,-0.2886479214213637
6.736746681929843,-0.2902061884825509
6.743366158780917,-0.2917724851025881
6.7499837504972025,-0.2933467229927424
6.756599445743685,-0.29492890097912494
6.763213254357322,-0.29651902945201253
6.7698251575210335,-0.29811712324753187
6.776435136955864,-0.29972317136140947
6.783043169780525,-0.30133717696955764
6.789649272985042,-0.3029590697208603
6.796253391372964,-0.30458893432095097
6.8028555381177345,-0.3062267559759794
6.8094557158969495,-0.30787245267613905
6.816053905883112,-0.30952612447072
6.822650105965554,-0.3111877161390916
6.8292443215198935,-0.3128572114780934
6.835836529042809,-0.3145346504340815
6.842426726597544,-0.3162200139702333
6.84901490086943,-0.31791329859363693
6.855601004111967,-0.31961449564892735
6.862185058317631,-0.32132361923483405
6.868767053800469,-0.32304063495524826
6.875346952435194,-0.3247655700399346
6.881924791895545,-0.32649841650997996
6.888500549583442,-0.3282391754573268
6.895074192699102,-0.3299878593090352
6.901645763060043,-0.33174440728852617
6.908215220565957,-0.33350886280551195
6.914782559771201,-0.33528122418396605
6.921347774733182,-0.33706148001519803
6.9279108228788155,-0.3388496207898145
6.934471711170991,-0.3406456613277865
6.941030426540622,-0.3424495544608596
6.947586953543298,-0.344261345167394
6.954141306184136,-0.3460810168956055
6.960693476461741,-0.34790856948438287
6.967243434848014,-0.34974401384786624
6.973791194743089,-0.35158732493705197
6.980336752757851,-0.3534384867585031
6.986880078116332,-0.35529753354170923
6.993421148332306,-0.35716444638197975
6.999959961338556,-0.35903923033337426
7.006496505357384,-0.3609218409621277
7.0130307968387795,-0.3628123283237633
7.019562796673936,-0.36471068193192996
7.026092522393327,-0.36661687850948843
7.032619971702686,-0.36853090214369494
7.039145118041849,-0.3704527920585988
7.045667622238544,-0.3723820675108575
7.05218840872469,-0.37431708077713943
7.058707624979046,-0.37625937561477796
7.065224214891255,-0.37821074009066225
7.071738063347925,-0.38016997878603886
7.078249845297367,-0.38213635097362514
7.084759383386663,-0.3841106882567457
7.091266385899037,-0.3860932111795541
7.097770980514564,-0.3880833826638353
7.104273253159508,-0.39008122984185467
7.110773099805271,-0.39208704196433897
7.117270205242425,-0.3941001690043256
7.123765179903071,-0.39611853499075633
7.130258890083139,-0.39814159514462527
7.136750943502166,-0.40017065555653414
7.143241001933437,-0.4022056755723092
7.1497296186921355,-0.4042464541314529
7.156216286455175,-0.40629515625256013
7.162700028917621,-0.4083527357496902
7.169181156414691,-0.41041777077002367
7.175660064840648,-0.41249009726943375
7.182136473445529,-0.41457054483649763
7.188610214169655,-0.41665891478491573
7.195081453307395,-0.41875489544009015
7.20154995789399,-0.4208580536140971
7.208016292231906,-0.42296665646999754
7.214481199197575,-0.42507993677985456
7.2209444259485425,-0.4271990828938786
7.227405569586565,-0.42932417013758645
7.2338649061164055,-0.4314545177035144
7.240322523093011,-0.43359029103536756
7.246778518967686,-0.4357322203853275
7.25323227133811,-0.43788231232566427
7.259683029801062,-0.44004088302343497
7.266131091890325,-0.44220684400911614
7.272576797364609,-0.44438022145823497
7.27901987548558,-0.44656163668307797
7.285459965638078,-0.4487504198022188
7.291897784441088,-0.4509442448472698
7.298334251050072,-0.4531427499800965
7.304768913018222,-0.45534721950387474
7.311201363285043,-0.45755762025639585
7.317631950874542,-0.4597731187236916
7.324060766418532,-0.461994069516143
7.3304876122057046,-0.464220762932662
7.336912711006427,-0.4664534630586518
7.343335598882878,-0.46869407042657746
7.349755387344966,-0.47094327886020937
7.356172286369737,-0.4731998774417982
7.362586570545854,-0.47546331866360453
7.368998415305546,-0.4777321983391505
7.3754086225978,-0.4800059274369117
7.38181707692501,-0.48228529595596453
7.388223314830795,-0.48457053970839975
7.394627568041054,-0.48686105551017217
7.4010299933689385,-0.4891569572739789
7.407430447159746,-0.491458497374278
7.4138288553571146,-0.4937655669832279
7.420225268645869,-0.49607804674949213
7.426619732214549,-0.498396024405336
7.433012361387478,-0.5007199872357276
7.439402701564348,-0.5030520152965138
7.445789741369148,-0.5053924916029268
7.452173621903431,-0.5077397871840964
7.458555292310605,-0.5100918695421445
7.464935487154146,-0.5124489028793846
7.471313629088106,-0.5148119516793743
7.4776894526718,-0.5171806055825413
7.484063304567357,-0.5195544327329932
7.490435266964661,-0.5219336725175966
7.4968050709944745,-0.5243186047942936
7.5031727856555746,-0.5267089425566034
7.509538477893096,-0.5291046881425763
7.515902164920817,-0.5315059106499272
7.5222637548234434,-0.5339126415663386
7.528623283219786,-0.536324808174605
7.534980769363452,-0.5387424128345433
7.541336136885273,-0.5411655174599965
7.547689412767001,-0.5435940817001723
7.554040609862281,-0.5460280437371086
7.560389700821445,-0.548467510079676
7.566736716704344,-0.5509123957692373
7.573081632863216,-0.5533627342421069
7.579424452660405,-0.5558185250194532
7.585765172918977,-0.5582797531576086
7.592103740697371,-0.5607464472704334
7.598440189666742,-0.5632185827754945
7.6047745177087736,-0.565696114057283
7.6111066980810325,-0.5681791344673112
7.617436769783972,-0.5706675539989517
7.62376470613512,-0.5731614146601479
7.630090506555292,-0.5756607161284474
7.636414169801718,-0.578165450318695
7.642735661767445,-0.5806756368658368
7.649055012511689,-0.5831911898967812
7.65537216113947,-0.5857122090710791
7.661687137634213,-0.588238655784556
7.667999967803681,-0.5907704922193676
7.6743106243985935,-0.5933077538882096
7.680619107667914,-0.5958504407229688
7.686925416694565,-0.5983985450704907
7.693229513855918,-0.6009520688144308
7.69953141106746,-0.6035109884973264
7.705831106685817,-0.606075323106512
7.7121285786946725,-0.6086450805888864
7.718423869172489,-0.6112202159121533
7.724716949020195,-0.6138007621162384
7.731007818382001,-0.6163867187141316
7.737296476435899,-0.6189780775193099
7.743582898467275,-0.6215748410341119
7.749867085692623,-0.6241769902274816
7.756149023824412,-0.626784539578086
7.762428726308962,-0.6293974557089947
7.768706160925944,-0.6320157975728845
7.774981367105295,-0.6346395011459258
7.781254325302906,-0.6372685999991338
7.787525035055556,-0.6399030859514776
7.793793461063187,-0.6425429795915047
7.800059636517088,-0.6451881939973648
7.806323497313235,-0.6478388307022456
7.812585090439391,-0.6504948286458305
7.818844401228905,-0.6531562166198552
7.825101437332947,-0.6558229609109114
7.831356188771017,-0.6584950846082253
7.837608654900865,-0.6611725793799528
7.843858828163229,-0.6638554457285435
7.850106674283034,-0.6665436868967467
7.856352212960057,-0.6692372698965667
7.862595428934185,-0.6719362116629728
7.868836307266465,-0.6746405262432197
7.8750748742740075,-0.6773501607287385
7.881311097598283,-0.6800651874341276
7.887544996232502,-0.6827855714484087
7.893776577491481,-0.6855112823156648
7.900005818300349,-0.6882423576832353
7.90623272298826,-0.6909787837060838
7.912457287305976,-0.6937205578588519
7.9186794715047055,-0.6964676968622673
7.924899313541933,-0.6992201284339515
7.931116751571035,-0.7019779313762127
7.937331815328181,-0.7047410747398586
7.9435445153986475,-0.7075095080479468
7.949754808866987,-0.7102832974124209
7.955962736499594,-0.7130624135695774
7.962168285198347,-0.7158468601585429
7.96837145266148,-0.7186366356114966
7.974572209783673,-0.7214317536188047
7.980770577102318,-0.7242322027345803
7.986966558369175,-0.7270379484091019
7.99316013056348,-0.7298490281405177
7.999351266447691,-0.7326654444805006
8.00553999635771,-0.7354871159039327
8.011726263755525,-0.7383141411925814
8.017910095210526,-0.7411464838995317
8.024091503173665,-0.7439840826253202
8.030270463154693,-0.746827019849905
8.036446980375365,-0.749675272532262
8.042621071118857,-0.7525288012770818
8.048792711347923,-0.755387643769116
8.054961905695345,-0.7582517864242893
8.06112865017318,-0.76112122693256
8.067292916409475,-0.7639959787469106
8.073454716889028,-0.766876003623546
8.079614023690418,-0.7697613391363681
8.085770865664916,-0.7726519054288177
8.091925178712046,-0.7755477990378818
8.09807703301945,-0.7784489572342285
8.104226361910357,-0.7813554357594589
8.110373233090966,-0.784267155766561
8.116517605001404,-0.7871841593114668
8.122659477054048,-0.7901064454746737
8.128798819423675,-0.793034032863591
8.134935666505344,-0.7959668197889488
8.141069958071625,-0.7989049156199229
8.147201742910406,-0.8018482460009386
8.153330959868974,-0.8047968977646067
8.159457684423137,-0.8077507647712971
8.165581873261408,-0.8107098985145323
8.171703525971813,-0.8136742986970751
8.17782264586377,-0.8166439441678545
8.183939172861319,-0.8196188678914591
8.190053143987797,-0.8225990431524953
8.196164569684386,-0.8255844089103344
8.202273386291798,-0.8285750964489024
8.208379674960053,-0.8315709813459493
8.214483392031172,-0.8345721144855717
8.220584536965182,-0.8375784950134357
8.226683113401632,-0.840590101058399
8.232779060536476,-0.8436069655495911
8.2388724158034,-0.8466290617472412
8.24496318299335,-0.8496563422590888
8.251051323764914,-0.8526889029715695
8.257136888836566,-0.8557266538408266
8.263219845939144,-0.8587696365942348
8.269300194832244,-0.8618178507235904
8.275377935358664,-0.864871288525955
8.281453031661586,-0.8679299706251733
8.287525522891142,-0.8709938054520617
8.293595333134904,-0.8740628982631844
8.299662501033717,-0.8771372046346029
8.305727054497824,-0.880216689133661
8.311788964841238,-0.8833013851159727
8.317848231299607,-0.8863912922257068
8.32390485360414,-0.8894864025528715
8.329958795547583,-0.89258671789494
8.336010067557341,-0.8956922095596002
8.34205866537375,-0.8988029041966308
8.348104573181034,-0.9019188032146906
8.354147829685466,-0.9050398655435753
8.360188407178208,-0.9081661230836461
8.366226304855505,-0.9112975758759925
8.372261522639642,-0.9144342160234473
8.378294052494903,-0.9175760436649797
8.38432385728018,-0.9207230543421512
8.390350948272719,-0.9238752530850175
8.396375349943579,-0.9270325613901415
8.402397000734794,-0.9301950961286432
8.408415955099466,-0.9333627535944079
8.41443217323415,-0.9365356080057978
8.420445672176545,-0.9397136362025078
8.426456463886916,-0.9428968002443918
8.432464521093564,-0.9460851381822212
8.43846984914924,-0.9492786367091551
8.444472414445627,-0.9524773194029695
8.450472253362113,-0.9556810872812032
8.456469296838064,-0.9588900508190621
8.462463587255973,-0.9621041470937752
8.46845510871674,-0.9653233800073793
8.474443874488557,-0.9685477643043889
8.480429878343049,-0.971777293361481
8.486413083691092,-0.9750119959630337
8.492393549635901,-0.9782517965726931
8.498371234090989,-0.9814967368760015
8.50434613666562,-0.984746815813671
8.510318227413416,-0.9880020381870028
8.516287540211625,-0.9912623281077972
8.522254000469644,-0.9945277845520012
8.52821767070024,-0.9977983421342984
8.534178522286204,-1.0010740263729376
8.54013657341889,-1.004354822975849
8.54609181611548,-1.0076407385803576
8.552044225659612,-1.010931785853894
8.557993813188467,-1.0142279539069488
8.563940593080927,-1.0175292047319981
8.569884517897025,-1.020835558689412
8.575825592587618,-1.024147015502927
8.581763807202364,-1.0274635783929476
8.587699183632335,-1.0307852076336033
8.593631674356084,-1.0341119704565747
8.599561334335279,-1.0374437963141625
8.605488137323363,-1.0407807201935122
8.611412084060536,-1.0441227339390258
8.617333166679904,-1.0474698384626477
8.623251349400697,-1.0508220621130568
8.629166691852415,-1.0541793294270931
8.63507914889688,-1.0575416519282226
8.640988669683566,-1.060909085465524
8.646895300620928,-1.064281590595161
8.652799049531918,-1.0676591172373062
8.658699743405082,-1.0710412753238556
8.664598285637567,-1.0744259759640706
8.670495740459437,-1.0778130207264338
8.676391550376156,-1.0812035272423615
8.682285239778514,-1.0845973629466306
8.688177185951876,-1.0879939280998325
8.694067585845259,-1.0913934485820609
8.699956166058543,-1.0947961583500323
8.705842870207892,-1.098201949771056
8.711727914472078,-1.1016106330212911
8.71761123674743,-1.1050223884651365
8.723492764573367,-1.1084372337193862
8.729372534233477,-1.1118550864588292
8.735250543302625,-1.115275980205038
8.74112680467553,-1.1186998656961333
8.747001250315275,-1.1221268206243151
8.752873929873893,-1.125556789719089
8.758744859715511,-1.128989741572379
8.764614017531862,-1.1324257474973936
8.770481380638593,-1.135864815535056
8.776347007166065,-1.1393068678742666
8.782210862861563,-1.1427519484785684
8.788072947512163,-1.1462000579419287
8.793933264755774,-1.1496511893327397
8.799791784556762,-1.1531053545147485
8.8056485176647,-1.156562513692867
8.81150346083068,-1.1600226841021177
8.817356608278176,-1.1634858842011868
8.823207976267232,-1.1669520759318983
8.82905756775153,-1.170421293731333
8.834905362223827,-1.17389354660152
8.840751379453254,-1.177368821326361
8.846595622608781,-1.1808470858024198
8.85243807066796,-1.1843283597888519
8.85827871226861,-1.1878126588467817
8.864117549878927,-1.1912999411922651
8.869954583147626,-1.1947902223661735
8.875789829842873,-1.1982835129006455
8.881623265521,-1.2017798303546725
8.887454911671437,-1.2052791612387563
8.893284771563993,-1.2087814744959988
8.899112822160332,-1.2122867774835133
8.904939041209568,-1.2157951082995246
8.910763459959082,-1.219306427625368
8.916586063256512,-1.2228207432078315
8.922406867904769,-1.226338041853024
8.928225846922405,-1.2298583687228204
8.934043024106918,-1.2333817013041222
8.939858403115013,-1.2369080078068948
8.945671967427527,-1.2404372929335545
8.951483687013194,-1.2439696140042287
8.957293587497048,-1.2475048915107647
8.96310166212586,-1.2510431631432444
8.96890792583648,-1.2545844093489287
8.974712351419587,-1.2581286758138077
8.980514962781287,-1.2616759406874012
8.986315763512934,-1.2652261730581895
8.992114732457294,-1.2687793927872906
8.997911857897744,-1.2723356163798203
9.003707142638673,-1.2758948017214087
9.00950058882643,-1.2794569753282403
9.015292211772401,-1.2830221168870117
9.021081984234819,-1.286590271388884
9.026869930324295,-1.2901614162640456
9.032656053729848,-1.293735520124123
9.038440333251561,-1.2973126022294357
9.044222757147905,-1.3008926789915676
9.050003328282545,-1.3044757083609615
9.055782048604746,-1.3080617173088755
9.061558933375194,-1.3116506861877468
9.067333955008456,-1.3152426608080434
9.073107137660699,-1.3188376192061289
9.078878485037803,-1.3224355306352553
9.084647980751406,-1.3260364240274014
9.090415616520863,-1.3296402939204286
9.096181388237312,-1.3332471185700738
9.101945285833633,-1.3368569301541773
9.107707330706374,-1.3404696675189698
9.113467486481762,-1.3440854051476316
9.119225799907621,-1.3477040933435689
9.124982257601895,-1.35132575033251
9.130736856137716,-1.3549503777447154
9.136489570609477,-1.3585780059553894
9.142240447842271,-1.362208563492367
9.14798945730655,-1.365842086973899
9.153736571637747,-1.3694785887795877
9.159481824363473,-1.3731179973614882
9.165225175082204,-1.3767604031888647
9.170966636156024,-1.3804057650732042
9.176706238026279,-1.3840540531008554
9.182443958134272,-1.3877053152400847
9.18817980657592,-1.3913595365590017
9.193913782506556,-1.3950167151942987
9.199645864606852,-1.3986768690627758
9.205376063937805,-1.4023399589962038
9.211104361439112,-1.406006010890755
9.21683077754867,-1.4096749675952973
9.222555279937218,-1.4133469057172672
9.228277905481153,-1.4170217781652212
9.233998646047477,-1.4206996016495694
9.239717501666718,-1.4243803746784296
9.245434450909126,-1.42806411577029
9.251149505030972,-1.4317507862688355
9.256862644695698,-1.435440412692354
9.262573890579294,-1.4391329379077253
9.268283210112418,-1.4428284384131835
9.273990640568279,-1.4465268667702258
9.279696173814504,-1.450228239158309
9.285399810044058,-1.4539325533637784
9.29110152784884,-1.457639827231486
9.296801346944488,-1.46135004653566
9.302499260597012,-1.4650631448502396
9.308195225465347,-1.468779219757712
9.313889275882602,-1.4724982217264648
9.319581413409878,-1.476220114400939
9.325271615776064,-1.4799449836673488
9.330959922176207,-1.4836727585436789
9.336646310073615,-1.4874034689177449
9.342330781842143,-1.4911371156310045
9.348013339368068,-1.4948736948822574
9.353693977875105,-1.4986132088878954
9.359372671478294,-1.5023556723708271
9.365049437872607,-1.5061010293275174
9.370724267375902,-1.5098493011589733
9.3763971490307,-1.5136005134642598
9.382068106086475,-1.5173546040037007
9.387737115528168,-1.5211116531646598
9.393404199687673,-1.5248716318450635
9.399069294436035,-1.5286339941005707
9.404733314939314,-1.5323968773076848
9.410397408864553,-1.5361600455737014
9.416060883211834,-1.5399246392061994
9.421723304426642,-1.5436904682526285
9.427385162278705,-1.5474569068909205
9.433046550527548,-1.5512243023572339
9.438707217455581,-1.554992859334698
9.444367161436197,-1.5587623656370757
9.450026528676016,-1.5625327535120812
9.455685276749222,-1.5663041555344757
9.461343322147433,-1.570076555781084
9.467000702549868,-1.5738499267649286
9.472657463353766,-1.5776242138084218
9.478313566235459,-1.5813995133246697
9.4839690130231,-1.5851757992121054
9.489623825987493,-1.58895303753879
9.495277999671735,-1.5927312544586114
9.500931528256867,-1.5965104549486024
9.506584393409732,-1.6002906356224882
9.512236602807862,-1.6040717544508383
9.517888148678516,-1.6078538560040347
9.523539040802884,-1.6116369384525795
9.529189282026858,-1.6154209621309095
9.53483888253998,-1.6192059706650552
9.540487834839503,-1.622991960550277
9.546136139924913,-1.6267789389138112
9.5517838093097,-1.6305668748129818
9.557430831984098,-1.634355783886088
9.563077205866996,-1.6381456603836435
9.568722917889332,-1.6419365170901457
9.574367968865861,-1.6457283343132285
9.580012363309391,-1.6495210894001733
9.585656094477658,-1.6533148345631385
9.591299181763516,-1.6571095407017709
9.596941625795116,-1.6609052200487582
9.602583427703783,-1.6647018727680292
9.608224575401607,-1.6684995127228632
9.613865083975544,-1.6722981211022299
9.61950493636135,-1.6760976750122027
9.625144126017966,-1.6798982134171843
9.630782650604369,-1.6836997023064293
9.636420521686432,-1.6875021526833016
9.642057729707904,-1.6913055771668004
9.647694299288158,-1.695109963655443
9.65333021948289,-1.6989153198962124
9.658965494155332,-1.7027216479723437
9.664600125082595,-1.7065289472769711
9.670234106474256,-1.7103372225121696
9.675867438216871,-1.7141464812881773
9.681500109199783,-1.717956666453485
9.68713211245965,-1.7217678399278822
9.69276345657134,-1.7255799732889066
9.698394138506288,-1.7293930385835234
9.704024165465315,-1.7332071025088296
9.709653548352263,-1.7370221321213923
9.715282285259539,-1.7408381228054133
9.72091037200314,-1.744655083980313
9.726537813077226,-1.7484730153058377
9.732164589041744,-1.752291919684936
9.737790699965231,-1.7561117615493673
9.743416142852304,-1.759932574391389
9.749040933166613,-1.7637543543978471
9.754665074706175,-1.7675771052229006
9.760288568676659,-1.7714008163800898
9.765911410887618,-1.7752254975090829
9.771533605820075,-1.7790511484699485
9.777155134031766,-1.7828777722567324
9.782775995689143,-1.7867053332963785
9.788396187794547,-1.7905338649956253
9.794015725927082,-1.7943633634776779
9.799634613914323,-1.7981938321813369
9.805252853038615,-1.8020252604332172
9.810870439112747,-1.8058576576567043
9.816487376622735,-1.8096910235444137
9.822103646103873,-1.8135253609809325
9.827719247754276,-1.8173606343696562
9.833334186097774,-1.8211968853436562
9.838948458244577,-1.8250340889729317
9.844562082165298,-1.8288722673104947
9.850175055213573,-1.8327114044455086
9.855787373545132,-1.836551510233652
9.861399041671575,-1.8403925844976106
9.867010040149145,-1.8442346301371932
9.87262036930681,-1.848077611489822
9.878230033671127,-1.8519215700403697
9.883839030488817,-1.8557664807429652
9.889447377732646,-1.8596123654111005
9.895055072833411,-1.8634592079225647
9.900662111945255,-1.8673070179415436
9.90626849957087,-1.8711557951775901
9.911874221744057,-1.8750055514312154
9.917479276702919,-1.8788562294528253
9.923083656005387,-1.882707891698578
9.928687367701341,-1.8865605012211446
9.93429041397944,-1.8904140647440686
9.939892808221446,-1.894268595659731
9.94549454248023,-1.8981240981217944
9.951095618343803,-1.9019805794347282
9.95669604586339,-1.9058380119408422
9.96229581475467,-1.9096964092954516
9.967894928417271,-1.9135557733651856
9.97349337464309,-1.9174161135609842
9.979091152610769,-1.9212773779265804
9.984688255780702,-1.925139623653899
9.990284682929055,-1.9290028129263201
9.995880445610934,-1.9328669570192718
10.001475533941575,-1.936732068658889
10.007069972709925,-1.9405981360756213
10.012663750969681,-1.9444651667894384
10.018256872515451,-1.9483331632903895
10.023849338958955,-1.9522021252481883
10.029441144376413,-1.9560720574148869
10.035032288701801,-1.9599429670533843
10.040622773440242,-1.9638148170284497
10.046212583048684,-1.9676876364953526
10.051801719818398,-1.9715613813156079
10.057390176655773,-1.9754361079210163
10.06297796204751,-1.9793117792335615
10.068565078084255,-1.9831884018153467
10.074151538097437,-1.9870659889544695
10.079737334128406,-1.9909445445512506
10.085322467821909,-1.994824075805282
10.090906949266081,-1.998704555256559
10.09649076803389,-2.00258599663708
10.102073927431018,-2.0064684020744834
10.107656415109721,-2.010351781238862
10.11323823042386,-2.014236082352953
10.118819366622684,-2.0181213626410703
10.12439982269203,-2.0220075842889527
10.129979610233955,-2.0258947585103635
10.135558719389703,-2.029782897935072
10.141137175103994,-2.0336719906843195
10.1467149664181,-2.0375620441118336
10.152292097136618,-2.0414530605261647
10.157868568888691,-2.0453450393888244
10.163444375737049,-2.0492379852911617
10.16901951763395,-2.053131905344592
10.17459400461563,-2.057026771712241
10.180167807650793,-2.0609225784184746
10.185740929732734,-2.064819348314569
10.191313379374598,-2.0687170776122246
10.196885148031523,-2.07261573655282
10.202456234201911,-2.0765153576756727
10.20802666365774,-2.080415936060598
10.213596424939745,-2.0843174809332154
10.21916551982958,-2.0882199990751262
10.22473395872569,-2.092123462796867
10.23030173113237,-2.0960278857969055
10.235868840321581,-2.099933270036678
10.241435273925322,-2.103839624922305
10.247001031583626,-2.1077468984130605
10.252566106289189,-2.1116551477006626
10.258130497153376,-2.1155643349252227
10.263694215709904,-2.119474471463385
10.269257271318018,-2.1233855687791974
10.274819664426355,-2.127297626294283
10.280381382817277,-2.1312106578066112
10.285942441973473,-2.135124644838171
10.291502837166123,-2.139039582727734
10.297062544158797,-2.142955470849673
10.30262157226483,-2.1468723003228374
10.308179920810574,-2.15079009565938
10.313737592095208,-2.154708818772644
10.319294584514587,-2.158628523124411
10.324850913477672,-2.1625491681163713
10.330406576382861,-2.166470772345163
10.335961575124646,-2.1703933352190465
10.341515903672677,-2.174316861462148
10.347069561959975,-2.1782413581010727
10.352622551830795,-2.1821667881565516
10.358174857349876,-2.186093180971507
10.363726481069921,-2.190020492724803
10.369277415270773,-2.193948779973936
10.374827668749944,-2.197878005848401
10.380377256692544,-2.201808195986946
10.385926177700886,-2.2057393346785896
10.391474428010605,-2.209671431264514
10.397022012273402,-2.2136044854497725
10.402568923726612,-2.217538498326423
10.408115145462622,-2.2214734573351644
10.41366068882872,-2.2254093710551013
10.419205548861438,-2.2293462092797176
10.424749729981013,-2.233284026852878
10.43029324556729,-2.2372227832814895
10.43583608901941,-2.2411624964462953
10.441378264982427,-2.2451031663178798
10.446919766617865,-2.249044794232859
10.452460577049733,-2.2529873677028536
10.458000707606775,-2.2569308955058736
10.463540111935666,-2.2608748210345633
10.469079752260797,-2.2648173666900493
10.474620822558627,-2.268758274119374
10.480162653472384,-2.272699215622389
10.485703830253176,-2.2766418296346007
10.491243715401295,-2.2805857123992
10.496782998231687,-2.2845295554225578
10.502322842126837,-2.2884719164067406
10.50786391676077,-2.2924129360971834
10.513405636819721,-2.2963539389568024
10.518946809053729,-2.3002964691929533
10.524486718536805,-2.3042403443555046
10.530025992590572,-2.308184232445619
10.535565840558466,-2.312126586878626
10.541106918757935,-2.316067628946007
10.54664860207148,-2.320008125415753
10.552190653245438,-2.323947745932825
10.557733494259555,-2.3278861868281457
10.563277157662249,-2.3318236760276534
10.56882140197598,-2.335760354461149
10.57436628033433,-2.339696049247613
10.57991190375596,-2.343630736738468
10.585458201941655,-2.347564496588998
10.591005136410493,-2.351497329053775
10.596552725851623,-2.3554291795401787
10.602101028428326,-2.359360065979645
10.607649992705182,-2.363290027914642
10.613199627727443,-2.367219040399713
10.618749950436362,-2.371147098005575
10.62430095779712,-2.3750742124347313
10.629852640365609,-2.3790003633625476
10.635404981683727,-2.382925553209991
10.640957970069975,-2.386849793457652
10.64651165502723,-2.3907730675212133
10.652066004869539,-2.394695402663293
10.65762103467835,-2.398616785631075
10.663176745895413,-2.4025372218788914
10.668733139485257,-2.4064567069293443
10.67429019241489,-2.4103752263636493
10.679847920114609,-2.414292786930229
10.685406293391045,-2.41820939525403
10.690965361765974,-2.4221250372954803
10.696525094594053,-2.4260397383522547
10.70208555796233,-2.4299540091212934
10.707645721879304,-2.4338691916670756
10.71320547317286,-2.4377835617002472
10.718766494140986,-2.44169595500647
10.724328662515243,-2.445607535287693
10.729891006794432,-2.4495187076965035
10.735453900117797,-2.453428681985137
10.741017757231619,-2.457337468629653
10.746582293492107,-2.4612454884857957
10.752147350910247,-2.465152639490263
10.757713123670225,-2.4690587175258987
10.76327963318497,-2.4729638114842807
10.76884677653277,-2.4768680159830962
10.774414531152798,-2.4807712537076876
10.779983007750747,-2.484673489471427
10.785552212676397,-2.488575316304239
10.791121096174285,-2.492478070910968
10.796689555102871,-2.496380009702582
10.802259317727671,-2.5002799660786086
10.807830235395194,-2.504179119471199
10.813401321546888,-2.5080778523574407
10.818972940640869,-2.5119753855471942
10.824545519046731,-2.5158717236035244
10.830118746156982,-2.5197672938186915
10.835692505099287,-2.5236619798964273
10.841266981254767,-2.5275555906455778
10.846842204476749,-2.531448239328314
10.852418057702451,-2.5353400061975044
10.857994606366239,-2.5392313336901347
10.863570946198456,-2.5431240490856055
10.869145929379888,-2.5470183813279497
10.874720094203912,-2.5509127201008077
10.88029489850995,-2.554805370465632
10.885871006185717,-2.558696724236672
10.891447628420977,-2.562587587483897
10.8970246137119,-2.566477564519735
10.902602427026904,-2.570366297393183
10.908181045106643,-2.5742541162665713
10.913760226152442,-2.578141122870942
10.919340039081995,-2.582027122176696
10.924920606585273,-2.5859120989801667
10.930501846083352,-2.5897961739136712
10.936083705004929,-2.593679313882032
10.941666244710394,-2.5975614569424628
10.947249445561482,-2.601442631775746
10.952833301754493,-2.605322853869588
10.958417814685662,-2.6092021094125255
10.96400297163675,-2.6130803981299864
10.969588822943214,-2.6169577317871178
10.975175348590437,-2.620834107845067
10.980762535076002,-2.6247095373617317
10.986350393958205,-2.628584008188699
10.991938925007224,-2.6324575267709314
10.99752812715683,-2.636330093335634
11.003118001015899,-2.6402016874097756
11.008708517598441,-2.644072316241454
11.014299733712775,-2.6479425091448645
11.01989072414308,-2.651814111149786
11.025480313390943,-2.6556873403174985
11.03106917451553,-2.659560550245028
11.036658645682458,-2.6634321338808724
11.042249437862766,-2.6673024000198815
11.04784075634779,-2.6711721889981628
11.053432437802927,-2.675041062890933
11.059024910488645,-2.6789087203135384
11.064618185194272,-2.6827754279200726
11.070211991126078,-2.6866413191810072
11.075806429825265,-2.690506199661742
11.081401618427948,-2.6943700549592773
11.086997482946522,-2.698232999915793
11.09259396825758,-2.702095018233674
11.098191156639773,-2.7059565785967834
11.103788157295584,-2.709819518429412
11.10938375916258,-2.7136841002777725
11.114978562420013,-2.717548685144678
11.120574026104219,-2.7214115889396666
11.126170775961612,-2.72527321975931
11.13176806718597,-2.7291343568176147
11.137365716397065,-2.7329945994242846
11.142964176267144,-2.7368535997061554
11.148563424328529,-2.7407116649179906
11.154163213991874,-2.744568905418579
11.159763609000333,-2.7484251271461755
11.165364746413784,-2.7522803346627196
11.170966571192693,-2.75613461503686
11.176569017454527,-2.7599879713212885
11.182172133648276,-2.7638403413629558
11.187775981761723,-2.767692269241511
11.193379598952184,-2.77154562693186
11.19898175879286,-2.7754000701724943
11.204584096149302,-2.779252649488222
11.210188197039294,-2.7831033796135083
11.21579293783021,-2.7869538673951046
11.221397762757103,-2.7908036873767674
11.227003401021296,-2.794652094536811
11.232609994083356,-2.7984994994907404
11.238217117150551,-2.802346194622977
11.243824775343333,-2.8061919038132794
11.249433204024603,-2.8100365116596473
11.25504239890277,-2.8138807214633306
11.26065123276399,-2.8177264484152724
11.266258727558608,-2.8215737030940367
11.27186547109064,-2.825420958044568
11.277472846616313,-2.829266540751238
11.283081473710975,-2.8331108587291656
11.288690658626736,-2.836954654900851
11.29430020446538,-2.8407975688050393
11.299910560575324,-2.844639249623596
11.30552170791711,-2.8484800062067888
11.311133417616578,-2.8523199380056585
11.316745750487662,-2.8561588575691514
11.322358782454105,-2.8599967466660785
11.327972486859618,-2.863833697090458
11.333586869398824,-2.8676702153809663
11.339200975910488,-2.8715081627156653
11.344813770095355,-2.875347723033961
11.350425807684317,-2.879187288575188
11.356038452324484,-2.883025217109148
11.361652411928842,-2.886861803840362
11.367266887828762,-2.8906979125708516
11.372881710695355,-2.8945331308090196
11.378497326079767,-2.8983670913003245
11.38411373058861,-2.9022001143903133
11.38973067633947,-2.9060323197065827
11.395348249552338,-2.909863510672213
11.400966562106756,-2.913693675415188
11.406585598058811,-2.9175234509995898
11.412204335423485,-2.921354695763577
11.41782174512089,-2.925187493416235
11.42343837483783,-2.9290203133777477
11.429055638736783,-2.9328514378848114
11.43467416005363,-2.936681293060969
11.440293289716289,-2.940511164193656
11.445911831871816,-2.944342012220077
11.45153006336039,-2.948171808506241
11.457149720355751,-2.951999606415804
11.462770379621107,-2.955826758496617
11.468391181530999,-2.9596534150089937
11.474012568756539,-2.9634788206545446
11.479634883027481,-2.9673030569296976
11.485257826287052,-2.971126524581252
11.490881331543687,-2.974949618978552
11.496504673148182,-2.9787740165991354
11.50212673958213,-2.982600048318276
11.50774798739129,-2.986426166860288
11.513369851272472,-2.9902505798463492
11.518993011538152,-2.994073642128676
11.524616745382266,-2.9978967546074395
11.530239869986662,-3.0017208599202827
11.535862674971757,-3.005543872032104
11.541486910116017,-3.009364901359383
11.547112146490967,-3.013185297034862
11.552737555382416,-3.017005200994622
11.558363546465303,-3.020823832407642
11.563990486850257,-3.0246413187204095
11.569618062176497,-3.028458575474525
11.575245304681992,-3.0322772839053194
11.58087120744907,-3.03609750947731
11.586496446255286,-3.0399177322921878
11.592122252533548,-3.043736363961609
11.597749314659119,-3.0475536843150373
11.603377008036908,-3.0513709953331243
11.609004123310608,-3.055189843789702
11.61463000385533,-3.0590094599948445
11.620256142360189,-3.0628272995304227
11.625883939715347,-3.066643363684774
11.631512345380326,-3.070459152915884
11.637140903743079,-3.0742742058468933
11.642770257446085,-3.0780879052686707
11.648400520901506,-3.0819005936218034
11.654031291637326,-3.0857125481991416
11.659662633662597,-3.0895240219167377
11.665293907208797,-3.09333676887261
11.670923806669533,-3.097151228928966
11.676552907949079,-3.1009657329433185
11.682182626530755,-3.104778529605618
11.687813661207826,-3.1085900152822026
11.693445282689565,-3.112401554909849
11.69907627708969,-3.1162140649627337
11.704706962322023,-3.12002551198682
11.710339061508146,-3.123834936837052
11.715972137327274,-3.1276437186423696
11.721605372889952,-3.1314520082307533
11.727239205412209,-3.135259033202763
11.732873979749499,-3.1390649125722594
11.738509437099069,-3.1428705635707823
11.744144524202571,-3.146677707054242
11.74977834647945,-3.1504863322680317
11.755411504159316,-3.154295516756128
11.761044282856215,-3.1581049625807744
11.766677208105145,-3.1619132151214275
11.772311281778165,-3.165719908506703
11.777946162817441,-3.169525883783458
11.78358138613052,-3.1733311661657675
11.789217265871516,-3.1771352691201677
11.794853978073123,-3.180938315544883
11.800491309722252,-3.184740537147089
11.806129264734576,-3.1885423460755358
11.811767081871029,-3.192345470311407
11.817403512754403,-3.196150271053129
11.82303916958911,-3.1999550866163093
11.828675403917334,-3.203758231441889
11.834312948005952,-3.20756000562065
11.839951060029714,-3.2113618578766467
11.845588659252957,-3.2151652063781544
11.851225064457843,-3.2189698902590678
11.856860832717175,-3.222774632377596
11.862497108862451,-3.2265778493136734
11.868134620680241,-3.2303796946528798
11.8737727224054,-3.234180975446507
11.879411164321414,-3.2379814096803368
11.885050356058867,-3.241780591674385
11.890690340436437,-3.245578820432369
11.896330872931676,-3.2493762113494413
11.901972066613757,-3.253173142175539
11.907613121620088,-3.256971429109233
11.913252867549444,-3.2607713678988497
11.918891777768437,-3.264571384448827
11.924531324415593,-3.2683696561713242
11.930172142066448,-3.2721666288654347
11.935813526438421,-3.275963642881626
11.94145436249035,-3.279762146859924
11.947093983910667,-3.283561442336634
11.952733885365664,-3.2873589440875453
11.958375404122025,-3.291154743389363
11.964017535975737,-3.294950223121974
11.96965981326137,-3.2987449554030537
11.975302865673315,-3.3025383163025763
11.980946826817291,-3.3063306697178936
11.986591332374637,-3.3101228149150423
11.992235530781791,-3.313916351988184
11.997878503469313,-3.3177113957062647
12.003520801302578,-3.321507035659441
12.009162711912294,-3.325302937886096
12.01480479574568,-3.329097636686456
12.020448021116936,-3.332890783695403
12.026092042134769,-3.3366832165273084
12.031736392509163,-3.340474929304948
12.037381401044968,-3.3442654672181655
12.043027235833128,-3.348054964716607
12.048673768314396,-3.3518441304894657
12.054319978170344,-3.355634770390533
12.05996486653861,-3.3594269549792344
12.06560902723391,-3.3632191424814963
12.071253748505207,-3.3670097232942933
12.076899748191765,-3.3707989213077365
12.082546339868085,-3.374588165094024
12.088192414477591,-3.3783789292963022
12.093837316053389,-3.382171024209806
12.099481559098276,-3.385963188837935
12.105126317851244,-3.3897537996328992
12.110772297458123,-3.3935430478114665
12.116418852541711,-3.3973317216134125
12.122065750535741,-3.4011195396185188
12.127713402943778,-3.404906141165624
12.13336184642075,-3.4086917623934734
12.139010910051017,-3.412477084971685
12.144659708918013,-3.4162638067719313
12.150307236744233,-3.4200520987188066
12.155954025076705,-3.423840431211323
12.16160137325895,-3.4276271512345136
12.16725000492722,-3.431412489059266
12.172899232201528,-3.4351978528610694
12.178547901377373,-3.438984736385209
12.184195356971061,-3.4427729519047188
12.189842177810176,-3.4465612218547608
12.19548950871376,-3.4503479181543955
12.201138060855488,-3.454133274440095
12.20678721777098,-3.4579180714350284
12.212436728391676,-3.461702026029727
12.218087006903177,-3.4654847488036316
12.223738133487075,-3.4692670367547715
12.229388955587549,-3.4730508956313653
12.235038393009933,-3.4768363525909836
12.240687110259815,-3.4806217466713187
12.246336433433054,-3.4844055142855925
12.251986990214121,-3.4881879535236022
12.257638124814834,-3.4919704025258054
12.263288716742506,-3.4957543564160916
12.268938158839113,-3.4995396467125777
12.274586931219138,-3.5033250166326884
12.280236221415535,-3.5071088330375453
12.28588675317621,-3.510891279092879
12.291537880937083,-3.5146731780464116
12.297189357957294,-3.5184542353195654
12.302841580577528,-3.5222340463678767
12.308494652512138,-3.526013413325274
12.314147391706092,-3.529794343901095
12.319798730906257,-3.533576861327048
12.325449381315913,-3.537359316599456
12.331100632801792,-3.5411401646904297
12.336753144471823,-3.544919706300385
12.342406240280871,-3.5486992590600366
12.34805883078291,-3.552480313954286
12.353710234849052,-3.5562627326099405
12.359360984801263,-3.560045202333298
12.365012238774575,-3.5638260895506546
12.370664689116401,-3.567605632453338
12.376317738164824,-3.5713846095552055
12.381971125383135,-3.575162717717197
12.387625280091543,-3.5789396116039676
12.393280274895693,-3.582716084673513
12.398935015188027,-3.586494076016334
12.404588319115012,-3.590273722673646
12.410240928553318,-3.594053296479034
12.415894150996937,-3.5978312415535085
12.421548599531429,-3.6016078610610878
12.427203630890423,-3.605384487574737
12.43285813598491,-3.6091626235401604
12.438511478377999,-3.612942107579052
12.444164159637657,-3.6167216705090697
12.449817362615176,-3.62049967285479
12.455471786943692,-3.6242762867084597
12.461126793335575,-3.628052356850682
12.466782134240187,-3.631827564340697
12.47243822650945,-3.635601538481007
12.478095163414068,-3.639375084342509
12.483751806774766,-3.643150195003399
12.489407082002632,-3.646926889696224
12.495061630458691,-3.6507035669623353
12.50071681281218,-3.6544785781361293
12.506373219721754,-3.658252303878291
12.512030169446419,-3.6620260390193127
12.517686657337268,-3.665801233307901
12.523341919214785,-3.669577810631972
12.528996567464418,-3.673354422945263
12.534651675748176,-3.6771295468444865
12.540308064730914,-3.680903248152333
12.545965020313087,-3.684676403477606
12.551622314086442,-3.688448708505712
12.557280409466598,-3.692220311080092
12.56293843336248,-3.6959933150986273
12.56859501969675,-3.699768112205026
12.574250814348629,-3.7035428767343066
12.579907245359852,-3.707315946013928
12.585565004059804,-3.7110876851511914
12.59122328085776,-3.714859501846397
12.59688105185853,-3.718632781979431
12.602537618625128,-3.722407401079599
12.608193543887346,-3.726182084363267
12.61384996227715,-3.7299552215248677
12.619507607094562,-3.733726991905879
12.625165864054908,-3.7374982057769084
12.630824466681691,-3.7412685744338745
12.636483859718872,-3.745038245433319
12.642143227265198,-3.7488093054507505
12.647801103943268,-3.7525821660797605
12.653458163171411,-3.7563550053364474
12.65911590672144,-3.7601260773581706
12.664774923139152,-3.76389589053432
12.670434513177259,-3.7676657384600616
12.676093565024619,-3.771437096291116
12.681751447362915,-3.775209783006431
12.68740868263192,-3.778982540259792
12.693066406429741,-3.7827537223060412
12.698725334341495,-3.7865235513546276
12.704384867529836,-3.790292802419743
12.710044755988719,-3.7940612116412007
12.715705464440088,-3.7978289250848025
12.721366101666273,-3.801598071940494
12.727025284785128,-3.805369004157802
12.732683655503855,-3.8091399137300646
12.738342702586767,-3.8129090308329783
12.744003007204192,-3.81667689707028
12.749663844126443,-3.8204448172708467
12.755324178713533,-3.8242142158839973
12.760983380314393,-3.827984932875864
12.76664191179216,-3.831755752829783
12.772300939779562,-3.8355250299480317
12.77796119343064,-3.8392929112971292
12.783622027056884,-3.8430602223174803
12.789283197217308,-3.846826693329606
12.79494514896215,-3.850592469062439
12.800607079533055,-3.8543596259628874
12.806267549369762,-3.858128595491683
12.811927212366378,-3.8618975416357797
12.817587556797006,-3.865664741514411
12.823249174919319,-3.869430676467779
12.828911360411174,-3.873196652832863
12.834572998253876,-3.876964126246638
12.840233489029751,-3.880732918228623
12.845893319885565,-3.884501757978461
12.851553595734838,-3.8882690977986227
12.857215119676725,-3.8920350236856684
12.862877242007677,-3.8958003923404605
12.868539766602684,-3.8995654479763973
12.874202190225517,-3.903331675199968
12.879863428518997,-3.907099536659105
12.885523815595874,-3.9108675548367264
12.891184734805183,-3.9146338573759967
12.89684698303025,-3.918398761534239
12.902509796518682,-3.922163739229639
12.908172088388378,-3.925930223017028
12.913833173361576,-3.929698047999173
12.919493657391737,-3.9334659134401084
12.92515463048585,-3.9372322726055056
12.930816815092713,-3.940997263613002
12.936479645011236,-3.9447621948909974
12.942141910597135,-3.9485281460852515
12.94780380372734,-3.9522930472825197
12.95346707808516,-3.9560559270964566
12.959131448036183,-3.9598186519626597
12.964795095917797,-3.963583341893937
12.970457346960483,-3.9673493573994203
12.976119144348006,-3.971115183574421
12.981781478125272,-3.9748795637711534
12.987444933251314,-3.9786426600327442
12.993108989423781,-3.982405655354495
12.99877263748932,-3.9861701261619715
13.004435005094207,-3.9899360334635974
13.010096733421454,-3.993701970112371
13.015758974704399,-3.9974663717910577
13.02142247660246,-4.001229378262791
13.02708654452208,-4.004991855389241
13.032751017095265,-4.008754010721342
13.038415407654593,-4.012517330282242
13.04407861103602,-4.016282268331177
13.049740901408246,-4.020047398188894
13.055403770983675,-4.023810744791965
13.061067948025352,-4.0275727265368095
13.066732689597726,-4.031334789225738
13.072396911493545,-4.035098350378108
13.078059931793835,-4.038863248555266
13.0837223516687,-4.0426281890454145
13.089385259165047,-4.046391626498303
13.095049372504944,-4.050153699627543
13.100714174993508,-4.053915708107716
13.106378452926833,-4.0576792952110985
13.112041435223668,-4.061443706304839
13.117704686900737,-4.06520626844294
13.123369571732287,-4.068967086526069
13.129035106140856,-4.072728128888519
13.134699904490114,-4.07649084551661
13.140363521536942,-4.080254769724865
13.14602663583218,-4.084018684891607
13.151690213974108,-4.087781171084664
13.157354955662434,-4.091542296825371
13.16302038070032,-4.0953033245333135
13.16868532279671,-4.099065888738363
13.17434896606535,-4.102829870145194
13.180011986028232,-4.10659386083982
13.185675540715337,-4.1103562892424215
13.191340318522677,-4.114117367872451
13.197005678028251,-4.117877893627678
13.2026714515993,-4.121638098738519
13.208337110401215,-4.125399452345771
13.214001577944941,-4.129162440022988
13.219665166828637,-4.132925575131083
13.225329285211446,-4.13668702369041
13.230994769125875,-4.140447047444997
13.236660836597709,-4.144207162027241
13.242326348634737,-4.147968818745308
13.247990705430295,-4.1517317806393255
13.253654430894628,-4.15549480332465
13.25931862622966,-4.159256299286497
13.2649840295515,-4.163016398603308
13.270650024540044,-4.166775933015653
13.276316427370217,-4.170535143904456
13.281982728485598,-4.174295533157908
13.287647841729811,-4.17805755755353
13.293312105374865,-4.1818197378614546
13.298976901121966,-4.185580204534563
13.304643022005358,-4.189339270959097
13.31030970825391,-4.193098410511871
13.315975875230063,-4.196859059763521
13.321640835906585,-4.200621050668566
13.327305196109227,-4.204383079845063
13.332970045180492,-4.208143600990843
13.33863610661771,-4.211902754309593
13.344302839068554,-4.215661855228491
13.34996904014553,-4.2194225023325025
13.355633998606658,-4.223184516163885
13.361298317328616,-4.226946572250071
13.366963164398792,-4.230707051200257
13.372629228716765,-4.234466182213865
13.37829588085729,-4.23822475717014
13.383962945659732,-4.241983017587119
13.389629892126287,-4.24574242736474
13.395295650076061,-4.249503468409188
13.40096053104436,-4.2532646571358494
13.406625939269315,-4.257024160618365
13.412292712270029,-4.260782239041391
13.41796006967015,-4.264540406738562
13.42362687223105,-4.2683001153544025
13.429292519989442,-4.272061130887902
13.434957534095178,-4.275822225285762
13.440623041494028,-4.279581750304947
13.446289731036678,-4.283339923070588
13.451957020657545,-4.287097515253829
13.457624699760531,-4.290854776258041
13.463292282616019,-4.294613210395951
13.468958682468276,-4.298373269505529
13.474624210797993,-4.302133511493204
13.480290300110733,-4.305892033501606
13.485957730344364,-4.3096491626380695
13.491625738836529,-4.313406381085071
13.497293207441038,-4.317165098303721
13.502959483994829,-4.320925141283523
13.508625130922443,-4.324685203628042
13.514291226351753,-4.328443791600824
13.51995855501721,-4.33220096399305
13.525626533491039,-4.3359581208953895
13.531294054852449,-4.339716790117566
13.536960311652177,-4.34347688262651
13.542625948596443,-4.347236987095871
13.548292106937197,-4.350995551670274
13.553959480644718,-4.354752758580928
13.559627469383418,-4.358509924113066
13.565294969261522,-4.3622686119846135
13.570961221246892,-4.366028674317544
13.57662682959879,-4.3697887607997465
13.582292931024497,-4.373547317975024
13.587960285851661,-4.377304477906136
13.593628270427686,-4.381061626978349
13.599295752257861,-4.384820323644052
13.604962026726508,-4.388580392142069
13.610627684891332,-4.392340485662983
13.616293814451076,-4.396099089372028
13.621961209840793,-4.399856278910634
13.627629198078738,-4.403613457662517
13.633296704562717,-4.4073721420965875
13.63896297830961,-4.411132208077864
13.644628593143672,-4.414892285805754
13.650294700708077,-4.418650839999716
13.655962041730652,-4.42240800805071
13.661630020770334,-4.4261651648588325
13.667297500785873,-4.429923869492433
13.672963789720088,-4.433683929650421
13.678629422330783,-4.437444050593836
13.684295584592226,-4.441202612075079
13.689962949163325,-4.444959802203169
13.695630935962512,-4.4487169579843
13.701298429955822,-4.4524756403603
13.706964673457222,-4.456235699191353
13.712630284926187,-4.45999579650497
13.718296414011299,-4.463754340097802
13.723963768562937,-4.467511520827386
13.729631759079087,-4.471268690502077
13.735299255661198,-4.475027401766381
13.740965559985252,-4.478787472418526
13.746631199706677,-4.482547559239961
13.752297323002317,-4.486306127614293
13.757964672187846,-4.490063307865008
13.763632655114035,-4.493820453132868
13.769300136709829,-4.497579149928322
13.774966410284152,-4.501339218331605
13.78063206792956,-4.505099311709216
13.786298195146722,-4.50885788973875
13.791965547252552,-4.512615077575964
13.797633522115666,-4.51637222640617
13.803301010093037,-4.520130902450785
13.808967258193878,-4.523890971567546
13.814632885937,-4.527651062757279
13.820299032511853,-4.531409616689226
13.825966392781654,-4.535166818659321
13.831634422793002,-4.538923973110105
13.837301885198702,-4.542682700415466
13.842968161715664,-4.546442758115161
13.848633767888854,-4.550202867593284
13.854299902440482,-4.553961400631459
13.85996725581938,-4.557718582888579
13.8656352449614,-4.561475751779409
13.871302741738848,-4.565234458920013
13.87696902873264,-4.568994517143803
13.882634641695272,-4.572754631623358
13.888300778380097,-4.576513157200053
13.893968115965793,-4.580270339694475
13.899636099449875,-4.584027487680414
13.905303579152223,-4.587786186648295
13.910969850917715,-4.591546257356705
13.916635507442116,-4.595306349641384
13.922301636717636,-4.599064948722865
13.92796901540339,-4.602822124428204
13.933637025778983,-4.606579280115953
13.939304479986511,-4.610337994050672
13.944970749401515,-4.61409803953985
13.950636418149847,-4.6178586533072385
13.956301681840507,-4.621619614912849
13.961967059253643,-4.625379398664439
13.96763363957274,-4.629137551883992
13.973301087528691,-4.632895554268226
13.97896799282449,-4.636655279911419
13.984633574827,-4.6404163860765415
13.990298529441029,-4.644177441944397
13.995964069271633,-4.647936903105073
14.001630763133598,-4.6516950927021945
14.007298058973383,-4.655453222339239
14.012964893487714,-4.659212874913837
14.018630539509415,-4.662973901333294
14.02429557882821,-4.66673551240182
14.029960215709194,-4.670497447262197
14.03562497022775,-4.674258215477986
14.041290913531915,-4.678017370613367
14.046957707311313,-4.681776333991316
14.052623968600638,-4.685536998787043
14.058288864650248,-4.689299067687351
14.06395316946085,-4.693061067402589
14.069618046750366,-4.6968215276068035
14.075284102374148,-4.7005806855230094
14.080950788401049,-4.704339809242737
14.086617015848125,-4.708100427069794
14.092282006849036,-4.711862464248555
14.097946366067111,-4.715624506460466
14.1036111950432,-4.719385024895145
14.109277260248929,-4.723144151218757
14.114943943736785,-4.726903248295256
14.120610135194681,-4.730663869396447
14.126275091092763,-4.734425879471346
14.131939481448507,-4.738188447063002
14.1376034821021,-4.741951341751549
14.143267581261881,-4.745713082905996
14.148932867993183,-4.749473215027417
14.154599028810972,-4.753233155157125
14.160264649275215,-4.756994801268184
14.165928894749948,-4.760757852099822
14.171592556954078,-4.764520828217589
14.177256794008173,-4.7682822646941245
14.182922212380594,-4.772042397959696
14.188588244678357,-4.775802506210376
14.194253834453962,-4.779564095473445
14.199918167940329,-4.783327082266304
14.205581894539852,-4.7870906304606855
14.211245215170976,-4.79085451151419
14.216908650819104,-4.794617193904438
14.222573287532796,-4.798378262941531
14.228238783522912,-4.802139185527413
14.233903746241511,-4.8059018197627505
14.239567398350212,-4.809665847198543
14.245230442048276,-4.8134298102294215
14.250894033773791,-4.817192250412394
14.256558810785428,-4.820953329990561
14.262224193803954,-4.824714382091087
14.26788908262389,-4.828476944922337
14.273552764934252,-4.832240896241778
14.279215855145669,-4.8360054186054615
14.28487854665579,-4.839770262875131
14.290541355635492,-4.843533942707158
14.296205368738539,-4.847296000933637
14.301870250371561,-4.851057896590745
14.307534539812927,-4.854821518137069
14.313197521113898,-4.858586492990228
14.318859884756316,-4.862351427320776
14.324522826559285,-4.86611478326072
14.33018693301019,-4.869876860047762
14.335851689570948,-4.873638874211205
14.34151594986902,-4.877402430536044
14.347178994890898,-4.881167375395025
14.352841404118447,-4.884932351491881
14.358504306427125,-4.888695802810697
14.364168453370448,-4.892457826808225
14.369833222238942,-4.896219848513131
14.37549744341493,-4.899983415116969
14.381160474098312,-4.903748320463663
14.386822915746377,-4.907513802991418
14.39248497359336,-4.911279605026399
14.39814711042769,-4.915044271672069
14.403810462426412,-4.9188073073509395
14.409474699143178,-4.92257016525391
14.41513837885341,-4.926334753322858
14.42080071982786,-4.930100738600078
14.426462466598402,-4.933866620684647
14.432124748537207,-4.937630994049826
14.437788215487114,-4.94139403636405
14.443452299400446,-4.945157025385463
14.449115907567617,-4.948921541878235
14.45477830859816,-4.952687444408682
14.460440120458282,-4.956453925073023
14.466101526942396,-4.960220737786465
14.47176304922385,-4.963986335799136
14.477425733233076,-4.967750338026711
14.483089269830858,-4.971514175413502
14.48875229550889,-4.975279689385812
14.494413965520842,-4.979046626637272
14.500075065527087,-4.982813490508148
14.505736732295903,-4.986578828744861
14.51139956644678,-4.990342876784538
14.517063036546732,-4.99410685870657
14.522726030264595,-4.997872342141486
14.528387757076686,-5.001639228393315
14.534048842730888,-5.005406136864321
14.539710450834011,-5.00917147016988
14.545373265404873,-5.0129354712917555
14.551036735863526,-5.016699433373862
14.556699694822424,-5.020464941212064
14.562361444356846,-5.024231819425605
14.568022579747302,-5.027998722477316
14.573684185632915,-5.031764137786002
14.579347038089693,-5.0355281167352395
14.585010518876,-5.039292083535675
14.590673488595868,-5.043057571100334
14.596335195086509,-5.0468244570738285
14.601996299683384,-5.050591338610203
14.607657881401222,-5.054356729035463
14.613320794684093,-5.05812123169254
14.61898341335995,-5.061887607132829
14.624644407729754,-5.0656557228761505
14.630304757824137,-5.069423601598759
14.635965812047354,-5.073189818191984
14.641628053731196,-5.076954827991221
14.647290783803454,-5.080719841062801
14.652953098947181,-5.084486250691828
14.658614210611672,-5.088254061911035
14.664274672888837,-5.092021947965154
14.669935605942612,-5.095788306428376
14.675597810666039,-5.0995532647517
14.681260663887262,-5.103318209934663
14.686922991847583,-5.107084715124178
14.692584100719028,-5.1108525720089375
14.698244610003055,-5.114620975677399
14.703904713970282,-5.118389705872804
14.709564926155512,-5.122157254
14.715226301383566,-5.125923191326376
14.720888567743454,-5.1296889598933415
14.72655028388017,-5.133456451321636
14.73221068603581,-5.137225330978238
14.73787048544344,-5.140994175756013
14.743530869017354,-5.144761450492269
14.749192414617028,-5.148527424857845
14.754854553688348,-5.152293346653986
14.760516232717393,-5.156060757329523
14.766176680141347,-5.1598295742921705
14.771836493205209,-5.163598421887673
14.77749682250635,-5.167365727960435
14.783158370550346,-5.171131686072518
14.788820553050856,-5.1748976065455565
14.794482236350863,-5.17866505063059
14.800142662949328,-5.182433868047917
14.805802461117343,-5.186202708186819
14.811462775006932,-5.189970010734109
14.817124312807106,-5.193735953026821
14.82278648630673,-5.19750188275129
14.8284482026568,-5.201269313570364
14.83410864977676,-5.205038156665723
14.839768452603675,-5.208807028548677
14.845428785566039,-5.21257430017135
14.851090303075273,-5.216340242851093
14.85675247066666,-5.220106152198387
14.86241413427985,-5.22387360976461
14.868074598118065,-5.227642427828105
14.87373448274274,-5.231411815063458
14.87939394889671,-5.235181520774883
14.885053499736406,-5.23895008064918
14.890714259505053,-5.242716962830343
14.896375871176636,-5.246483703559999
14.902036932861437,-5.250252158566614
14.907696672232184,-5.25402200950332
14.913355842194338,-5.257791789413088
14.919015541967491,-5.261560082030023
14.924676466315297,-5.265327020398623
14.930337967210939,-5.2690939312702625
14.935999009384275,-5.272862320236769
14.941658820486337,-5.276632108361027
14.947317963319536,-5.280401915989616
14.952977602628813,-5.284170204784917
14.95863850434688,-5.2879370915203605
14.964300034516832,-5.291703976336471
14.969961056491705,-5.295472409130819
14.975620875010819,-5.299242202721601
14.981280063499359,-5.303012030934769
14.98693974868756,-5.306780328264954
14.992600647221963,-5.310547249983901
14.998262152841184,-5.3143141387736845
15.00392319220077,-5.318082536875239
15.009582969722823,-5.321852317557068
15.015242112244051,-5.325622151056109
15.02090179051891,-5.3293904215342165
15.02656269541385,-5.33315732667709
15.032224236370979,-5.336924221584174
15.037885273673796,-5.340692664330051
15.043545099139566,-5.34446246063278
15.049204259427633,-5.348232276534361
15.054863925941772,-5.352000548783902
15.06052480960509,-5.355767462940971
15.06618631643168,-5.3595343352428495
15.071847323925294,-5.36330275773092
15.077507139814943,-5.367072535253628
15.08316629839163,-5.370842375748526
15.088825988004862,-5.374610656345557
15.094486902007604,-5.378377576296178
15.100148455769284,-5.382144476620973
15.105809475387918,-5.385912902883576
15.111469283944125,-5.389682692495443
15.117128444093295,-5.393452484548177
15.122788080390682,-5.397220770541495
15.128448967211229,-5.400987670681426
15.134110488252512,-5.404754562502759
15.139771513565648,-5.408522994908853
15.145431344237384,-5.412292782999074
15.1510905182087,-5.416062625002699
15.156750212910593,-5.419830886506996
15.162411089815954,-5.423597812125795
15.168072638779494,-5.42736467509866
15.17373363028526,-5.431133107738067
15.17939342978571,-5.4349028953678475
15.185052613085334,-5.438672705257167
15.190712271494034,-5.4424410247519655
15.196373181687983,-5.446207921282913
15.202034664555779,-5.449974284356098
15.207696538094059,-5.453740304897924
15.213358340149544,-5.457507470666039
15.219018887387572,-5.461276311086877
15.224678657520705,-5.465045824189509
15.230338085752543,-5.468815484102164
15.235997696381231,-5.472583998071723
15.241658490426861,-5.476350934373992
15.247320101970983,-5.48011769185582
15.252981139761069,-5.483886141952317
15.258640903184062,-5.487655976911833
15.264300032157166,-5.49142576407519
15.269959736487632,-5.495194008893925
15.275620629908964,-5.49896094989034
15.281282173906229,-5.502727836843514
15.286943212401795,-5.506496268840531
15.292603023902755,-5.510266072618325
15.298262187469797,-5.51403590501415
15.303921838038583,-5.517804196210504
15.309582737223135,-5.521571071198968
15.315244269616153,-5.525337934648786
15.320905272267774,-5.52910636083039
15.32656506404485,-5.532876149310441
15.332224237203475,-5.536645964137528
15.337883927458272,-5.540414248779676
15.34354482681347,-5.544181187266213
15.349206383936396,-5.5479480764322275
15.354867431933926,-5.551716487947168
15.360527209075116,-5.555486293814348
15.366186361108374,-5.5592561100883024
15.371846035162433,-5.563024356888534
15.377506906863118,-5.566791279018974
15.383168380398253,-5.570557630366025
15.388830266008279,-5.574323652954802
15.394492056484808,-5.578090852549699
15.400152653356784,-5.581859692279511
15.40581238352002,-5.585628686232132
15.411472649826727,-5.589395956200886
15.417134251610078,-5.5931618239070735
15.422796450151619,-5.596927746107687
15.428458071205124,-5.600695231078325
15.4341185171433,-5.604464030507761
15.439778360295017,-5.608232872084986
15.44543869508438,-5.612000193963648
15.451100214466965,-5.615766151674508
15.456762413546713,-5.619532039935421
15.46242405175986,-5.623299501121116
15.46808449432344,-5.627068316426581
15.47374429162563,-5.630837168122464
15.47940461912121,-5.634604466874631
15.48506617135104,-5.638370410427478
15.490728357449186,-5.642136342508792
15.49639007184203,-5.645903783781616
15.502050508529695,-5.649672614696399
15.507710314766435,-5.653441461035529
15.51337061026174,-5.657208780500419
15.51903214401189,-5.6609746900203595
15.52469429971042,-5.664740605469226
15.530355983323094,-5.668508041859036
15.536016437046984,-5.67227686213134
15.541676252487578,-5.6760457177644
15.547336588547582,-5.679813031348497
15.552998148958808,-5.683578979570894
15.55866034218346,-5.687344895531018
15.564322030210239,-5.691112335726826
15.569982447686227,-5.694881160961147
15.575642242865046,-5.698650011404722
15.58130255546421,-5.70241729621792
15.586964090525182,-5.706183233754698
15.592626259712437,-5.709949160074905
15.598287971730478,-5.713716585227791
15.603948425698569,-5.717485428847698
15.609608255251437,-5.721254269650536
15.615268565611991,-5.725021594107101
15.620930100549772,-5.728787526234029
15.626592211729138,-5.732552896179101
15.632254726391663,-5.736317955052025
15.637917156962356,-5.740084178336654
15.643578416570179,-5.74385202052417
15.649238783571255,-5.747620060694325
15.654899718639085,-5.751386333667771
15.66056195193347,-5.755151244435852
15.666224805565937,-5.758916195141919
15.671887047367024,-5.76268271063855
15.677548140651437,-5.766450525359322
15.683208638369877,-5.7702183791445165
15.68886957979517,-5.773984772119364
15.694531786591636,-5.7777497358066165
15.700194629958025,-5.781514673981797
15.70585697603127,-5.785281151381303
15.711518052652883,-5.789049006977281
15.717178495920038,-5.7928168694387
15.722839437603456,-5.7965832161485435
15.728501627240295,-5.800348153027625
15.734164444036503,-5.80411308738832
15.739826758536044,-5.807879569664816
15.745487867079248,-5.811647417850247
15.75114834423707,-5.8154152986876335
15.756809323659557,-5.81918167039077
15.762471527197967,-5.82294662801523
15.768134355217759,-5.826711565822669
15.773796683606125,-5.830478026578457
15.779457748855888,-5.834245871834439
15.785118183985848,-5.838013756872043
15.790779151664115,-5.841780079171478
15.796441345707098,-5.845545035594678
15.802104176697954,-5.849309980670214
15.807766504147002,-5.853076473443754
15.813427630170365,-5.856844325783318
15.81908810076994,-5.860612182842831
15.824749046517304,-5.864378528980805
15.830411227148158,-5.868143490878616
15.836074057190332,-5.871908414800201
15.841736369859316,-5.875674895266052
15.847397469618594,-5.879442746395218
15.85305795209583,-5.883210622171073
15.85871891808291,-5.88697697911786
15.864381101687986,-5.890741939993421
15.870043921066166,-5.894506868661429
15.875706241508643,-5.898273320915569
15.881367318678006,-5.902041178666819
15.887027773441305,-5.905809052376246
15.892688749267192,-5.909575386426677
15.898350950990777,-5.913340361006475
15.904013810341132,-5.9171052983979955
15.90967609900485,-5.920871805917795
15.915337203203899,-5.924639631532166
15.920997652165521,-5.9284074964522055
15.926658607781789,-5.932173838792872
15.932320801129418,-5.935938796080132
15.937983576134133,-5.939703206498559
15.943646757255838,-5.943467304023951
15.949309878234597,-5.947232534581706
15.954971733081221,-5.950999434143597
15.960632743337456,-5.954766463224286
15.966294279294493,-5.958531796279934
15.97195718623908,-5.962295701169417
15.977620671756112,-5.966059700209727
15.98328359770838,-5.969825242617393
15.988945356996625,-5.973592099579101
15.994606491789597,-5.977359017355308
16.000268120618962,-5.981124364960976
16.005930924859978,-5.984888371269747
16.01159439887262,-5.988652326138295
16.017257365940832,-5.992417816127357
16.02291909466016,-5.996184700518931
16.02858020589093,-5.999951602360975
16.034241839609468,-6.003716969626035
16.039904674488664,-6.00748098105161
16.045568130227625,-6.011244962731182
16.051231104659085,-6.015010444565455
16.056892842309026,-6.018777312514493
16.06255393013853,-6.022544220304989
16.0682155450035,-6.026309573723825
16.0738783877364,-6.030073565748544
16.07954186480994,-6.033837548837594
16.085204868879345,-6.03760304624155
16.090866595405014,-6.041369930577872
16.096527692902434,-6.045136827871587
16.10218929513019,-6.048902188487493
16.107852125209696,-6.052666176239881
16.11351559663117,-6.056430136692007
16.11917856477148,-6.06019564453836
16.12484032272035,-6.063962523524161
16.130501447890126,-6.067729435727986
16.136163069209154,-6.071494800313155
16.141825902020003,-6.075258798824127
16.147489365190008,-6.079022758156425
16.153152327352043,-6.082788247679375
16.158814059382017,-6.086555128128325
16.16447517135177,-6.090322029654437
16.17013680344605,-6.094087393332817
16.17579963987032,-6.0978513998044654
16.181463096903673,-6.101615380572532
16.18712607029332,-6.1053808612318985
16.192787807417886,-6.109147726587026
16.198448895802553,-6.1129146332959055
16.204110509311967,-6.116679989635779
16.209773349986307,-6.120443983394245
16.215436826604723,-6.124207964149685
16.221099824371283,-6.127973470807221
16.226761566754863,-6.131740347535623
16.232422669037106,-6.135507254459372
16.23808428680939,-6.139272590770575
16.243747106380543,-6.143036590624195
16.249410577091663,-6.146800551024904
16.25507354328229,-6.150566062382831
16.260735299326804,-6.154332942348657
16.266396410698515,-6.158099869130916
16.272058045872487,-6.161865198598371
16.27772085816437,-6.165629203179114
16.28338432464474,-6.169393164578008
16.289047287381468,-6.173158649395787
16.294709020203392,-6.176925526113734
16.300370131161174,-6.180692427878684
16.30603176125862,-6.184457793312709
16.31169460778447,-6.188221807531519
16.317358094881772,-6.19198578028813
16.323021079058822,-6.195751273684505
16.328682793295908,-6.199518155353926
16.334343886594183,-6.2032850609261025
16.34000549632384,-6.207050386482855
16.345668312332094,-6.210814385257362
16.35133179765539,-6.214578336018374
16.356994759578875,-6.218343851531896
16.36265650844404,-6.22211073377172
16.36831763712174,-6.225877642184332
16.373979253572696,-6.229643044529486
16.379642102719874,-6.233407021765586
16.385305578062123,-6.237170983376586
16.390968531435355,-6.240936481918322
16.396630255997508,-6.244703342801298
16.402291359811713,-6.248470228454487
16.40795297710745,-6.2522355848948665
16.413615803983223,-6.255999594835343
16.4192792977625,-6.259763558105478
16.424942274561534,-6.263529080705666
16.4306040309556,-6.26729596537389
16.436265139883382,-6.271062868561023
16.441926741829732,-6.274828245840187
16.447589571076012,-6.27859221459114
16.453253034025938,-6.282356168027816
16.458915983570854,-6.28612166374376
16.46457772270452,-6.289888533371885
16.470238846376894,-6.293655425989974
16.475900457412713,-6.297420808972556
16.48156331252093,-6.301184817497092
16.487226802341766,-6.30494879135562
16.492889793391292,-6.308714293033364
16.498551517308133,-6.312481176342366
16.504212612538794,-6.316248071439104
16.509874212834458,-6.3200134259965175
16.51553704165159,-6.323777409284503
16.52120051080762,-6.327541368930713
16.52686347549616,-6.331306877403815
16.53252523014813,-6.335073755320903
16.538186369091225,-6.338840656543146
16.543847979918308,-6.3426060436421805
16.549510816965356,-6.34637004196378
16.55517427676235,-6.350134001548326
16.56083724811858,-6.353899487244518
16.56649897805242,-6.3576663645759535
16.572160087193637,-6.361433263946832
16.577821716723786,-6.36519862696415
16.58348455782184,-6.368962638039908
16.589148008886756,-6.372726613498201
16.594810994650388,-6.376492097591552
16.600472717525204,-6.380258967258258
16.606133809309064,-6.384025872031466
16.611795421433925,-6.387791223691324
16.61745826043651,-6.391555215282204
16.623121734900472,-6.395319195416697
16.628784714628786,-6.399084712839614
16.634446493323637,-6.402851585641606
16.640107600821647,-6.406618488365408
16.645769213310803,-6.410383846628828
16.65143203496392,-6.414147839480795
16.657095477870552,-6.417911801849559
16.662758446372017,-6.421677289202796
16.66842018728177,-6.425444160411387
16.674081290566495,-6.429211066263704
16.679742913796986,-6.432976428891121
16.68540576616764,-6.436740429672888
16.69106924373532,-6.4405044257110475
16.696732232080024,-6.444269920665706
16.702393986148554,-6.448036796751255
16.708055093600247,-6.451803674167178
16.713716676616723,-6.455569051524894
16.71937949810847,-6.459333030919391
16.725042953875516,-6.463097005829095
16.73070595313547,-6.466862481795923
16.736367694034172,-6.470629376357771
16.742028811585772,-6.4743962887516116
16.7476904512774,-6.478161641384091
16.75335327516272,-6.481925649530154
16.75901675929093,-6.485689600386187
16.76467968525155,-6.489455113553843
16.770341431618938,-6.493221977675819
16.77600252772036,-6.4969888992841
16.7816641583897,-6.500754257837855
16.787327014857397,-6.504518252053528
16.792990513397392,-6.5082822023526665
16.798653444682323,-6.512047723709665
16.80431519672485,-6.515814587468215
16.809976289030043,-6.5195814690840574
16.815637903941735,-6.52334682560937
16.82130072720673,-6.52711083564684
16.8269642188099,-6.530874796349615
16.832627193364825,-6.534640315124428
16.83828894752075,-6.538407197898475
16.843950053750046,-6.542174098980539
16.849611653577917,-6.545939471848684
16.855274485365953,-6.549703440026458
16.860937940661625,-6.553467415497489
16.866600937732304,-6.5572328939071465
16.87226267697837,-6.560999788390303
16.877923794100944,-6.564766700153248
16.883585399175512,-6.56853208705772
16.88924823980752,-6.57229605410304
16.894911722800448,-6.57606000375549
16.900574650506574,-6.5798255122872265
16.906236397473947,-6.5835923733454225
16.911897492243053,-6.587359294988021
16.917559121616144,-6.591124653355016
16.923221977062404,-6.594888645552013
16.928885457212175,-6.598652628256455
16.93454844536065,-6.602418128694518
16.940210187020924,-6.606185005401786
16.94587128058836,-6.609951888919348
16.951532867917873,-6.613717264905071
16.95719569580205,-6.617481230556202
16.96285910553037,-6.621244658318949
16.968522915791386,-6.6250077808493915
16.97418666359199,-6.628772046656154
16.979849211462263,-6.632537953392592
16.98551088317489,-6.636304044696034
16.99117312279311,-6.640068389985783
16.996836662079225,-6.643831365851261
17.002500812518704,-6.6475943771028705
17.00816434032796,-6.651358955256336
17.013826734033554,-6.655124812245259
17.01948849084493,-6.658890702408071
17.025150718859216,-6.662655111340829
17.03081418669625,-6.666418130522118
17.03647825495878,-6.670180583549577
17.042142732229287,-6.673942722190067
17.047807109378454,-6.6777060380656845
17.05347029878604,-6.681470986414972
17.059132624456513,-6.685236116476468
17.064795513055905,-6.688999481017663
17.07045970521945,-6.692761477455381
17.07612450134376,-6.696523509668548
17.081788677609314,-6.70028711462891
17.087451707025554,-6.704051997429998
17.093114108939172,-6.707816934119684
17.09877700396586,-6.711580359449663
17.104441117691575,-6.715342411844574
17.11010584020368,-6.719103898327485
17.115770983309627,-6.722865061545547
17.12143601111285,-6.726627414448453
17.127099834756155,-6.730391379611406
17.13276278503598,-6.7341554997300985
17.138426273153375,-6.7379179194488925
17.144091094034415,-6.741678916912478
17.149756518190905,-6.745439978665342
17.15542136904437,-6.749202591867285
17.16108505029121,-6.752966522059846
17.166748132469365,-6.756730493251257
17.172411696783513,-6.7604929625512185
17.178076468204562,-6.764254067541905
17.183741894443994,-6.76801511563945
17.189406754667278,-6.771777182318195
17.19507124231759,-6.7755381891079365
17.200737097510235,-6.779297175014319
17.206404032911585,-6.783056002508362
17.21207027871533,-6.78681677719888
17.217735090752576,-6.7905789084470545
17.223399445819112,-6.794340844284743
17.229064385086375,-6.798101318889828
17.23473043243047,-6.801860537189029
17.240397102269522,-6.805619641299452
17.24606333824466,-6.809380234570437
17.25172830310862,-6.813142257696101
17.25739261006392,-6.816904323883439
17.263057456084496,-6.820664803220382
17.268723537158344,-6.824423924142424
17.27439019466272,-6.8281825072708235
17.28005719090638,-6.831940230722384
17.28572498542392,-6.835697243858925
17.291392735872527,-6.83945566245749
17.29705902303049,-6.843215873755854
17.30272448687343,-6.84697608087708
17.308390644250455,-6.850734517489384
17.314058080182846,-6.854491675211621
17.319726054775064,-6.858248904705447
17.32539351648022,-6.862007620637753
17.33105982488554,-6.865767636811349
17.33672546269097,-6.869527749562395
17.342391582521266,-6.873286296460315
17.348058921696428,-6.877043475786481
17.35372692670079,-6.880800617492215
17.359394352683378,-6.884558793030242
17.36506142939092,-6.888315934296812
17.37072990153199,-6.89207103668327
17.37639936334575,-6.895825465074387
17.38206904224922,-6.899579938361716
17.387738397789274,-6.903335566682655
17.393406765675707,-6.907092585644547
17.39907430310391,-6.910849875746893
17.404742299125623,-6.914605543743233
17.41041162673916,-6.918359752890392
17.416081601309205,-6.922114007271101
17.4217510283368,-6.9258698128351766
17.427419221899985,-6.929626951289594
17.43308679427007,-6.933384093464451
17.438754846260885,-6.9371397540407
17.444424113177632,-6.940893996225028
17.450093977095158,-6.944647684369252
17.455764195928218,-6.948400532972441
17.46143517675282,-6.9521521466050675
17.467106999653495,-6.955903319339273
17.472778527050462,-6.9596560653585815
17.478448680839605,-6.96341041171317
17.484118100862755,-6.967164701329947
17.48978812360682,-6.970917360525862
17.495459369809552,-6.974668694670105
17.50113119550325,-6.9784200283555124
17.506802522532737,-6.982172869469471
17.512472676569754,-6.985927073878357
17.518142191983685,-6.989681331184614
17.523812189208908,-6.993434079950426
17.529483441039268,-6.997185413756995
17.535155264947846,-7.0009361957501515
17.540827419704794,-7.004686126538467
17.546500316485844,-7.008434819053961
17.5521739844159,-7.012182524983148
17.557848278479273,-7.015929914280264
17.563522296710406,-7.019678715188495
17.56919505392444,-7.0234290908747665
17.57486707917885,-7.02717951262298
17.58053966132502,-7.030928298489904
17.58621350894497,-7.034675744536611
17.591887961319735,-7.038423196667516
17.597561899972355,-7.042172155264885
17.603234597494502,-7.045922483754326
17.608906676246626,-7.049672834317031
17.614579251984246,-7.053421634193858
17.620253026476934,-7.0571690888468614
17.625927405450767,-7.060915967064828
17.631602136263645,-7.064661989370725
17.637277622250593,-7.068406789392971
17.642953891351787,-7.072150629083972
17.648630717115,-7.075893615113367
17.65430819642772,-7.079636097537449
17.659985476552844,-7.083379973915109
17.665661477698844,-7.087125495407691
17.67133665395514,-7.09087108973894
17.67701244655616,-7.094614969549151
17.682689523971785,-7.098357520303511
17.688367126445254,-7.102099582928315
17.69404503910051,-7.105840742703421
17.69972373965875,-7.109580639502618
17.70540320127386,-7.113319583142997
17.71108320526255,-7.117057698074028
17.7167638029897,-7.120794789940107
17.72244518644338,-7.124531366429658
17.728126375838187,-7.1282694266313875
17.733806196904236,-7.132009171521451
17.73948525914779,-7.135748884057922
17.745164914754227,-7.139486923845093
17.750845831943487,-7.1432236161574405
17.75652732391833,-7.146960329085672
17.762208290118654,-7.15069856848891
17.767888090650736,-7.154438157678097
17.773567267602576,-7.158177803112127
17.779246927111515,-7.161915912246562
17.784927779917346,-7.165652646654957
17.7906092326452,-7.169388803670279
17.79629101410563,-7.173124086344005
17.8019735370694,-7.176858156502688
17.807656852113624,-7.180591241545741
17.813340721275246,-7.184323495216698
17.819025185777644,-7.18805474480995
17.824710358572514,-7.1917849627138315
17.83039627308633,-7.195514743100653
17.836081887280912,-7.199246010260121
17.84176620133119,-7.2029788547929785
17.847449742521356,-7.206711732647328
17.853133882922304,-7.2104429084663
17.858819259793098,-7.214172790537786
17.864505180079984,-7.217902150129691
17.870191438245254,-7.2216306201008855
17.875878484761888,-7.2253578352987855
17.881566305490047,-7.22908411209548
17.887254665975046,-7.2328095534130945
17.892943611168608,-7.236533960053067
17.898633264889003,-7.240257320779529
17.904323533091887,-7.24397974938289
17.910014419316358,-7.247701211065821
17.91570599556471,-7.251422198521584
17.921397404125948,-7.255144611611046
17.92708750129688,-7.258868689468734
17.93277680365856,-7.26259281606914
17.93846672815725,-7.266315230168629
17.944157903764104,-7.270036319082276
17.94984959330738,-7.273756907007607
17.9555415948693,-7.277476582698152
17.961234372944283,-7.281194988597673
17.966927931088765,-7.284912448141173
17.97262199849205,-7.288629079149872
17.97831667345244,-7.292344680715723
17.984012064552527,-7.296059248875103
17.989708113513004,-7.299772882098035
17.995404770374027,-7.3034855646664845
18.001102070187596,-7.3071972499251245
18.006800063091465,-7.31090847769427
18.01249787198033,-7.314621116653132
18.018194333897583,-7.318335418221212
18.02389001858922,-7.322049711481584
18.029586275351523,-7.325762369933511
18.03528381622842,-7.329473660706181
18.040981868436994,-7.333184460040906
18.046680270243286,-7.336894353428354
18.052379449975028,-7.340603006683713
18.05807941013197,-7.3443107022337575
18.063779871827474,-7.348017556478319
18.069480921127752,-7.351723372388411
18.075182685787468,-7.355428140050223
18.080885080521565,-7.359131980622469
18.086588079452984,-7.362834869641083
18.09229172838526,-7.366536754915564
18.097996042210823,-7.370237655405142
18.10370097830725,-7.373937588542829
18.109406534419456,-7.377636533626014
18.11511271034848,-7.381334494867514
18.120819538184982,-7.385031466944813
18.126526990085438,-7.388727474538055
18.132235082682637,-7.392422501426894
18.137943820176044,-7.396116552897896
18.14365319916548,-7.399809632914717
18.149363228087907,-7.403501721226033
18.15507385683993,-7.407192832822005
18.160785118711395,-7.410882950708528
18.166497022003085,-7.414572083639881
18.172209542397137,-7.418260247778346
18.177922706162473,-7.421947431546823
18.183636510889823,-7.425633641250647
18.189350955935566,-7.429318876591747
18.195066039510596,-7.433003115259032
18.200781741295952,-7.436686365839171
18.206498052534197,-7.440368642877566
18.21221501098121,-7.444049924285398
18.21793259551485,-7.447730234543466
18.22365081893541,-7.451409565168088
18.229369682046432,-7.455087920231757
18.235089184528057,-7.4587652996586
18.24080934215719,-7.462441683610264
18.246530090762594,-7.466117099303488
18.252251482869635,-7.469791513208094
18.25797349464671,-7.473464938988657
18.26369611656723,-7.477137389532801
18.269419376482862,-7.480808855601911
18.27514328660209,-7.4844793303859305
18.280867822934972,-7.488148839115036
18.286592993686288,-7.491817366632773
18.292318802095487,-7.495484915115521
18.2980452481611,-7.499151486488207
18.30377234119274,-7.502817063845724
18.309500022122556,-7.506481668372151
18.31522834477002,-7.510145261993597
18.320957288668982,-7.513807870222893
18.326686833521507,-7.517469500311172
18.33241702527633,-7.521130133622948
18.338147837617203,-7.524789791747085
18.3438792868265,-7.528448471022158
18.349611372146015,-7.532106172910433
18.35534409921768,-7.53576289193408
18.36107746759523,-7.539418621355355
18.366811459713958,-7.543073383154389
18.37254608362794,-7.546727162101142
18.378281335941622,-7.550379942751414
18.384017184576084,-7.554031745809598
18.38975367851761,-7.557682542397328
18.395490759932244,-7.561332364949564
18.401228480858954,-7.564981174962241
18.406966824014503,-7.568629014914592
18.412705802858053,-7.572275876183346
18.4184454279095,-7.575921744572339
18.424185680667506,-7.57956663730183
18.42992655864192,-7.5832105539691455
18.43566806850639,-7.586853486995433
18.441410208067598,-7.59049542403258
18.44715293767089,-7.594136382048837
18.452896305489393,-7.597776330542291
18.458640284365313,-7.601415302229895
18.464384890302522,-7.605053275243539
18.470130122267523,-7.608690272329035
18.475875986829667,-7.61232628906236
18.481622489347167,-7.6159613202291485
18.487369629438827,-7.6195953591291845
18.49311738965761,-7.62322842812927
18.498865760585492,-7.6268605122923425
18.50461476249855,-7.6304915878333786
18.510364376236964,-7.63412167052886
18.516114590392885,-7.637750774525975
18.52186544253813,-7.64137887751366
18.52761691163684,-7.645006004187275
18.53336901041431,-7.648632145704766
18.53912173975141,-7.652257305885151
18.544875099296636,-7.65588148449131
18.550629104625383,-7.6595046614024
18.556383691837794,-7.663126864146739
18.56213891323137,-7.666748058762858
18.567894745127084,-7.670368258995028
18.57365118832075,-7.673987481635517
18.57940826306291,-7.677605715613638
18.585165967155678,-7.681222967420168
18.590924300083937,-7.6848392371234535
18.59668327138126,-7.688454505726796
18.602442828592228,-7.692068791439111
18.608203005049734,-7.695682074860519
18.6139638102496,-7.699294363725337
18.619725219855397,-7.702905675671486
18.6254872595171,-7.7065159986530425
18.631249927030474,-7.7101253385479325
18.637013221998178,-7.713733695114318
18.64277715996873,-7.717341048222105
18.648541677130655,-7.720947425598701
18.654306825676567,-7.724552793222961
18.66007258198607,-7.728157164849361
18.66583894692143,-7.7317605572729065
18.67160594067628,-7.73536295940331
18.677373561047972,-7.738964377746518
18.683141807511728,-7.742564812379623
18.68891068953723,-7.746164244267001
18.694680154732303,-7.749762691807675
18.700450236403718,-7.753360135321514
18.70622094409488,-7.756956582487819
18.711992253515948,-7.7605520509786645
18.717764190274885,-7.764146528669599
18.72353675217976,-7.7677400214693835
18.729309938826415,-7.771332529190601
18.735083761962557,-7.7749240377997255
18.740858182492385,-7.778514560753997
18.74663322211726,-7.78210407958348
18.752408842409174,-7.785692615056544
18.758185101351657,-7.789280134964891
18.763961952525847,-7.792866673084758
18.769739443619464,-7.796452210079329
18.77551754690397,-7.800036772851694
18.78129626984851,-7.803620345996693
18.787075615729485,-7.807202931638743
18.792855584628885,-7.810784531601233
18.798636185574637,-7.814365128644097
18.80441735981034,-7.817944744979363
18.810199160653386,-7.821523340887694
18.815981567964904,-7.825100942328787
18.82176456827116,-7.8286775604547065
18.827548193321064,-7.832253185015008
18.83333245406493,-7.835827809011001
18.839117330324363,-7.839401449498134
18.84490281970015,-7.842974105913923
18.850688928854957,-7.8465457706999135
18.856475658345165,-7.850116438711895
18.862262977400924,-7.853686111901241
18.86805091638488,-7.857254778277249
18.873839436898315,-7.8608224568007525
18.879628587838273,-7.864389124894724
18.885418343846393,-7.867954810224973
18.891208721229187,-7.871519508350473
18.896999724229275,-7.8750832134304165
18.902791352437056,-7.878645918383011
18.9085835886194,-7.882207645694662
18.914376431333384,-7.885768377687167
18.920169893076253,-7.889328104364886
18.925963937072623,-7.892886837075179
18.931758590868398,-7.896444560727419
18.937553855793727,-7.900001282322919
18.94334972698787,-7.903557020423004
18.949146215725605,-7.907111765542198
18.954943322847033,-7.910665521991207
18.960741047869274,-7.914218289780408
18.966539402419837,-7.9177700547643495
18.97233834758734,-7.921320830406581
18.978137904924164,-7.924870598017429
18.983938041056444,-7.928419374919061
18.989738804877152,-7.931967141979954
18.995540170043064,-7.935513920698876
19.001342153169396,-7.939059709768394
19.007144752865127,-7.942604508781109
19.01294797848171,-7.94614829849399
19.01875177930469,-7.949691101481274
19.024556200042618,-7.953232891321843
19.03036120641193,-7.956773697949227
19.03616683776274,-7.960313484663875
19.04197299663314,-7.963851759662789
19.047780532735967,-7.96738661223732
19.0535905476466,-7.970917809483089
19.059402486323798,-7.97444641598899
19.06521585076486,-7.977972293357588
19.0710310715023,-7.981494885127665
19.076848277445254,-7.985014406216435
19.082667240425934,-7.988531090332528
19.08848791428828,-7.992044787081263
19.09431046812219,-7.99555539514349
19.100134869138966,-7.999063038839483
19.105961065174583,-8.002567699512129
19.11178900170478,-8.006069370356958
19.117618788922748,-8.009567989623637
19.12345034136065,-8.013063650070418
19.12928371002311,-8.016556276641692
19.135118866136036,-8.020045912620999
19.140955831935557,-8.023532551390236
19.146794595095805,-8.027016199525471
19.152635174798505,-8.030496826332419
19.158477538475676,-8.033974447338682
19.16432169119061,-8.037449045616178
19.170167584799785,-8.04092066562355
19.17601529303076,-8.044389233267406
19.181864753920742,-8.047854814285024
19.187716045133648,-8.051317332973982
19.193569096716192,-8.054776880709626
19.199423935052668,-8.058233412940295
19.205280561671362,-8.061686931965367
19.211138973618006,-8.065137441364726
19.216999172742522,-8.068584936744834
19.222861167710455,-8.072029392993135
19.22872490393197,-8.075470841949796
19.234590395009818,-8.078909264736703
19.240457671324034,-8.082344646791714
19.246326672882702,-8.08577702635413
19.2521974731047,-8.08920635025087
19.258070024969975,-8.092632667071234
19.263944350531776,-8.096055963545162
19.269820449979925,-8.099476235919445
19.275698344526017,-8.102893451624057
19.28157797769586,-8.106307676482357
19.287459374551432,-8.109718871197561
19.293342521588944,-8.113127047325206
19.299227429591713,-8.116532151359644
19.30511409004446,-8.119934221701614
19.311002458620653,-8.123333281398736
19.316892608625174,-8.126729279486366
19.322784493982354,-8.130122256890116
19.32867813578391,-8.133512204754565
19.33457353093658,-8.136899122893057
19.340470697060326,-8.140282990840417
19.346369609187327,-8.14366381860524
19.352270215226007,-8.147041635996603
19.358172588559697,-8.150416364516738
19.364076693892546,-8.153788052455763
19.369982496611037,-8.157156716365929
19.375890071428145,-8.160522303439237
19.381799264560183,-8.163884361831581
19.387710897222064,-8.167240898738571
19.39362604399265,-8.170591679656596
19.399544178521285,-8.17393778659998
19.405464828013134,-8.177279100896266
19.41138840046253,-8.180615010190436
19.41731497700277,-8.183945785327309
19.423244369784598,-8.187271621678295
19.429176516730227,-8.190592359927127
19.435111518469444,-8.19390793274573
19.441049450103215,-8.197218390281003
19.44699013749552,-8.20052382559327
19.452933669897615,-8.203824132807144
19.458880069859937,-8.207119319010596
19.464829334990885,-8.21040938462144
19.47078137850058,-8.213694396999111
19.476736250181574,-8.21697428400398
19.482693950856596,-8.220249058775666
19.488654484722314,-8.223518701333548
19.494617751888942,-8.226783271730879
19.5005838618161,-8.230042675013351
19.50655273608479,-8.233296968334367
19.51252438488268,-8.23654612202485
19.518498853528218,-8.239790123791355
19.524476082824684,-8.24302903577948
19.530456096186885,-8.24626281324408
19.536438892643513,-8.249491453681033
19.54242446658712,-8.252714960492188
19.548412816520038,-8.255933329803664
19.55440396834201,-8.259146526956906
19.56039781644737,-8.262354627507728
19.566394448401915,-8.265557539811633
19.572393769740387,-8.268755330553402
19.57839586676869,-8.271947924530185
19.58440069194746,-8.275135378857767
19.590408272687494,-8.278317668191901
19.596418566265182,-8.281494829487697
19.602431596546175,-8.28466682113484
19.60844735551381,-8.287833654715254
19.614465830030586,-8.290995337097467
19.620487031254278,-8.2941518105068
19.626510934485953,-8.2973031148889
19.632537483193648,-8.300449270666894
19.638566798363986,-8.303590193641908
19.64459865273672,-8.306725481379114
19.650633816930284,-8.309853081833799
19.656673343024046,-8.312972702124206
19.662716739434575,-8.316085480027542
19.668763517087818,-8.31919126498518
19.67481404525813,-8.32228947550066
19.68086844553618,-8.325380335884448
19.686926537660955,-8.328464080961382
19.692988211624574,-8.331540584762454
19.69905364930858,-8.334609682504487
19.705122814755704,-8.337671518133645
19.71119562100049,-8.340726116389803
19.717272116861015,-8.34377337272795
19.72335222849531,-8.346813315575826
19.729436018723902,-8.349845944048928
19.735523434102156,-8.352871249514974
19.741614462442662,-8.355889256126812
19.74770913338271,-8.358899926158983
19.75380742178164,-8.36190328220303
19.759909319565885,-8.364899311169063
19.766014849730073,-8.367887992968358
19.772123900534577,-8.370869348628478
19.778236558834237,-8.373843343942045
19.784352801049238,-8.376809961962701
19.790472558310782,-8.379769283033355
19.796595890859372,-8.38272122071195
19.802722774240408,-8.385665800413145
19.80885319979812,-8.388603016746842
19.814987175277576,-8.391532851741973
19.821124511994412,-8.39445483578189
19.827265871482236,-8.397366894781094
19.833412271719183,-8.400268704177686
19.839563453221093,-8.403161914432932
19.84571823195475,-8.406048445498046
19.851875899447293,-8.40892804718289
19.858037099783534,-8.411799734943612
19.864202101075485,-8.414663861482083
19.87037033842907,-8.417520952155852
19.876541929460085,-8.420370568336862
19.882716974062944,-8.423212615262807
19.888895519869262,-8.426047274096137
19.89507738936043,-8.428874581005289
19.90126264897677,-8.431694411719013
19.907451340055378,-8.434506773480733
19.91364328420783,-8.437311243402446
19.919839039883513,-8.440105735542813
19.92603966980849,-8.442889870026782
19.932244765166455,-8.445664797631071
19.93845371332635,-8.448430509291088
19.944666983012684,-8.451186266870948
19.950884678899637,-8.453932303993604
19.95710657071142,-8.456668950994544
19.963332577948268,-8.459395997012
19.969562855200763,-8.462113300226887
19.975797370494323,-8.464820997610456
19.982036034470827,-8.467519115753733
19.988278894077208,-8.470207550168595
19.994525857267607,-8.472886351683462
20.000776987112623,-8.475555479236435
20.00703216160222,-8.478214951548546
20.0132914824734,-8.480864742382249
20.019554864493465,-8.48350482556719
20.025822355035697,-8.486135256530812
20.03209387254977,-8.48875601992421
20.038369449344493,-8.491367064560226
20.044649061971437,-8.493968414176424
20.050932692740286,-8.49656006206163
20.057220343594174,-8.49914198625198
20.063511965638128,-8.501714221632396
20.069807562706355,-8.504276689654551
20.076107042390063,-8.50682945122768
20.082410513626098,-8.509372461937197
20.08871785920641,-8.511905706124642
20.09502899624401,-8.514428720380042
20.101344346589237,-8.516939462753417
20.107664978156187,-8.519437458589483
20.113990479445793,-8.521923908549994
20.12032033793064,-8.524398754807802
20.12665486686249,-8.526861328006744
20.132994231189794,-8.529311831462232
20.139338165943897,-8.531750514130323
20.14568653148143,-8.53417727342252
20.1520395764785,-8.536591894099258
20.15839714893707,-8.538994532990365
20.164759254246878,-8.541385205618607
20.171125876208997,-8.54376385392115
20.177496972901388,-8.546130470676676
20.183872544494857,-8.548485045163632
20.19025254635047,-8.550827585276124
20.196636970429697,-8.553158058960108
20.20302580146393,-8.55547648240292
20.209418997342652,-8.557782781139343
20.215816458832556,-8.56007707340059
20.222218311263628,-8.562359218674677
20.2286243957263,-8.564629297422455
20.23503478739552,-8.566887255060616
20.24144948154336,-8.569133093065954
20.247868368749348,-8.571366853873313
20.254291471973193,-8.573588474486712
20.26071877149953,-8.575797946142405
20.267150240442486,-8.57799527339285
20.273585679529365,-8.580179968634187
20.280025370418365,-8.582349975849393
20.28647043525696,-8.584504736038442
20.292920464234186,-8.586645465994573
20.2993748808637,-8.588772218055507
20.305834035217362,-8.59088420994374
20.312298096198827,-8.592981642182522
20.318766806752258,-8.595064873675533
20.325240032356508,-8.597133701151037
20.331717916060224,-8.599187928929176
20.33820041702114,-8.601227710974566
20.344687428809383,-8.603253077703231
20.351178959907337,-8.605263945744959
20.357674916815423,-8.607260265364374
20.364175346474767,-8.6092421301579
20.370680172688914,-8.611209440068757
20.377189316680546,-8.613162244546544
20.383702841244652,-8.615100490072539
20.39022072058904,-8.617024198389212
20.396742837070708,-8.618933399991109
20.40326920928278,-8.620828019797877
20.409799807378082,-8.622708053350218
20.416334591554133,-8.624573506616365
20.422873530721855,-8.626424388512339
20.42941655130656,-8.62826059875559
20.43596364907608,-8.63008227817521
20.442514829564516,-8.63188926170499
20.4490699942353,-8.633681679075206
20.455629152502098,-8.63545944002739
20.462192042367718,-8.637222074190673
20.468758906069386,-8.63896749510933
20.475330698022557,-8.640695113747277
20.481907169784133,-8.642406184169518
20.488487641358418,-8.644100738938711
20.495072457488124,-8.645778014090824
20.50166170604161,-8.647438144334693
20.508255220219052,-8.649081561273869
20.514852837495624,-8.650707984123581
20.52145466317852,-8.652317289040964
20.528060663220568,-8.653909594718575
20.534670760497818,-8.65548494233761
20.541284838880177,-8.657043281101679
20.54790292032304,-8.65858452495517
20.554524978496193,-8.660108713646089
20.56115086664034,-8.66161582948865
20.567780659846964,-8.66310591482662
20.57441424075749,-8.664578857925642
20.58105160875716,-8.666034725251215
20.587692750592538,-8.667473496369714
20.59433753832509,-8.668895207105907
20.600985974569163,-8.670299785926318
20.607638016045907,-8.671687222494867
20.61429364213461,-8.673057476960297
20.62095269323228,-8.674410679840495
20.627615248853544,-8.675746692852787
20.63428118139991,-8.677065490215409
20.640950551179813,-8.678367111486407
20.647622947968678,-8.679651160463322
20.654298499726075,-8.68091543311372
20.660978102558733,-8.682159294733172
20.667661545352754,-8.683384008470744
20.67434828112331,-8.684589608810128
20.681038488609875,-8.685775379161617
20.68773223634939,-8.686941536424822
20.694429383263476,-8.688088258325264
20.70112968858112,-8.689215542350365
20.707833320124685,-8.690323136643332
20.714540182545246,-8.691411144494795
20.72125017732429,-8.692479636425501
20.727963254285026,-8.693528508811012
20.734679425250253,-8.694557752392647
20.741398541106488,-8.695567453617079
20.74812057128504,-8.696557520040017
20.754845449585755,-8.697527880274304
20.761573151712884,-8.69847867364733
20.768303596089794,-8.699409755161579
20.775036674406206,-8.700321232868976
20.781772412343418,-8.701213001611514
20.78851077056772,-8.702085120559143
20.79525161061722,-8.702937628131508
20.801994916126464,-8.703770439767657
20.80874063426184,-8.70458354685062
20.815488704089244,-8.705376962808279
20.822239070624423,-8.706150673891454
20.828991689356,-8.706904744333889
20.83574643911612,-8.707638974631834
20.84250328672175,-8.70835360089292
20.8492622239638,-8.709048388813779
20.856023112484543,-8.70972352916056
20.86278596381663,-8.710378859558661
20.869550706116573,-8.711014433908321
20.876317284942687,-8.711630246285926
20.883085673436003,-8.71222630848907
20.889855742636378,-8.712802666701544
20.896627439694253,-8.713359221047375
20.90340076113791,-8.71389604233195
20.910175580510508,-8.71441302402863
20.916951930586315,-8.714910286571072
20.923729671458855,-8.71538780552935
20.930508470862726,-8.715845082237054
20.937288131709288,-8.716280053072797
20.944069446174616,-8.716691943837324
20.95085235726003,-8.717082074097016
20.957636255486264,-8.717450424300871
20.964421241368925,-8.717796421626263
20.971207425447144,-8.71812003120168
20.977994672314296,-8.718421700914732
20.984782822118422,-8.71870127571534
20.99157182911412,-8.718958638302338
20.998361687107007,-8.719193842316065
21.005152269637605,-8.719406944327204
21.01194351373642,-8.719597828770711
21.018735296704588,-8.719766655951679
21.025527626429806,-8.719913316794532
21.032320376024554,-8.720037797452187
21.039113501769126,-8.720140099878595
21.045906937198428,-8.720220223626145
21.052700620745767,-8.720278167144869
21.05949445555257,-8.720313988475432
21.066288339603922,-8.720327630372337
21.073082247826477,-8.720319099087861
21.079876056571774,-8.720288329984957
21.086669767457877,-8.720235407963404
21.093463253796514,-8.720160392754037
21.100256462859495,-8.72006319694356
21.107049325128873,-8.71994382079701
21.11384176883362,-8.719802288253288
21.120633728520584,-8.719638597230574
21.127425108189858,-8.719452828850715
21.13421583570189,-8.719244800857075
21.141005823985072,-8.719014726917727
21.147795036234736,-8.718762419562797
21.154583405237144,-8.718487943587881
21.16137084480964,-8.718191365372126
21.168157281299287,-8.717872654374233
21.174942646715813,-8.71753173721932
21.181726858901367,-8.717168629590603
21.18850983497001,-8.716783494246968
21.195291522190608,-8.716376130596228
21.202071833384494,-8.715946758217877
21.208850716998192,-8.715495204173868
21.215628100353328,-8.715021540203026
21.222403531702998,-8.714525420356262
21.229176521444533,-8.714004776998012
21.23594810292241,-8.713459150577872
21.24271880252438,-8.712891803729462
21.249487324171696,-8.71230377207669
21.256253420339995,-8.711693063730582
21.26301773843127,-8.711059716875866
21.26978014832732,-8.710404672673569
21.276540198543817,-8.70972781168136
21.283297942789257,-8.709028576171049
21.29005350741578,-8.708307297793443
21.296806689651742,-8.707564146976779
21.303557350605114,-8.706798925843502
21.310305501865436,-8.706011583465214
21.31705069293011,-8.705201931012887
21.323792282774036,-8.704367943926677
21.33053089332414,-8.703508701616185
21.337266673153465,-8.702625430044368
21.34399911397574,-8.70171830156511
21.350728070243015,-8.700786634411795
21.357453737785974,-8.699830550150566
21.36417599238561,-8.698850433433352
21.370894595841282,-8.697846080537529
21.377609524790078,-8.696817359480498
21.38432071364758,-8.695764478495697
21.39102807829844,-8.694687379610379
21.397731453976252,-8.693586206707328
21.40443124755073,-8.692461092505612
21.411127986362345,-8.691314182059065
21.417820494256812,-8.690146116083971
21.42450775229291,-8.688953619031548
21.431190848146446,-8.687735617742224
21.437870020086173,-8.686494041268963
21.444544454246078,-8.685228977749597
21.45121403707767,-8.6839395233101
21.457879072329067,-8.682625624503649
21.464539445692875,-8.681288177107023
21.471194829241146,-8.679926678374049
21.477845247190626,-8.678540986884935
21.48449070292788,-8.677131320505802
21.491131019941427,-8.675697784203921
21.4977660841206,-8.674240339880681
21.504395882354334,-8.672758952789097
21.51102028315817,-8.671253617547322
21.51763921254051,-8.669724506178735
21.524252543099017,-8.668171433135488
21.530860273356154,-8.6665946228143
21.537462275633857,-8.664993983292955
21.544058460646536,-8.66336951647098
21.55064875325554,-8.6617212581318
21.557233068483495,-8.660049233086847
21.563811276242884,-8.658353486756418
21.57038336515614,-8.656634081935435
21.576949162677327,-8.654890953981514
21.58350865001125,-8.653124133955556
21.590061711082623,-8.65133364915823
21.596608266774084,-8.64951960417521
21.603148271223784,-8.647681987531803
21.609681598792307,-8.645820740305865
21.616208180195372,-8.643935942408513
21.622727930925308,-8.642027615449614
21.62924073903602,-8.640095834309886
21.6357465475329,-8.638140561921789
21.642245229525816,-8.636161817813765
21.648736751622458,-8.63415970072442
21.655221008790996,-8.63213413661433
21.66169789731233,-8.630085210890595
21.668167397881675,-8.628012999971208
21.674629379059123,-8.62591744311478
21.681083760193072,-8.623798563895356
21.68753046553795,-8.62165641487549
21.693969393706773,-8.619491085863906
21.700400454162967,-8.617302464832981
21.706823574140962,-8.61509077959697
21.713238678890313,-8.612855875322992
21.719645692204573,-8.610597846717235
21.726044514365746,-8.60831671139901
21.732435077519668,-8.60601257376966
21.73881731518513,-8.603685427244592
21.745191105823295,-8.601335219895088
21.751556372049198,-8.59896197773621
21.757913042729292,-8.59656596101727
21.764261018525456,-8.594146894266737
21.770600216355355,-8.591705074044182
21.77693057414253,-8.589240340760307
21.78325200888874,-8.586752788351372
21.78956443586935,-8.58424244562046
21.795868214458384,-8.581709584142315
21.80216436890427,-8.57915615294255
21.808452303124284,-8.576583094639426
21.814731399391846,-8.573989395562915
21.821001513422715,-8.571374420573266
21.82726176019668,-8.568737251055921
21.833512248949198,-8.566076792411545
21.839753375025627,-8.563393761411069
21.845984850406722,-8.560688643960543
21.85220682762125,-8.5579611663772
21.85842049889781,-8.55521307757335
21.86462549520295,-8.552445924667161
21.870820935364364,-8.549658291564782
21.877007237277383,-8.54685005034656
21.883184546646795,-8.544021744390076
21.88935258703194,-8.541173626588883
21.895511161921497,-8.538305175542442
21.90166039931217,-8.535416529685012
21.90780023423876,-8.532507934653545
21.91393052159183,-8.52957939629727
21.920051220267386,-8.526630815159018
21.926162276123073,-8.523662223061741
21.932263626087895,-8.52067373891219
21.93835518141571,-8.517665343174246
21.94443688792354,-8.514637125542409
21.950508636493026,-8.511588992342258
21.956570453262533,-8.508521217868964
21.96262217590634,-8.505433593651661
21.968663834391545,-8.502326308441118
21.974695305821225,-8.499199281593922
21.980716547371767,-8.496052587748057
21.98672749543181,-8.492886252761
21.992728075206948,-8.489700303050089
21.998718248176317,-8.48649483721814
22.004697925260054,-8.483269837840956
22.01066702709279,-8.480025369320446
22.016625494351356,-8.476761365386736
22.022573278453535,-8.473477957894012
22.028510362052664,-8.470175215028403
22.034436630138106,-8.466853097525275
22.040352022107907,-8.463511637979346
22.04625648706087,-8.460150893483796
22.052149961326723,-8.456770952501723
22.058032338348113,-8.453371742993827
22.063903616013683,-8.449953453862305
22.069763696136498,-8.446515971753575
22.075612537849743,-8.443059383243792
22.081450064359622,-8.439583711297551
22.08727624285053,-8.436089054058433
22.093091011274836,-8.43257542274393
22.09889424853109,-8.429042763708456
22.104685943176356,-8.425491257815688
22.11046598866204,-8.421920814008665
22.116234359929926,-8.418331562265674
22.121991005897627,-8.414723523107751
22.127735843198405,-8.411096697712642
22.133468823636676,-8.40745114642107
22.13918988311676,-8.403786904701679
22.144898984465467,-8.400104090942113
22.15059600024814,-8.396402609111984
22.156280916808527,-8.392682593553456
22.161953653805934,-8.3889440460577
22.16761415725315,-8.385186983411515
22.173262398125345,-8.381411512489754
22.178898313331604,-8.377617649975328
22.18452179515252,-8.373805365126195
22.190132814463084,-8.36997474235556
22.195731285314984,-8.366125799144642
22.2013172014617,-8.362258698513129
22.206890447119207,-8.358373388311767
22.212450975010288,-8.354469883652136
22.217998745847428,-8.350548256740447
22.22353369646316,-8.346608545397004
22.229055763078193,-8.342650802446379
22.23456493488908,-8.33867511854441
22.24006108834747,-8.334681463810174
22.245544163676236,-8.330669880114561
22.251014115128704,-8.326640449205824
22.2564708709853,-8.322593161854273
22.261914438073482,-8.318528150290081
22.267344685154868,-8.314445346613788
22.272761587198318,-8.310344837069545
22.278165085789464,-8.306226663780288
22.28355509820068,-8.302090850431489
22.288931649904576,-8.297937585192257
22.294294559364513,-8.29376671849265
22.29964385903104,-8.289578439353404
22.304979440751172,-8.285372682799364
22.310301277395688,-8.281149548975437
22.31560935637762,-8.276909127807437
22.320903561499012,-8.272651391402682
22.326184346749194,-8.268376460176869
22.331453157010706,-8.264085798325581
22.336709934498966,-8.259780788020029
22.341953651316118,-8.255460343897267
22.3471845546514,-8.251124099141716
22.35240304690388,-8.246772752530182
22.3576088762485,-8.242406461944409
22.36280176985395,-8.238024829873973
22.367981871992033,-8.23362794465177
22.37314919653249,-8.229216044552755
22.378303583723326,-8.224789091899792
22.38344499213355,-8.220347049387549
22.38857349278973,-8.2158900913011
22.393688891008214,-8.211418121868418
22.398791240246222,-8.206931324908545
22.403880446002578,-8.202429624507069
22.40895648249354,-8.197913066534841
22.41401931420421,-8.193381706436844
22.419068889059915,-8.188835564704652
22.42410516939476,-8.184274689336128
22.429128159887703,-8.17969917582831
22.434137755854827,-8.175108995457775
22.439133911360745,-8.170504183593428
22.444116613741947,-8.165884833545219
22.449085740721628,-8.161250897813458
22.454041403611257,-8.1566025990766
22.45898341147296,-8.151939769592085
22.463911798894237,-8.147262540817414
22.468826560071676,-8.142570990935438
22.473727593665927,-8.137865095695528
22.478614858916348,-8.133144890700033
22.483488327686985,-8.128410430281475
22.48834795433275,-8.123661750681562
22.493193721913205,-8.118898952393794
22.498025496093565,-8.114121964381122
22.502843356520312,-8.109330979879687
22.507647176057084,-8.104525910568764
22.512436960736267,-8.099706852803674
22.517212646933945,-8.094873811089055
22.521974208954603,-8.090026841272358
22.52672160362713,-8.085165982308988
22.531454790773857,-8.080291278670915
22.53617377750183,-8.075402823901648
22.54087845516966,-8.070500603109252
22.54556878499285,-8.06558465273564
22.55024472285211,-8.060655044342825
22.554906289395937,-8.055711851820138
22.55955335977684,-8.050755031816848
22.564185949684884,-8.045784659713364
22.5688040101258,-8.040800774677463
22.573407548735602,-8.035803471648231
22.57799646484083,-8.030792732297844
22.58257123949619,-8.02576859957
22.587133536426474,-8.020732297323558
22.591683499564972,-8.01568518252084
22.59621997349114,-8.010626329291448
22.60074315657906,-8.005555346722923
22.605253559051885,-8.000472829897038
22.60975095297208,-7.995378976418545
22.6142350260709,-7.990273423068873
22.618705941502117,-7.985156225544553
22.62316375367519,-7.980027604248549
22.62760830141276,-7.974887532356096
22.632039572559794,-7.969736028910757
22.636457535324897,-7.964573061305276
22.640862250380167,-7.959398841664861
22.6452535674161,-7.954213248621927
22.64963152016302,-7.949016360162924
22.653996072279973,-7.943808198467958
22.658347197497164,-7.938588809883782
22.662684858591255,-7.933358214412587
22.667009034549714,-7.928116446351496
22.671319745185144,-7.922863599746389
22.675616860241615,-7.917599653483248
22.679900426304666,-7.912324685799764
22.68417032440256,-7.907038639832211
22.68842667213116,-7.901741711714358
22.692669318520128,-7.896433781739316
22.696898278221845,-7.891114928450312
22.701113523470315,-7.8857851841591815
22.7053150726862,-7.880444638267962
22.709502837930707,-7.875093271824151
22.713676786904532,-7.869731121878166
22.717836923312696,-7.86435825418659
22.721983137094213,-7.8589746504326286
22.726115550305806,-7.853580484858179
22.730234006427388,-7.848175632335591
22.734338532633732,-7.842760176368356
22.738429145172553,-7.83733420454126
22.74250575567713,-7.8318976994589065
22.746568337828016,-7.826450693197729
22.750616879806945,-7.820993232972755
22.754651370540426,-7.815525381293726
22.758671693652854,-7.810047132428847
22.76267797045238,-7.804558610894985
22.766670019344225,-7.799059733183233
22.770647959014475,-7.7935506400759955
22.774612199627065,-7.7880312509264416
22.778564574905243,-7.78250259530024
22.782505254764434,-7.776965849197896
22.786433136886178,-7.771420361428869
22.79034842222878,-7.7658657331318555
22.794251509597537,-7.760302418023464
22.798142310422325,-7.754730684174612
22.80202043223974,-7.749150151151972
22.80588611237377,-7.743560899687373
22.809739391934123,-7.73796308762012
22.81358013855732,-7.732356711464684
22.81740831222402,-7.726741715138277
22.821223968641636,-7.721118160106569
22.825027124101315,-7.715486190170283
22.828817633447468,-7.709845704613984
22.832595535178555,-7.70419678581414
22.836360828353374,-7.698539432254261
22.84011348182659,-7.6928737203579916
22.843853466764095,-7.687199619112704
22.847580777672814,-7.681517169053421
22.851295395414173,-7.67582639294303
22.85499734305159,-7.670127373735508
22.858686544449018,-7.664420089224176
22.862362964615333,-7.6587045720392934
22.866026645812127,-7.652980886311631
22.86967749418577,-7.647249014620849
22.87331556408059,-7.641509060037345
22.876940812602417,-7.6357609847275425
22.8805532030137,-7.630004824097739
22.884152740900788,-7.624240606893127
22.88773940683889,-7.618468361281876
22.891313171353385,-7.612688103694126
22.89487405432384,-7.606899888641126
22.898422030721793,-7.601103757678958
22.90195703201902,-7.59529969634332
22.905479039759083,-7.589487743391374
22.908988119955094,-7.5836679931610504
22.912484157561426,-7.577840399868639
22.915967168923796,-7.572005050065377
22.919437162845988,-7.566161937471231
22.92289408449656,-7.560311085524433
22.92633844616249,-7.554452419877408
22.929772176127,-7.54858679474224
22.93319555116408,-7.542715345202786
22.936607445599666,-7.536837556969223
22.94000792597739,-7.530952945381758
22.943397573999793,-7.5250619494408495
22.946776158800965,-7.519164802129906
22.950143429440136,-7.513261207711356
22.953499520952313,-7.507351160327335
22.95684455008725,-7.501434839989858
22.96017836580678,-7.495512217956203
22.963500978178253,-7.4895832976514125
22.966812393465133,-7.4836481025295125
22.9701125610214,-7.477706642809703
22.973401546153173,-7.471759043678876
22.976679229071046,-7.465805166408075
22.979945696900824,-7.459845170228256
22.983200886493897,-7.453878987534558
22.98644478890594,-7.447906630319394
22.989677451584033,-7.441928187299269
22.992898809994742,-7.435943641040927
22.996108847966216,-7.4299530073142055
22.999307530326575,-7.423956286446464
23.00249494566948,-7.417953618095157
23.00567098402921,-7.411944904148131
23.00883564146669,-7.405930225993071
23.011988918164246,-7.399909529718025
23.01513086697355,-7.393882929971067
23.018261414086762,-7.387850395916528
23.02138055024851,-7.381811945553713
23.024488241981537,-7.375767581791941
23.027584577356325,-7.36971744239109
23.030669428478326,-7.363661402775363
23.03374287003433,-7.357599596124931
23.036804841353074,-7.351531968782548
23.039855352514007,-7.345458561939411
23.042894396194157,-7.33937938579594
23.04592194905047,-7.33329452595838
23.048937982846926,-7.3272039135280504
23.051942531804794,-7.321107675885126
23.054936031610012,-7.315005594929294
23.05792050508692,-7.308898386103835
23.060896351022922,-7.302787216660865
23.06386229360224,-7.296671588730344
23.066818476055126,-7.290551003324844
23.06976546792888,-7.284425896953159
23.072703125314522,-7.2782964261431555
23.07563108212702,-7.272162379534125
23.078549556341425,-7.266023706240784
23.081458646468715,-7.25988055040177
23.084358258155106,-7.25373297601081
23.08724830190342,-7.247580877796138
23.09012884068668,-7.241424322966747
23.0929998987557,-7.235263330034517
23.09586137652781,-7.2290979059275635
23.098713343979107,-7.222928108567105
23.101555759993023,-7.216753879653365
23.104388622211378,-7.210575232517385
23.10721196336501,-7.2043922472286
23.11002573585534,-7.198204894510683
23.112829937686982,-7.19201319140336
23.115624548322945,-7.185817148017576
23.118409602641577,-7.179616861108232
23.121185064036993,-7.173412219056068
23.123950914499083,-7.167203346430587
23.126707166727062,-7.160990146182309
23.12945385701045,-7.154772730141468
23.132190929001105,-7.148551068948198
23.134918375618096,-7.142325174303797
23.137636166241585,-7.136095038872966
23.140344871324114,-7.129860626640736
23.143046438072027,-7.123622426059226
23.145741257688886,-7.117381588193921
23.14842817026155,-7.111137605302551
23.151107279648343,-7.104890079162888
23.153779178014762,-7.098639338689779
23.156443659998665,-7.0923855719967595
23.159100408566292,-7.086128535615356
23.161749654298088,-7.079868271159869
23.164391468777353,-7.073604846157698
23.1670257248618,-7.0673383283839994
23.16965236612015,-7.061068548780627
23.172271544410016,-7.054795642780981
23.174883197437993,-7.048519608694697
23.177487277324595,-7.0422404297080465
23.180083800834993,-7.035958104605263
23.18267276877458,-7.029672631984532
23.185254205283318,-7.02338413618697
23.18782804415692,-7.017092496552008
23.190394291263004,-7.010797771506028
23.192953019832412,-7.0045000187749515
23.195504149962154,-6.998199171821033
23.19804769604065,-6.991895235184465
23.200583677241582,-6.985588230415313
23.20311210260877,-6.979278204160463
23.205632927330708,-6.972965131009212
23.2081461687527,-6.9666490244441786
23.210651798278093,-6.960329869333029
23.213149873465948,-6.954007783995457
23.215640316332482,-6.947682659509854
23.21812359363835,-6.941354372126887
23.22060187461185,-6.935023498261681
23.22307549584626,-6.928691015636703
23.225543276979085,-6.922356551799072
23.228005252023014,-6.916019590811909
23.23046213950561,-6.90968055093827
23.23291368861771,-6.9033396112124645
23.235359573302045,-6.896996493589908
23.237799985104864,-6.890651216914151
23.240235084693555,-6.884303897942364
23.24266470421802,-6.877954526413002
23.245088817714205,-6.871603023895576
23.247507483545085,-6.86524938811515
23.249920758966738,-6.858893729684657
23.252328550586018,-6.85253599650349
23.254730837668905,-6.846176173373706
23.257127724468504,-6.839814349915606
23.259519108970093,-6.8334504425543825
23.26190502648611,-6.82708451308553
23.264285478905805,-6.820716513468648
23.266660441701784,-6.8143464321325435
23.269029973380167,-6.807974343978444
23.271394028450928,-6.801600228970352
23.2737525908381,-6.795224067010818
23.276105705676123,-6.78884593585485
23.27845330751574,-6.7824657489166915
23.28079545100467,-6.776083582423382
23.283132118791666,-6.769699386211897
23.28546328048564,-6.76331314570931
23.287789000807813,-6.756924933512636
23.29010923218959,-6.750534721687152
23.292423984532775,-6.744142528853851
23.294733214860944,-6.737748343177819
23.297036946336302,-6.731352180157937
23.299335218856537,-6.724954083608274
23.30162797796866,-6.71855399650414
23.303915218856893,-6.712151901680222
23.30619700532337,-6.705747871240315
23.308473291020743,-6.699341878864149
23.310744045641464,-6.692933923634643
23.313009349662988,-6.686524074685476
23.315269101681046,-6.680112238808479
23.317523853501932,-6.6736983259567975
23.319775636039484,-6.667282693966728
23.322024943988964,-6.660866374459448
23.324270578306038,-6.6544490953678235
23.326512542269956,-6.648030329456006
23.32875151104329,-6.641610408560443
23.33098727139149,-6.635189502126802
23.3332195080076,-6.628767413767124
23.335448452985293,-6.622344124239648
23.337674188804414,-6.615919707518854
23.33989656141948,-6.609494151571925
23.342115608265118,-6.603067435430256
23.344331367753142,-6.596639557864722
23.34654381225087,-6.590210555369307
23.348752966798546,-6.5837804593009235
23.350958752762516,-6.577349176565533
23.353161274632033,-6.570916805175906
23.355360473815235,-6.564483277886135
23.357556316925944,-6.558048589183191
23.359748886987084,-6.551612780340581
23.361938142907004,-6.545175839967492
23.364124082864684,-6.53873777482664
23.366306681390192,-6.532298573604808
23.368485953016357,-6.5258582617038945
23.370661944872165,-6.519416870124144
23.37283457067241,-6.51297432117743
23.37500390808857,-6.506530685650509
23.377169922717748,-6.500085915628958
23.379333086566696,-6.493639830859122
23.381495479044325,-6.487192807667777
23.383657620196058,-6.480745907280351
23.385818270756637,-6.474298819848593
23.38797744597726,-6.467851053009063
23.390135804228084,-6.461402915423347
23.39229268246542,-6.454954772118775
23.394445701150982,-6.448506031051494
23.39659459173506,-6.442055613479064
23.398741116524427,-6.435603745821895
23.40088721101021,-6.429151318915359
23.403032679574704,-6.4226989913031485
23.40517654391969,-6.416246271371607
23.40731913312471,-6.409792898613676
23.409460971513184,-6.403339283842531
23.41160165594342,-6.396885405085198
23.41374106499305,-6.390431097870578
23.415879429797606,-6.383976400976728
23.418016751223846,-6.3775213697236435
23.420152919625277,-6.371065979847166
23.422287959480173,-6.364610190032967
23.42442192120467,-6.358154025992655
23.42655478836906,-6.351697503987091
23.42868652832612,-6.3452406023876575
23.430817143605775,-6.338783341653468
23.432946660832453,-6.332325718887747
23.435075076169788,-6.325867763130156
23.437202358208065,-6.319409431436679
23.439328548675718,-6.312950744500563
23.44145362959352,-6.3064916752045885
23.443577588511324,-6.300032228559206
23.445700457879436,-6.29357241619146
23.447822221397995,-6.287112235075304
23.449942879132962,-6.280651681972899
23.45206241680585,-6.2741907620052535
23.454180861407767,-6.267729512466868
23.456298170307896,-6.261267893980834
23.45841437747398,-6.254805916445971
23.460529476617054,-6.248343588631444
23.462643471253834,-6.241880887763085
23.46475636097373,-6.235417815069997
23.466868131346743,-6.228954363462379
23.468979273246887,-6.222490339871342
23.471091881023984,-6.2160261489591475
23.473206422579203,-6.2095628183654155
23.475321680431062,-6.203100047294242
23.477437190130793,-6.196637519834116
23.479551555601144,-6.190175152874156
23.48166414339353,-6.183712128056269
23.483776281996953,-6.177248319954346
23.485890191226996,-6.170784551780587
23.488005850780194,-6.16432167679732
23.49012159292975,-6.15785938808513
23.49223573790056,-6.1513969831129245
23.49434824275448,-6.144933785264023
23.49646055561191,-6.138470011290714
23.49857444275247,-6.13200630211518
23.500690022475847,-6.125543429165918
23.50280628964602,-6.119080959822813
23.504923466129185,-6.112618590111571
23.50704203635443,-6.106156614207859
23.509161751717297,-6.0996951253435565
23.51128242639892,-6.093233943075754
23.51340422796592,-6.086773054993564
23.515527222944403,-6.08031256773121
23.517651284338076,-6.073852489840687
23.51977642090825,-6.06739275779135
23.521902693153827,-6.060933389292183
23.52403006953548,-6.054474419084276
23.526158552854177,-6.048015798919014
23.52828815412114,-6.041557527568124
23.5304188648146,-6.0350996152978205
23.53255068542499,-6.028642068479704
23.534683606218575,-6.022184886556528
23.536817639862342,-6.015728083870443
23.53895278910577,-6.009271654329053
23.541089022275372,-6.002815601497561
23.54322637753745,-5.996359905543278
23.545364858590514,-5.989904570666404
23.547504434714345,-5.983449593545535
23.549645120513965,-5.97699497936516
23.551786918072846,-5.97054072429795
23.553929834031837,-5.964086843618083
23.55607382803681,-5.957633348030731
23.558218955369878,-5.951180232875543
23.56036518377404,-5.944727485220771
23.56251251399087,-5.938275114666641
23.564660955419534,-5.931823102783916
23.566810507996628,-5.925371449849998
23.568961185786755,-5.918920162454324
23.57111297020809,-5.912469233355857
23.573265856310638,-5.90601866728734
23.57541984001446,-5.899568475838571
23.577574951754524,-5.893118669329216
23.579731166072072,-5.886669239531557
23.58188846510134,-5.880220192207335
23.58404689135513,-5.8737715181391765
23.586206909112555,-5.867323017485561
23.58837057735339,-5.860875089722916
23.590538381352605,-5.854428750854658
23.59270913299181,-5.847983700363962
23.5948828685004,-5.841539450100986
23.59706021484348,-5.835096305675573
23.599241006549043,-5.82865446674518
23.60142488584328,-5.822213730662599
23.60361209473138,-5.815774045152474
23.605802712900015,-5.809335535019522
23.607996645458616,-5.802898183946367
23.610193816969336,-5.796461920480537
23.612393857164466,-5.790026962445129
23.61459469368824,-5.783592928889314
23.616796280239633,-5.777158585943767
23.619001880274052,-5.770724647776314
23.621211989571183,-5.764292686842918
23.623424692456,-5.75786206091598
23.625640258224674,-5.751432088978519
23.627859625626126,-5.745003265918878
23.6300824507536,-5.7385758521217465
23.632308275998266,-5.732149497366625
23.634537407808526,-5.7257241550017435
23.63677003989495,-5.719300052896536
23.639005934303352,-5.712877161439396
23.641245015935,-5.706455371069939
23.643487491187376,-5.70003472897972
23.645733279664828,-5.693615261263585
23.647982348218484,-5.687196947029753
23.65023471256013,-5.680779762640069
23.652490404789518,-5.674363733109336
23.65474943302584,-5.667948887435967
23.6570117007651,-5.661535203294764
23.659277312824226,-5.655122701299667
23.66154623478276,-5.648711378848306
23.663818435260843,-5.642301213122717
23.666093944901714,-5.635892212577281
23.668372760217117,-5.629484374356605
23.670654873283613,-5.623077706712553
23.672940305184966,-5.616672237201622
23.675229043701922,-5.610267946963992
23.67752103425048,-5.603864834503528
23.67981635869615,-5.597462919332259
23.682114957365133,-5.591062173062895
23.684416862373194,-5.584662608181664
23.6867220662214,-5.578264219836345
23.689030568084007,-5.571867009246533
23.691342408375256,-5.565471000193035
23.693657479561413,-5.559076177320251
23.69597588384079,-5.552682567946721
23.698297584687467,-5.546290166021952
23.700622539723764,-5.5398989580899825
23.702950796585473,-5.533508946523479
23.70528239205157,-5.527120144429026
23.707617243515802,-5.520732521870465
23.70995538932593,-5.514346099263308
23.71229682983251,-5.5079608742842625
23.714641560857256,-5.501576846035874
23.716989609430417,-5.495194036538601
23.719340885194534,-5.488812434402701
23.721695493741674,-5.482432076394952
23.72405338687629,-5.47605293658523
23.726414524330238,-5.469675012207982
23.728778968345853,-5.4632982946162025
23.731146718973015,-5.456922801107786
23.73351776586015,-5.4505485154631685
23.73589207391655,-5.444175439265575
23.73826967442819,-5.437803583217769
23.740650575530356,-5.431432966531866
23.74303470587102,-5.425063577914196
23.745422157441073,-5.418695442976691
23.747812854977486,-5.412328529913352
23.75020686734179,-5.405962867211303
23.752604138053172,-5.399598422891955
23.755004689032706,-5.39323520421533
23.75740852252211,-5.386873216771905
23.759815670683714,-5.380512473989195
23.76222606141337,-5.374152949141758
23.764639733507646,-5.367794663194901
23.76705670278886,-5.36143763998085
23.76947689669995,-5.355081860525191
23.771900403277918,-5.3487273492626635
23.774327184775117,-5.342374099538238
23.776757198702327,-5.336022096994145
23.779190493191596,-5.329671344476977
23.781627105195792,-5.323321856681382
23.784066952040256,-5.316973601547596
23.786510072075647,-5.31062660027959
23.788956465916616,-5.304280850571447
23.79140612959923,-5.297936351439278
23.793859065791537,-5.291593108712327
23.796315283691783,-5.285251147005248
23.79877476882473,-5.278910459436382
23.801237469245123,-5.272571040358707
23.803703476738402,-5.266232915703496
23.806172721213134,-5.259896047368262
23.808645258876023,-5.253560459378249
23.811121071031486,-5.2472261331309475
23.813600122510266,-5.240893069632528
23.816082444545522,-5.234561280039731
23.81856804533603,-5.2282307839066915
23.821056853360144,-5.2219015688239105
23.823548970975825,-5.215573653372771
23.826044301564796,-5.209247019287101
23.828542923566566,-5.202921675137162
23.831044814706935,-5.196597606943153
23.83354993972954,-5.190274815008729
23.836058330540844,-5.183953310562151
23.83856998173379,-5.177633102015051
23.84108487854363,-5.171314197535223
23.8436030475224,-5.164996603361061
23.84612443404041,-5.158680301949834
23.848649107217405,-5.1523653097945425
23.8511770443871,-5.146051606848945
23.853708210103363,-5.139739193364504
23.856242635334993,-5.133428080695991
23.85878031396962,-5.127118277280495
23.8613212306978,-5.120809791304133
23.86386541207989,-5.114502629111728
23.866412803631075,-5.108196773058172
23.868963475239724,-5.1018922398245214
23.8715174049695,-5.095589009381808
23.874074558316245,-5.089287081810147
23.876634966974823,-5.082986468562603
23.879198614973564,-5.076687166024526
23.88176553085031,-5.07038920921777
23.884335689442935,-5.064092580153309
23.88690903961141,-5.057797275443184
23.889485675831402,-5.051503308153632
23.892065564864676,-5.045210657063119
23.894648671332405,-5.038919321968272
23.897235026273425,-5.032629314473362
23.89982462370164,-5.026340643089938
23.902417448038566,-5.020053315830011
23.905013526181012,-5.013767339108864
23.907612803650213,-5.007482695039848
23.910215350778998,-5.001199400607528
23.912821145429564,-4.994917435849843
23.915430153205065,-4.988636800486226
23.918042405584455,-4.9823575062249645
23.920657895517124,-4.976079547938979
23.923276636558974,-4.96980295173391
23.925898565377302,-4.963527708583012
23.928523761292,-4.957253840713995
23.93115217494017,-4.950981318979031
23.93378384023857,-4.9447101470307055
23.936418712036676,-4.938440317745886
23.93905682108867,-4.932171842833503
23.941698151020038,-4.9259047187068425
23.944342730217617,-4.919638980459633
23.94699053362603,-4.913374610078124
23.949641522979228,-4.90711160470458
23.952295759693428,-4.90084996966114
23.954953242700284,-4.894589697459426
23.95761392820365,-4.888330781216276
23.96027784724126,-4.882073232771786
23.962944992634334,-4.875817046911028
23.96561537771822,-4.869562249901462
23.96828893889865,-4.863308832056176
23.97096576330706,-4.857056809329911
23.973645781296685,-4.850806168308903
23.976329044307136,-4.844556901625836
23.979015502784176,-4.838309004263272
23.981705187250217,-4.832062488031942
23.98439809048207,-4.825817347705369
23.98709422611788,-4.819573609657436
23.989793531150408,-4.813331263908703
23.99249609359538,-4.807090326882579
23.995201844480636,-4.800850784856871
23.997910835971954,-4.794612630596674
24.000623018974405,-4.788375858891419
24.00333842412553,-4.782140481596972
24.006057044096572,-4.775906493400563
24.00877889203988,-4.769673920721913
24.011503904209768,-4.76344275323491
24.01423216800243,-4.757213007826201
24.016963613633248,-4.7509846704091565
24.01969829267466,-4.74475773398797
24.022436155707563,-4.738532193231149
24.025177233229964,-4.732308060167169
24.02792151818207,-4.7260853294945875
24.03066903666601,-4.719864023600842
24.033419698218058,-4.713644129604974
24.036173605800382,-4.707425680519234
24.03893068263362,-4.701208640005387
24.041691012014,-4.694993035838555
24.044454508508416,-4.688778832462439
24.047221215460784,-4.682566050017019
24.04999112541305,-4.6763546831040514
24.052764263850907,-4.670144754185975
24.055540539496324,-4.663936250021611
24.05832005471013,-4.657729203937201
24.061102731981908,-4.6515235793376455
24.06388865428663,-4.645319404471056
24.06667773600629,-4.639116643395296
24.069470020635087,-4.632915316504124
24.072265501218677,-4.62671541839973
24.07506420390383,-4.620516971707517
24.077866038048093,-4.614319962820448
24.08067110675413,-4.608124425432838
24.083479332941238,-4.601930322665216
24.086290799988536,-4.595737683061172
24.089105422243946,-4.589546470230831
24.09192324291984,-4.583356704714654
24.094744254547326,-4.577168381058568
24.097568455679607,-4.57098150064232
24.10039586144772,-4.564796097540886
24.103226449919337,-4.558612161556494
24.106060171353302,-4.552429679759828
24.108897127181724,-4.546248675612986
24.111737217072918,-4.540069130312427
24.11458051164455,-4.533891042074672
24.117427026741897,-4.527714429582327
24.120276688962665,-4.521539257768473
24.12312953661609,-4.515365551112761
24.12598557075171,-4.509193307415852
24.12884477699392,-4.503022524950345
24.131707188317005,-4.496853247637794
24.134572772080755,-4.490685444500287
24.137441479945178,-4.484519116264678
24.140313409510505,-4.478354300315697
24.143188496241745,-4.472190956767317
24.14606676634549,-4.46602909352941
24.148948198211947,-4.459868704048308
24.15183280813116,-4.453709792159229
24.154720591917062,-4.447552356369399
24.15761155226456,-4.441396402175381
24.16050572053041,-4.435241947917765
24.163403024725287,-4.429088958859513
24.166303494788576,-4.422937466763579
24.169207154779425,-4.416787480779451
24.172113945383586,-4.4106389976270854
24.175023929976494,-4.404492032044494
24.177937058916665,-4.398346575981926
24.18085335658724,-4.3922026235791565
24.183772817827226,-4.386060163247549
24.186695445550477,-4.3799191973873945
24.189621256092323,-4.373779744052784
24.192550238583454,-4.367641786181355
24.19548235962085,-4.361505323157331
24.19841762700291,-4.355370369904467
24.20135608607146,-4.34923696098641
24.20429769974981,-4.3431050709493695
24.20724243031336,-4.336974688282891
24.210190336838583,-4.330845818716651
24.213141421879925,-4.324718476510495
24.21609567389211,-4.318592643024007
24.219053051748713,-4.312468326048203
24.222013596558092,-4.306345539400811
24.22497729306625,-4.300224284082347
24.227944155988112,-4.294104571097327
24.230914129255257,-4.2879863774167415
24.23388727173761,-4.281869709579832
24.236863585576693,-4.275754582193634
24.23984305856304,-4.26964097646885
24.242825657366303,-4.263528891241022
24.245811390010537,-4.257418341692415
24.248800302120255,-4.251309362697121
24.251792356348485,-4.245201928604526
24.254787515023455,-4.2390960275184
24.257785837391932,-4.232991665576504
24.26078732587382,-4.22688885725129
24.263791968615944,-4.220787583597219
24.266799732399697,-4.214687843399428
24.26981062476389,-4.208589651830468
24.272824690937945,-4.202493043756621
24.275841892991707,-4.196397993448056
24.278862192652475,-4.190304488841383
24.281885648700236,-4.184212536162073
24.28491226322404,-4.17812215004191
24.287942024110986,-4.172033311473961
24.29097489831558,-4.1659460191811455
24.29401091629188,-4.159860286924388
24.297050085682358,-4.153776135247183
24.300092334771477,-4.147693545449719
24.3031377576159,-4.1416125510449335
24.30618627803719,-4.135533113408396
24.30923796662636,-4.129455269748136
24.312292766552662,-4.123378980333713
24.315350699977717,-4.117304255234858
24.318411768437187,-4.111231099269593
24.321476002672853,-4.10515953224662
24.32454333036273,-4.099089516608026
24.327613767554197,-4.093021084099199
24.33068736095927,-4.086954259663923
24.33376407573168,-4.080889030679562
24.33684387082777,-4.074825377407594
24.339926824319914,-4.068763332117644
24.343012878363798,-4.06270285756659
24.34610206344942,-4.056643971244379
24.349194372455152,-4.0505866668749855
24.352289804251754,-4.044530945649901
24.35538837651653,-4.038476826783845
24.358490064506103,-4.032424297884201
24.361594874762254,-4.026373383539319
24.364702749705216,-4.020324062476761
24.367813779513522,-4.014276367757755
24.37092788739009,-4.008230265546364
24.374045167010053,-4.002185793029069
24.377165521878894,-3.996142896677572
24.380288993105754,-3.990101605092792
24.383415581283852,-3.9840619158807073
24.386545282625725,-3.9780238276004978
24.389678123559236,-3.971987366138651
24.39281401003869,-3.9659525094128694
24.395953050372864,-3.959919303414496
24.399095194030508,-3.9538877198289026
24.402240403073275,-3.9478577455794115
24.40538873700374,-3.9418293877359134
24.408540198225666,-3.9358026615517074
24.411694773985808,-3.9297775473469074
24.414852431350738,-3.923754043215733
24.418013200153855,-3.9177321635122553
24.421177063527573,-3.911711904115285
24.42434404918281,-3.9056933002289953
24.427514130805452,-3.8996763333327187
24.430687256948364,-3.893660995770994
24.433863535537917,-3.887647316748921
24.43704287299748,-3.881635264374569
24.44022531997273,-3.8756248403763722
24.443410869094375,-3.8696160498860683
24.446599551199785,-3.8636089137910172
24.449791294383523,-3.8576033922833464
24.452986135908148,-3.8515995124894213
24.45618408905967,-3.845597300532957
24.459385081422102,-3.839596728182641
24.4625892022697,-3.8335978296629247
24.46579637562434,-3.827600571157459
24.469006680493923,-3.821604991231841
24.472220050848115,-3.815611046903435
24.47543651146906,-3.809618748707369
24.47865606040481,-3.8036280975145256
24.481878715342518,-3.797639112956444
24.48510446472409,-3.7916517772447094
24.488333243196347,-3.7856661014264983
24.491565147084188,-3.7796821225269706
24.494800128325053,-3.773699809043918
24.498038151120607,-3.7677191623544757
24.501279299136918,-3.7617401984667396
24.504523501040392,-3.7557628831338348
24.507770786873408,-3.749787236650564
24.51102115689375,-3.7438132565012183
24.514274606951343,-3.7378409410644045
24.517531139248124,-3.731870295487062
24.520790759462955,-3.725901349537606
24.524053452174233,-3.7199340890431687
24.52731916363751,-3.7139685047297673
24.53058799898435,-3.7080046249127565
24.5338598575197,-3.7020424211370715
24.53713482318036,-3.6960819122528354
24.54041287018386,-3.6901230800019875
24.543693965072208,-3.684165921202432
24.54697813757044,-3.6782104506799636
24.55026538121924,-3.672256662657993
24.553555720920876,-3.66630458199067
24.556849063694212,-3.6603541878136574
24.56014551369159,-3.6544055203394534
24.563445024214893,-3.6484585632932
24.566747554415468,-3.642513294887044
24.570053168014084,-3.636569724194838
24.573361849536507,-3.6306278507518734
24.576673628711532,-3.6246876960769567
24.579988433605862,-3.6187492182074807
24.583306301438796,-3.612812445387984
24.586627213620567,-3.606877378802916
24.5899512083275,-3.6009440523286345
24.59327825752134,-3.595012444018518
24.596608318360627,-3.5890825455794646
24.59994146655825,-3.583154384151363
24.60327765518709,-3.577227926303815
24.606616900542488,-3.5713031787220375
24.609959200529758,-3.5653801415393027
24.613304572688552,-3.5594588347985052
24.6166530045662,-3.553539240148657
24.62000445538244,-3.547621363491281
24.623358978213986,-3.541705228947337
24.62671649220418,-3.5357908172051538
24.6300770977578,-3.5298781716913226
24.633440730441464,-3.5239672495438006
24.6368074157302,-3.5180580599268185
24.64017713415878,-3.5121505949814678
24.6435499018389,-3.5062448598162796
24.64692571470068,-3.500340852620262
24.65030457523402,-3.4944385783606426
24.65368651404411,-3.4885380598047853
24.65707142403437,-3.482639269502466
24.660459412295587,-3.4767422518636586
24.663850435260798,-3.470846985899302
24.667244453073142,-3.464953463214202
24.670641529018777,-3.459061695476184
24.674041659161695,-3.4531716756116073
24.677444801588706,-3.4472833916216854
24.680850985271423,-3.4413968587659647
24.68426020383515,-3.4355120710558786
24.68767248233818,-3.429629054123895
24.69108772754507,-3.423747785282828
24.694506044309218,-3.4178683066845506
24.697927353729906,-3.4119905751492037
24.701351741600135,-3.406114628558885
24.704779121459566,-3.4002404206588244
24.708209536259083,-3.394367976618741
24.711642979360626,-3.388497290334528
24.71507947549549,-3.3826283874310152
24.718518931051328,-3.376761244780005
24.72196145066068,-3.3708959048859093
24.725406965935317,-3.3650323394407957
24.728855526910408,-3.359170545958833
24.73230708580471,-3.3533105135404826
24.735761671499336,-3.347452257244605
24.739219277770356,-3.3415957710791706
24.74267992960452,-3.3357410809489996
24.74614353349927,-3.329888163358797
24.74961019444194,-3.324037061210418
24.75307983328507,-3.3181877307104934
24.756552536062376,-3.312340210479669
24.760028216163903,-3.3064944534595773
24.763506916508316,-3.300650485220586
24.766988630486086,-3.294808299634395
24.770473350137223,-3.2889679016053237
24.773961096308,-3.283129327270024
24.77745184432987,-3.2772925497698266
24.780945056712483,-3.2714576600276657
24.784438864507788,-3.2656238475724524
24.78793292905078,-3.2597899285534875
24.791428440835087,-3.2539565295729678
24.794925237785993,-3.2481241095774784
24.798422748817185,-3.2422922583731824
24.801921143737406,-3.236460796606681
24.80542075926197,-3.230630040139191
24.80892133939097,-3.224799964258176
24.81242286957353,-3.218970442973797
24.815925398185467,-3.2131414677805545
24.81942898628776,-3.207313136487642
24.822933554050582,-3.2014854060650393
24.82643910921753,-3.1956582424127906
24.829946226322047,-3.1898316189648632
24.833456246536375,-3.1840064542373026
24.836967480287925,-3.1781830020896304
24.840478641944575,-3.172359591661572
24.843990927432085,-3.1665363251290044
24.847504774065385,-3.1607140662133926
24.851019453459337,-3.1548925823887206
24.854534840985252,-3.1490713980335827
24.858051425964018,-3.1432508059410575
24.861569108048823,-3.1374309645875296
24.865087684379482,-3.1316117024757055
24.868607197784762,-3.125792971850567
24.87212780895045,-3.1199748943997596
24.875649385331513,-3.1141574624932873
24.8791719376914,-3.1083406174464776
24.882695495509143,-3.102524354025589
24.886220074341885,-3.096708704737674
24.889745658629554,-3.090893665485579
24.8932722338575,-3.085079207510886
24.896799810281365,-3.0792653485436774
24.900328374080694,-3.073452102796296
24.903857949027127,-3.067639479741934
24.907388514954384,-3.0618274649874486
24.91092005486885,-3.056016063638322
24.914452610626633,-3.050205277562085
24.91798615330186,-3.04439508810158
24.92152069907844,-3.03858549808119
24.925056246516377,-3.032776505822089
24.92859279902804,-3.02696811587759
24.93213036545314,-3.0211603280451294
24.93566890820296,-3.015353143156186
24.9392084568975,-3.0095465752115524
24.942748967108383,-3.0037406240458333
24.94629049739947,-2.9979352937675117
24.949833005892174,-2.9921305699824385
24.95337652825616,-2.9863264553755946
24.956921036096833,-2.9805229378543774
24.96046654461036,-2.974720024024362
24.964013053098377,-2.9689177092432093
24.96756056127122,-2.963115993342547
24.971109083349212,-2.9573148934188387
24.974658567643385,-2.951514410251874
24.97820905356573,-2.9457145483930387
24.981760537388787,-2.9399153014538646
24.985312990084044,-2.934116667504919
24.988866455538158,-2.92831863791244
24.992420932852962,-2.922521215661169
24.995976392728558,-2.9167243898087993
24.999532849819822,-2.9109281699166565
25.003090306063392,-2.9051325526240923
25.006648771475742,-2.899337549608567
25.010208194650797,-2.8935431646390595
25.013768633422767,-2.8877494011975715
25.017330042405465,-2.881956257258537
25.020892473542066,-2.8761637195253984
25.024455887007484,-2.870371780170895
25.028020297177097,-2.8645804483371125
25.03158569851366,-2.858789725857444
25.03515210463959,-2.8529996255603365
25.03871949621779,-2.84721014782293
25.04228786005305,-2.8414212852775265
25.04585722356115,-2.835633032704933
25.049427603544373,-2.829845391666368
25.0529989648113,-2.8240583499392895
25.056571321989214,-2.818271917134413
25.06014467705506,-2.8124860899112316
25.063719021942276,-2.806700869042
25.067294372325378,-2.8009162822470164
25.070870709161763,-2.7951323097289102
25.074448002599777,-2.7893489609323967
25.078026323656744,-2.7835662359633417
25.081605611930428,-2.7777841225894386
25.08518590307151,-2.772002611798142
25.088767204997968,-2.766221717210795
25.09234949904257,-2.7604414247387146
25.0959327803418,-2.754661739113471
25.09951704107329,-2.748882671046199
25.1031023121997,-2.7431042368821443
25.106688567558567,-2.7373264229722674
25.110275790967357,-2.731549226342144
25.11386401825292,-2.7257726365973824
25.11745325574107,-2.7199966662520554
25.121043484713265,-2.714221299571735
25.124634700372646,-2.70844654129386
25.12822690381921,-2.7026724156357482
25.1318200856375,-2.696898914096071
25.1354142779673,-2.6911260312926992
25.139009430930997,-2.685353772141121
25.142605589303614,-2.6795821186210773
25.146202757620188,-2.6738110845117196
25.149800916646058,-2.6680406554262435
25.153400061452487,-2.6622708360499883
25.157000194191156,-2.6565016367766283
25.160601328070037,-2.650733061437499
25.16420343559104,-2.644965117987433
25.16780652021516,-2.63919780137326
25.17141061641678,-2.6334311057162836
25.17501567996989,-2.6276650285097807
25.17862174410049,-2.6218995628664064
25.182228802793237,-2.616134707200237
25.18583686046081,-2.6103704668686376
25.189445925217544,-2.6046068419104587
25.19305596801281,-2.5988438234224462
25.19666698586705,-2.593081431042444
25.20027901120917,-2.5873196723810628
25.203892017019598,-2.5815585444762585
25.207505981774034,-2.575798043317442
25.21112096441055,-2.5700381668065027
25.214736923424145,-2.5642789012865217
25.218353876249886,-2.5585202522530284
25.221971822222876,-2.5527622149456577
25.2255907612241,-2.547004789304872
25.22921070751199,-2.5412479928139207
25.23283160938258,-2.5354918255507677
25.23645350598501,-2.5297362926669025
25.240076401301,-2.523981382819297
25.243700265412766,-2.5182270904935597
25.247325126361428,-2.5124734166067904
25.250950979809332,-2.5067203559246836
25.2545778254786,-2.500967908294957
25.258205667871113,-2.495216099254773
25.26183448923381,-2.4894649211858164
25.265464275318237,-2.4837143672583233
25.269095065850074,-2.4779644465671398
25.27272683536428,-2.4722151384797786
25.276359596894245,-2.466466450020221
25.279993350006144,-2.460718376092668
25.283628094522168,-2.4549709166179956
25.287263844327793,-2.4492240830851193
25.29090056315217,-2.4434778756045907
25.294538276440584,-2.437732301172122
25.298176940651647,-2.4319873605661435
25.301816614575948,-2.4262430631629095
25.305457259864884,-2.4204993821320997
25.309098914622272,-2.414756325687336
25.312741544056266,-2.4090138810043524
25.316385162544545,-2.403272057910702
25.320029771987766,-2.397530853074764
25.323675371599446,-2.3917902647447384
25.327321965179685,-2.3860503141433935
25.330969526661278,-2.3803110010829585
25.334618060864607,-2.3745723223815127
25.33826759981456,-2.368834272303358
25.341918093204157,-2.363096855123753
25.345569586810644,-2.357360053365918
25.349222084277493,-2.3516238809318537
25.352875566630892,-2.3458883230534013
25.356530029048397,-2.3401533843731888
25.36018548108585,-2.33441906876847
25.363841924435825,-2.328685390658652
25.367499318101295,-2.3229523480389136
25.371157718289318,-2.3172199474519797
25.374817083667608,-2.311488166620625
25.378477457739777,-2.305757017712471
25.38213881543147,-2.300026484546052
25.385801152200916,-2.2942965717918398
25.38946445992654,-2.2885672901399956
25.393128769202864,-2.2828386563465575
25.396794055381267,-2.277110656548572
25.400460301350996,-2.271383287620147
25.404127543324552,-2.265656539456359
25.407795786865023,-2.259930424747696
25.411465013469222,-2.2542049272225597
25.415135218409638,-2.2484800515543126
25.41880641121247,-2.242755801645699
25.422478592985865,-2.237032184413794
25.4261517378866,-2.2313092079842183
25.42982587819004,-2.2255868703437747
25.43350097240122,-2.21986516935959
25.437177067975206,-2.214144113306938
25.4408541380393,-2.2084236755333864
25.44453219436459,-2.202703860762326
25.44821124196925,-2.196984673566897
25.451891288670726,-2.191266114059114
25.455572306135135,-2.185548173094598
25.459254290911655,-2.1798308703672484
25.46293727487792,-2.174114213805225
25.46662123221544,-2.168398200097299
25.470306147834812,-2.162682819761996
25.473992061362924,-2.1569680822265425
25.477678948447462,-2.151253966552224
25.48136682143278,-2.145540480101784
25.48505568001508,-2.139827617660444
25.48874552390617,-2.1341153790569716
25.492436366829395,-2.1284037759277274
25.496128181407027,-2.122692801099445
25.499820976095297,-2.1169824722790604
25.503514720376586,-2.111272783638326
25.50720946594926,-2.1055637407154753
25.51090516640704,-2.099855331760261
25.514601882176297,-2.0941475648887695
25.518299561472855,-2.088440416169854
25.521998223744422,-2.0827338985943116
25.52569787086686,-2.0770280086865935
25.529398502203442,-2.0713227447037825
25.533100131138895,-2.065618121467758
25.53680269731694,-2.0599141395197447
25.540506267205348,-2.054210811647224
25.54421080947914,-2.0485081245509056
25.547916306815253,-2.042806074628877
25.551622795509804,-2.037104652010241
25.55533028136387,-2.031403869670864
25.559038745829426,-2.025703711129233
25.562748184373667,-2.0200041811157057
25.566458606622792,-2.014305283726332
25.57017000442768,-2.008607018206642
25.57388239238418,-2.002909405558895
25.57759575163724,-1.9972124353545495
25.58131005506551,-1.991516111633817
25.585025359012555,-1.9858204399147192
25.58874163267303,-1.98012539530452
25.592458888446274,-1.9744309805408218
25.59617713128045,-1.9687372001866805
25.599896368744297,-1.963044054305698
25.60361657251337,-1.957351533503619
25.60733773894823,-1.9516596573974876
25.611059899831105,-1.945968434114432
25.614783029559575,-1.94027786025261
25.618507113188755,-1.9345879262900672
25.622232187367604,-1.9288986233418721
25.625958248017866,-1.9232099565368797
25.629685302528777,-1.9175219256583218
25.633413322634855,-1.9118345212651755
25.637142303084115,-1.9061477724933333
25.6408722663756,-1.9004616758018922
25.64460321439341,-1.8947762203623308
25.648335110908352,-1.8890914085846906
25.65206799717928,-1.8834072287528687
25.655801868991276,-1.877723686349737
25.6595367336029,-1.8720407811518553
25.66327256273494,-1.8663585036254304
25.667009352768066,-1.8606768734106776
25.670747135496576,-1.8549958987679778
25.67448587904845,-1.849315572531796
25.678225590181448,-1.8436358925486787
25.681966281517795,-1.8379568451161241
25.685707957225354,-1.832278437813229
25.689450624930558,-1.8266006691819774
25.69319425641326,-1.820923529608481
25.69693884637403,-1.8152470482438927
25.700684425416693,-1.8095712139218496
25.704430968347072,-1.8038960306634397
25.708178478347754,-1.7982214939881975
25.711926967568232,-1.7925475910917652
25.71567644018522,-1.7868743296215641
25.719426903700263,-1.7812017080661506
25.723178329966736,-1.7755297167562434
25.726930715421346,-1.7698583754008397
25.73068409183789,-1.7641876923920181
25.73443842735962,-1.7585176604748136
25.738193728733993,-1.7528482774847385
25.741950008543476,-1.7471795297373252
25.74570727098674,-1.7415114248342596
25.749465523579634,-1.7358439612751178
25.753224738171436,-1.7301771293648422
25.75698491111778,-1.7245109487678782
25.760746074135444,-1.7188454278752219
25.764508195322936,-1.7131805593665945
25.768271281344205,-1.7075163410424483
25.77203534477964,-1.7018527591955466
25.77580038979554,-1.6961898214351347
25.77956642390832,-1.6905275262569803
25.783333419074335,-1.6848658639723018
25.787101371707404,-1.6792048543042355
25.79087031356227,-1.6735445057357765
25.79464021279415,-1.667884810942803
25.798411076078068,-1.6622257677419574
25.802182916047972,-1.6565673624484352
25.80595573683175,-1.6509096026792887
25.80972954590095,-1.6452524869048935
25.813504315241914,-1.6395960053927237
25.817280050777168,-1.633940175988343
25.821056769086546,-1.6282849999507247
25.824834431131617,-1.6226304844548345
25.828613069518113,-1.6169766304393034
25.832392678730532,-1.6113234123342304
25.836173267734914,-1.605670841037358
25.839954844006936,-1.6000189149762398
25.843737379677467,-1.5943676244515819
25.847520871127223,-1.5887169892380018
25.851305350020393,-1.5830670178788087
25.855090784513063,-1.5774177029410845
25.858877181226042,-1.571769042232572
25.862664552843782,-1.566121022080368
25.866452903441207,-1.5604736501119167
25.870242240485574,-1.5548269247924162
25.874032536100962,-1.5491808363706774
25.877823804245406,-1.543535395024186
25.8816160463882,-1.5378906183070922
25.885409227346145,-1.532246497146104
25.88920339718369,-1.526603039099654
25.892998509228487,-1.520960231121816
25.896794617153798,-1.5153180867904685
25.900591680722684,-1.5096765834754324
25.904389717767753,-1.504035723119138
25.908188728080027,-1.4983955054473
25.91198872548249,-1.4927559425753356
25.915789691448996,-1.4871170196774433
25.919591603256514,-1.4814787538514997
25.92339449983761,-1.4758411516281242
25.927198347211522,-1.4702042154542794
25.93100315663307,-1.4645679337171218
25.934808940687738,-1.4589323159627847
25.93861568760332,-1.4532973376883283
25.942423404962902,-1.44766300976242
25.946232094906158,-1.442029328315113
25.950041756811352,-1.4363962915861097
25.953852395220157,-1.4307639053180072
25.957663999524563,-1.4251321819551446
25.961476569178263,-1.4195011206231567
25.9652900712658,-1.413870721904269
25.969104571100242,-1.4082409842553305
25.97292000417397,-1.4026119048934476
25.976736433528675,-1.3969834808980617
25.980553829574077,-1.391355699835064
25.984372187391667,-1.3857285658442184
25.988191516398203,-1.3801020831511945
25.9920118162682,-1.3744762472036034
25.995833098828122,-1.368851071813343
25.99965530712168,-1.363226559204998
26.003478503324082,-1.357602717371306
26.007302656577316,-1.3519795422617842
26.011127751933785,-1.3463570237175124
26.014953826272574,-1.3407351536510363
26.018780875625527,-1.3351139372136702
26.02260890706381,-1.329493374157762
26.026437892864205,-1.3238734546591207
26.030267846879944,-1.3182541890255057
26.034098762765556,-1.3126355828242557
26.037930642066872,-1.3070176489306606
26.04176348909841,-1.3014003789646134
26.04559727177391,-1.295783772787282
26.049432037635228,-1.2901678351676116
26.053267760606733,-1.2845525467843968
26.0571044521985,-1.2789379088555757
26.060942112477175,-1.2733239202370232
26.064780755197194,-1.2677105931115284
26.068620361781704,-1.2620979124014597
26.072460909512913,-1.256485895084064
26.076302437362248,-1.2508745480065402
26.080144911528304,-1.2452638735016195
26.08398834338575,-1.239653860106404
26.087832745498453,-1.234044517520947
26.091678106138154,-1.2284358210874902
26.095524432710064,-1.2228277816747946
26.099371727396534,-1.217220395385167
26.103219989623355,-1.2116136604750742
26.10706922400749,-1.2060075827750585
26.11091943789904,-1.2004021623879961
26.11477057416695,-1.1947974100582248
26.118622694487858,-1.1891933331404154
26.12247577028727,-1.1835899228315097
26.1263297737809,-1.177987181953359
26.130184771540453,-1.172385103794832
26.134040731096256,-1.1667836773374078
26.137897647983102,-1.1611829045468562
26.141755009801965,-1.1555828460289437
26.14561095240995,-1.1499825379237687
26.149465279359408,-1.1443808767341446
26.153319600332264,-1.138778469196185
26.157175557071866,-1.1331766757633168
26.16103283317972,-1.1275761809196456
26.164890095686342,-1.1219762725284528
26.168745839098605,-1.1163757933618963
26.17260026783674,-1.1107741068418864
26.176454676573336,-1.105171793439094
26.180310572821163,-1.0995699743059777
26.18416784871275,-1.093969424961236
26.188025132109402,-1.088369540192858
26.191880882495592,-1.082769112558332
26.195735293988534,-1.0771674276274172
26.199589161267124,-1.0715651535314517
26.203442173849073,-1.0659625111081863
26.20729397665516,-1.0603590835248022
26.21114483306644,-1.0547548567537273
26.214994847330544,-1.049150088498416
26.218843861618428,-1.0435447101056177
26.22269184102417,-1.0379386163170647
26.22653889280436,-1.0323318586788086
26.230385015743533,-1.0267244736922876
26.234230152262356,-1.021116414195905
26.238074318229344,-1.0155076617747867
26.241917551969546,-1.0098982592545058
26.245759826497487,-1.00428820288659
26.249601133980324,-0.9986774740522619
26.253441471436208,-0.9930660770704035
26.25728085537336,-0.9874540617576276
26.26111925000761,-0.9818413768608614
26.264956680666653,-0.9762280355481163
26.26879315119068,-0.9706140631840726
26.27262864843217,-0.9649994115677233
26.276463195054816,-0.9593841055252078
26.28029677987423,-0.9537681362415101
26.284129405822334,-0.948151501632787
26.287961597590755,-0.9425341474539799
26.291795218958807,-0.9369170125354156
26.29563045102086,-0.9313012086105995
26.29946571093769,-0.9256862070172115
26.30329930081418,-0.920070581618227
26.30713154150516,-0.9144536743374325
26.310963299393872,-0.9088362455541885
26.314794136784585,-0.9032184817901779
26.318623757891572,-0.8975999208683271
26.322452436745596,-0.8919805605786302
26.326280296386493,-0.8863606455009054
26.330107144193974,-0.8807401088078093
26.333932961901432,-0.875118829465753
26.337757863360057,-0.8694968798321766
26.34158182681479,-0.8638743248471293
26.3454047846142,-0.8582510996288171
26.349226773016355,-0.8526272297183789
26.353048312062743,-0.8470026432624916
26.35687128994562,-0.8413783004128443
26.3606953489546,-0.8357553635845307
26.36451756037708,-0.830132249551311
26.368337925207253,-0.824507390091664
26.37215803534919,-0.8188818623843008
26.37597747096767,-0.8132562468924801
26.37979551023117,-0.8076298423567826
26.38361251365191,-0.8020025151925735
26.387428798819823,-0.7963746668388012
26.39124408130571,-0.7907462976739934
26.395058255930472,-0.7851171864054692
26.398871509855738,-0.77948735808847
26.40268386942236,-0.7738569424940844
26.406495223033044,-0.7682258743650778
26.410306110885273,-0.7625940454282801
26.41411794781012,-0.7569625074914423
26.417929012551205,-0.7513314482118466
26.421737996316672,-0.7456991107304618
26.42554618398345,-0.7400656540001792
26.42935394960556,-0.7344320189441585
26.433160526136234,-0.7287978636437491
26.43696589389361,-0.7231627605089346
26.440770484952434,-0.7175269923054949
26.444574199718595,-0.7118907219098348
26.44837681572031,-0.7062537602560406
26.452178978132316,-0.7006160476894605
26.455982601770035,-0.6949785599494327
26.459787867238013,-0.6893424861088646
26.463593119375293,-0.6837071508427033
26.46739669332338,-0.6780711646357227
26.471198977560224,-0.6724339226394146
26.47500076041649,-0.6667961500759244
26.478801648621754,-0.6611580187067608
26.482601273350475,-0.6555191038308492
26.48639996387805,-0.6498794134206662
26.49019781719268,-0.6442391924858042
26.493994656864967,-0.6385983502390199
26.497790468922368,-0.6329567815814975
26.501585360059362,-0.6273145515583586
26.505379313167687,-0.6216717016349711
26.509172773371073,-0.6160281242666814
26.512967678148673,-0.6103847962802221
26.516764197295593,-0.6047427929986456
26.52056072969309,-0.5991015898916648
26.524355604057593,-0.5934597634858381
26.528149139826244,-0.5878166371249358
26.531942199971997,-0.5821729981109789
26.535734358215805,-0.5765290002518423
26.539525282278632,-0.5708842049647732
26.543315254879136,-0.565238636412808
26.54710439754315,-0.5595925294197968
26.550892508457085,-0.5539458389341866
26.55467958136421,-0.5482984199765216
26.558465736491144,-0.5426503564349802
26.56225147910601,-0.5370016168926063
26.566038579360463,-0.5313530375637214
26.56982736715159,-0.5257058264385943
26.57361617509977,-0.5200593807088378
26.577403302619167,-0.5144123178594888
26.581189098983725,-0.5087639795786596
26.58497439316449,-0.5031151396945389
26.588758789098257,-0.4974659626477526
26.592541933896076,-0.4918159927144417
26.596324130039875,-0.48616524601914063
26.600105507218053,-0.4805139529778955
26.603885868407836,-0.47486204857408804
26.607665194139116,-0.46920941072841466
26.611443599368442,-0.46355611024345106
26.615221590427243,-0.457902139878593
26.619000975447474,-0.452248394400159
26.622781975619606,-0.446595984579835
26.62656300935028,-0.4409443527497335
26.630342342355355,-0.4352921224707605
26.63412036917321,-0.42963862454036983
26.637897897230744,-0.4239845966381631
26.641674530168235,-0.41833021925362684
26.645449923302845,-0.4126750452740705
26.649224379188215,-0.40701907944159227
26.65299800675929,-0.401362562948963
26.656770604971047,-0.3957054723023105
26.660542159218938,-0.39004765805271174
26.66431328674981,-0.3843891185532002
26.668085904964837,-0.378730886767149
26.671860104906514,-0.37307396250564934
26.67563433698034,-0.36741779296737026
26.67940689314019,-0.361761003628223
26.683178132079327,-0.3561029551242704
26.68694940118985,-0.3504443153442044
26.690722186685292,-0.3447861900450335
26.694495782222226,-0.33912929758306665
26.69826753039759,-0.33347213252945485
26.70203758209728,-0.3278133993175733
26.705807294146876,-0.3221540336939625
26.70957626742942,-0.31649455579252433
26.713343873431498,-0.31083427929552016
26.717110471112512,-0.30517309084275507
26.720876345493057,-0.2995113975638209
26.72464172897147,-0.29384909170813234
26.728408426964844,-0.2881868974430988
26.732176798313482,-0.282526004371611
26.735945263497157,-0.27686598462134615
26.739711946868308,-0.27120533694242027
26.743477334513898,-0.26554340270983734
26.7472422405936,-0.2598809369179533
26.75100626144723,-0.25421815016282573
26.75476901100355,-0.24855455275869184
26.758530826513628,-0.24289017584286693
26.76229180819195,-0.23722527988594283
26.766051761110443,-0.23155978884439282
26.76981119548896,-0.2258935358477666
26.77357210783728,-0.2202274701958234
26.777334674554364,-0.21456276016901016
26.781097258956102,-0.2088988375102205
26.784858140928083,-0.20323426675694814
26.788617727761018,-0.19756843858904236
26.792377322367653,-0.191902027462025
26.79613844312853,-0.18623619210642645
26.799900867820686,-0.18057149711580667
26.803663358816728,-0.1749074644665913
26.80742431985772,-0.16924295419699906
26.811183893620314,-0.16357720492479666
26.814942910391512,-0.1579108547317778
26.818701088358768,-0.15224415754913323
26.822458038095128,-0.14657670074391024
26.826214013994313,-0.1409084531296943
26.829969155442328,-0.1352396554763503
26.833723810702356,-0.12957020118723012
26.837479823768017,-0.1239009147722391
26.841237499555124,-0.11823296568663606
26.844995227172014,-0.11256582765555095
26.848751239377645,-0.1068980748651582
26.852505923708392,-0.10122903260882977
26.856260665107836,-0.09555941605958815
26.860016366257497,-0.08989036047465845
26.863771037235693,-0.08422164417683256
26.867523666165795,-0.07855153877321798
26.871275635897657,-0.07288046124799281
26.87502762815684,-0.06720914521171611
26.87878078069014,-0.061538143533202826
26.882535368444337,-0.05586816680383889
26.886290182275264,-0.050198973704461164
26.890043386156087,-0.0445293330552366
26.89379514441858,-0.03885837346898912
26.8975463958496,-0.03318682998738889
26.901297339687726,-0.027514932909155618
26.905049416029648,-0.021843166854424126
26.90880309044295,-0.01617252811104693
26.91255695940532,-0.01050279612589637
26.916309143100484,-0.00483253077751242
26.920059879240913,0.0008391071858947242
26.923810180032735,0.006511271870297334
26.927559615789757,0.012183740293984066
26.93130777875992,0.017857003508879844
26.93505498678824,0.023531072486612927
26.938801915033043,0.02920568781573383
26.942550184378177,0.03488006994710461
26.946300017262313,0.04055318495410766
26.950049917388295,0.04622552248463846
26.95379817438465,0.05189842307894468
26.957545086051947,0.057572590574438906
26.9612920060843,0.0632473816503213
26.965040467920353,0.06892163890157674
26.968789743617116,0.07459466142484912
26.972537226842434,0.08026793540954968
26.976282919931183,0.0859428372319224
26.980028308151194,0.09161833751014241
26.983773508486248,0.09729398920615379
26.98751967821025,0.10296961008446419
26.99126747817821,0.10864413616738483
26.995015529236326,0.1143177742720082
26.998761889793037,0.1199918861718887
27.002506784504135,0.1256673950851772
27.00625176925029,0.13134351391145185
27.00999832185416,0.1370190372864851
27.01374616328289,0.14269339709029863
27.017494035057144,0.14836712629226445
27.021240399274948,0.15404132569414913
27.02498537951377,0.15971671935397821
27.028729777446202,0.16539271855515567
27.032473326476904,0.17106907596062498
27.03621566129721,0.17674617937992895
27.039957564842894,0.18242411780855558
27.043700985374908,0.18810181831038011
27.04744606843769,0.1937780701230394
27.051191083657628,0.1994536261557017
27.054934411560787,0.20512979729627778
27.05867647472158,0.21080716811485922
27.06241853321618,0.21648513157104973
27.066162096980943,0.2221626057800626
27.069907019036314,0.22783891602251122
27.07365202677615,0.2335145648820979
27.07739543804654,0.2391907140489574
27.08113749611012,0.24486805593996014
27.084878979748485,0.25054598912195164
27.088619611688014,0.2562242555676292
27.0923595427949,0.2619033325157007
27.09610089694958,0.267582362624159
27.099844040702695,0.27325997916043404
27.10358719657273,0.27893676055034405
27.107328551856487,0.2846142253956131
27.111068636598525,0.2902929450477311
27.114808782022177,0.29597216714154706
27.118550372208382,0.30165091600627486
27.122293326423684,0.30732849012111557
27.126036346204213,0.31300544052366097
27.129777849442227,0.31868286251216754
27.133517972266997,0.3243615024596114
27.13725750409756,0.3300407312830284
27.140996725365788,0.33572035146089146
27.144737114830523,0.34139984980814114
27.148479106721034,0.3470781958009334
27.15222128588589,0.3527556642899692
27.155961753644682,0.3584336854678519
27.159700833263223,0.3641130318372702
27.163439957768595,0.36979300266157833
27.167180651603083,0.37547238455242293
27.170922646529046,0.381150604079657
27.17466466743035,0.38682818992210677
27.178405197593058,0.3925062276635328
27.182144317055762,0.3981854849352808
27.185883384382578,0.4038654139191716
27.189624030674967,0.409544825108306
27.1933655227815,0.4152229633536274
27.197105170316178,0.4209013808499873
27.200843088535553,0.4265814239240921
27.204581193981983,0.43226218006710465
27.20832103597063,0.43794212308921027
27.212062032813186,0.4436209303016311
27.21580304933875,0.4492991816082079
27.219542588051514,0.4549779013811793
27.22328076280562,0.46065777308738454
27.22701883773963,0.46633835179744326
27.230758503775554,0.4720184307558662
27.234499573159454,0.47769726888676106
27.238240650827773,0.4833754841872696
27.24198016958106,0.48905422931353815
27.245718348908767,0.4947341513813336
27.249455954004624,0.5004146541803776
27.253193221292356,0.5060955320210342
27.25693161533812,0.511776360708854
27.26067168164947,0.51745595704569
27.264411899146406,0.5231347221454952
27.268150430396243,0.528814010774662
27.271887549089975,0.5344946544852167
27.275624740678825,0.5401758896807183
27.279363474394597,0.545856570753324
27.283103520314192,0.5515360816965126
27.28684359634755,0.5572149572095572
27.29058218013066,0.5628942839375313
27.294319352383788,0.5685748285158886
27.298056475458576,0.5742560236458675
27.30179516421326,0.5799367213096586
27.305535232394853,0.585616206870074
27.30927531937218,0.5912950803507095
27.313013915112997,0.5969744229176129
27.316751089360856,0.6026550147366759
27.320488226579503,0.6083362441517299
27.324226936665927,0.6140169125820485
27.32796698213212,0.619696401265732
27.331707070806473,0.6253752448475354
27.335445620860753,0.6310546016649705
27.339182814355897,0.6367351679405424
27.342919954886547,0.6424164049087674
27.346658668269413,0.6480970956862419
27.350398730609708,0.6537765949466599
27.35413935367863,0.6594554868088527
27.357880295736884,0.6651339823187076
27.361620078898664,0.6708125741213113
27.365358226634363,0.6764923666934871
27.36909623356044,0.6821730143679288
27.37283591390684,0.6878531736705898
27.37657704489873,0.6935319545399861
27.38031810415181,0.6992101432036872
27.38405756671441,0.7048889063558109
27.387795751949156,0.7105688057968294
27.39153387997157,0.7162493361894084
27.395273530281496,0.7219294010447409
27.39901456461192,0.7276082751534799
27.40275567470913,0.7332864797637869
27.406495183983406,0.7389652090963169
27.410233340276562,0.7446451365600678
27.413971467711033,0.7503256760867925
27.417711110554183,0.7560057370519323
27.421452144700524,0.7616845730058457
27.42519374752278,0.7673628393823616
27.42893566630201,0.7730407265560142
27.432676476649686,0.778718667596747
27.436415600125596,0.7843978502172826
27.440154573458845,0.790077855936361
27.44389523346202,0.7957573407785115
27.44763731312719,0.8014354794041808
27.451379301547647,0.8071130200883436
27.45511978974581,0.8127910978703204
27.458858928939588,0.8184703793308977
27.462598034524465,0.8241502756220155
27.466338663101368,0.8298297055234479
27.470080681245694,0.83550793724957
27.473823281047146,0.841185580203198
27.477566189160427,0.8468628101665038
27.481307951576152,0.8525401229742139
27.485048022965916,0.8582186360762637
27.48878796081718,0.8638979976831175
27.49252961119358,0.8695767919780464
27.496272653937453,0.8752542967043229
27.500015647232264,0.880931199183565
27.50375709471607,0.8866086709379137
27.507497230767196,0.8922873225264282
27.511237335859573,0.8979665913169488
27.514978932089132,0.9036454043618485
27.51872192284044,0.9093229747587853
27.522465476815977,0.9149999375707484
27.526209876116027,0.920676571066754
27.529955508826323,0.9263524279690101
27.533701577951987,0.9320274796182718
27.537446112791464,0.9377028076821433
27.541189042154006,0.9433795377038637
27.544932006336953,0.9490569891567551
27.548676628587963,0.9547338272029527
27.552422553565933,0.9604094438407166
27.55616845955448,0.9660844682578952
27.559912885144634,0.9717599712060159
27.563655910625318,0.9774366583758591
27.567398887674777,0.9831139909524285
27.571143414488937,0.9887908379392838
27.57488932860513,0.9944664715278382
27.57863581166988,1.0001415253235795
27.582383143976433,1.0058162550235337
27.586131206860994,1.011490160882948
27.589877804454964,1.0171641425568492
27.5936226437747,1.0228395157655383
27.59736747509898,1.0285157323010368
27.601114070947908,1.034191254602454
27.604861952279613,1.0398655279335776
27.608609778188963,1.0455392780834667
27.612356168872402,1.0512135119907586
27.61610117349201,1.0568889397125945
27.619846101835606,1.0625650141763225
27.6235925915534,1.0682405554400787
27.627340447201107,1.0739149122628635
27.631088866854288,1.0795886517272621
27.634838150008807,1.0852620623254459
27.63858865860899,1.0909347443629485
27.642340158342737,1.0966066438372095
27.646091973330805,1.1022779294010538
27.64984235437337,1.1079494863607335
27.65359119747541,1.1136222718526076
27.657339954039422,1.1192958458953493
27.66109038792346,1.1249688146079906
27.66484216354538,1.1306405489394198
27.66859392139489,1.136311698585168
27.67234419957384,1.1419833434476792
27.67609308077869,1.1476562150851115
27.67984191519947,1.1533297192716887
27.683592309561632,1.159002676029487
27.687344052966488,1.1646744572468029
27.691096365231918,1.1703456260995382
27.694849548028177,1.1760164580590116
27.69860395149338,1.1816865598855617
27.70235934322741,1.18735588205948
27.70611505250539,1.1930245900295762
27.709869337348042,1.1986935714541862
27.713622080480675,1.2043637929672513
27.717374728057955,1.210034790065888
27.72112905770324,1.2157051802212533
27.724884728430922,1.2213743211179209
27.728640378697847,1.227042862565753
27.732394505562034,1.232711940923794
27.736147292020334,1.2383822178589143
27.739900057494545,1.2440531193982165
27.743654329582846,1.2497235729509126
27.747409995619282,1.2553927875942488
27.75116621742056,1.261061406237841
27.75492329433467,1.2667296522969724
27.75868158374104,1.272397163187954
27.762440841866106,1.2780638761837764
27.766200443966806,1.2837299629783436
27.7699586253711,1.289396340704369
27.773715237082563,1.2950639974926004
27.777471810846926,1.3007324084116756
27.78123004306557,1.3064002647322326
27.78498962504482,1.3120668674186378
27.788749157339545,1.3177328603689387
27.792507199037313,1.323399340981844
27.796264387852762,1.3290670941737865
27.800023428829107,1.3347345321654913
27.803784173836405,1.3404003943305445
27.807545262287285,1.3460656357963883
27.811307066447874,1.3517307705681616
27.815070280155826,1.3573951044696468
27.81883448899091,1.3630585578409147
27.82259943865559,1.368721506828746
27.826364875894075,1.3743838427530006
27.83012902284544,1.380046261906762
27.833891410127855,1.3857100159233375
27.83765376197238,1.3913745898961554
27.8414178389854,1.397038535270102
27.845183251854856,1.4027012089374349
27.848948613810496,1.4083633226005898
27.852713015321243,1.4140260252057362
27.856478483573802,1.4196890606984376
27.8602459635765,1.4253506747098663
27.86401409059307,1.4310113041232029
27.867782697199775,1.436671770883334
27.871552567327026,1.4423316475718155
27.875323593292368,1.4479906057523209
27.879094869228837,1.4536488992290149
27.882864705251492,1.4593075282894432
27.88663298870446,1.464967488400083
27.890401272007043,1.470628108759189
27.8941711286044,1.4762881915441666
27.897942350116622,1.48194701902361
27.901713557466003,1.4876052228201249
27.905483791525445,1.493264009673709
27.90925507352388,1.4989231399359308
27.91302836889769,1.5045809038956663
27.91680234212978,1.5102376519400569
27.92057679134074,1.5158942390622296
27.924352487250637,1.5215502561097924
27.9281293504674,1.5272053184121128
27.931906448933162,1.5328596983516376
27.93568206201576,1.5385144573603322
27.939456182983847,1.544170501745894
27.94323028429104,1.5498272673013607
27.947006008464516,1.5554834656950067
27.950783061744875,1.5611384034428228
27.954560112901447,1.5667927265065853
27.95833566254567,1.5724475519907737
27.96211033800217,1.578103657927285
27.965886869888987,1.5837594835958166
27.969665120562638,1.5894137064176166
27.97344371069227,1.5950673078538098
27.977223012859316,1.6007207999583253
27.981003717075044,1.6063734798830334
27.984785417284176,1.6120252650855795
27.988567833324904,1.6176765269795834
27.99235126201417,1.623327231266034
27.99613525145516,1.6289771398905226
27.99991777651041,1.634627235564328
28.00369863171882,1.640278732265333
28.00747949029351,1.6459310336948356
28.011262067005465,1.6515826450784061
28.015045900191968,1.6572330110581577
28.01883024271758,1.6628828663827893
28.022615492083837,1.6685323533645222
28.026401988884135,1.6741810523499905
28.03018942294863,1.6798289856562665
28.033977700637326,1.6854763861575426
28.037767001908446,1.691123184413554
28.04155733750192,1.6967692629417548
28.045348094599362,1.702414600984048
28.049137331911517,1.7080602262618432
28.052925009265532,1.7137071585854668
28.056712678443944,1.7193548237394964
28.06050196698975,1.725001923299374
28.064292604596883,1.7306477384234003
28.06808322109507,1.7362929810295031
28.07187288221986,1.741938800829321
28.07566358494483,1.7475849674201829
28.079456305005888,1.7532297348360995
28.08324965586365,1.7588734920289688
28.087043514333583,1.764517067872925
28.090838615185014,1.7701600724954298
28.094634866108287,1.7758021163077948
28.098431898126563,1.7814435457726547
28.10222931631405,1.7870844220976123
28.106025433535095,1.7927254714592558
28.109819917542115,1.798367809778437
28.11361434327719,1.804010959659331
28.117410461513973,1.8096535431805763
28.121207908928767,1.8152948200594832
28.125005335176418,1.8209354788343293
28.128801729931666,1.8265767516571245
28.132599195947403,1.83221833345724
28.136398677885765,1.8378584884946434
28.140198819693786,1.843497659379253
28.143999443504274,1.8491366900506252
28.14780134103732,1.8547751305496925
28.151604394533535,1.8604126377806556
28.155407688907253,1.8660494793430775
28.159209513946365,1.8716866768033378
28.16300980341014,1.877325169485739
28.16681009464078,1.8829643408192513
28.170611962170423,1.888602971475121
28.174415192651608,1.8942403063487214
28.178218411487055,1.8998770613695581
28.182020118202963,1.905514347711652
28.18582101162616,1.9111529054100134
28.189623743150992,1.9167911779326625
28.19342820359901,1.9224278170110594
28.19723296105236,1.928063841882515
28.201038430318174,1.9336997198203998
28.204845281117866,1.939334802084241
28.20865311330784,1.9449689720744894
28.212461701047552,1.9506026205579896
28.21627129163567,1.9562357248675575
28.220081441971004,1.9618680283246386
28.223890125225967,1.9675005324278219
28.227697139782617,1.9731344471405075
28.23150417059028,1.9787691633260716
28.23531291613476,1.984403199316741
28.239122939248603,1.9900359731239126
28.24293343445842,1.995668221966131
28.246744840054603,2.0013001120222067
28.250557483963366,2.0069311866654695
28.254371046012032,2.012561469920451
28.258185445352073,2.0181912221275304
28.262000874950406,2.023820367289239
28.26581733875095,2.029448790311144
28.269634198854572,2.035076501443014
28.27344961201021,2.040704489971532
28.277263428013754,2.0463338345756568
28.281077270635926,2.0519639140430006
28.284892730306584,2.0575934149624775
28.288709521875628,2.0632216121675295
28.292526266379284,2.0688492128322498
28.2963420366005,2.074477401698528
28.300158871947467,2.0801058655966806
28.30397768597342,2.085732969507369
28.307797170128648,2.09135905379227
28.31161713691568,2.0969849887870446
28.31543837035505,2.1026103386863455
28.319260231600197,2.108234707763463
28.323080470298073,2.113859338661345
28.32689903487868,2.1194854571285107
28.330717693759837,2.1251123040546274
28.334538049603395,2.130738405125404
28.33835962054093,2.1363633120434624
28.34218115824341,2.141987653860803
28.346001265041718,2.147612488729666
28.34982002115131,2.153238532337556
28.353638707160492,2.1588652483558133
28.357458942865847,2.1644914591874826
28.361280560459093,2.17011642707776
28.365102727047272,2.175740808894394
28.368925739107958,2.1813648077689445
28.372749956159723,2.1869880569237767
28.3765751417262,2.192610486154552
28.380400610077476,2.1982322940652104
28.38422469753453,2.203854396209559
28.38804724554536,2.2094777868663895
28.39186974097834,2.215101957556954
28.39569389963128,2.2207255364249803
28.399519402616953,2.22634783225432
28.403344887232073,2.231969511774651
28.407168794266127,2.2375917622304318
28.410991929246006,2.2432152572513973
28.414816893375917,2.248838419395859
28.41864354651199,2.25445998886412
28.422470538017702,2.2600809374176265
28.426297719904166,2.265701706311286
28.43012387888346,2.2713225570953597
28.43394848122535,2.2769444846011027
28.43777281110604,2.282567316851852
28.44159882843766,2.2881896659325043
28.44542630072396,2.293810592913876
28.4492536764662,2.299430940322442
28.453079544742288,2.305051862550755
28.456904087917408,2.3106740251944897
28.46072861639112,2.3162967865126376
28.464554619203472,2.3219190627250814
28.468382019115182,2.3275400624580938
28.47220997240436,2.333160482757089
28.47603876927427,2.3387805144410856
28.479868774001407,2.3443998144313034
28.483699250907208,2.3500182550861846
28.48752814346043,2.355637038512385
28.491355440113573,2.3612572318383425
28.495182801076222,2.366878131657114
28.499011815074795,2.372498349724464
28.502842079285692,2.3781173503895983
28.506672330959965,2.3837357680212317
28.510501108137728,2.3893547101263395
28.514328563992972,2.3949748452421318
28.518155948118363,2.400595662719602
28.5219848833971,2.4062159612153837
28.525815184155192,2.4118350128813124
28.529646026835433,2.417453459493115
28.533477709807485,2.4230715557124496
28.53731007483023,2.428688815195007
28.54114103918587,2.434306141092261
28.544970223048377,2.4399249438347606
28.54879944759457,2.4455445690652327
28.552630422569244,2.4511635109163823
28.556462657585158,2.456781183149604
28.560294855914506,2.4623983021308273
28.564125554256666,2.4680159741551733
28.567954948042754,2.473634809171552
28.57178427410339,2.479254260949453
28.575615088276642,2.4848732453374565
28.57944730123387,2.49049096342509
28.583280065904166,2.4961080777996676
28.587113677722805,2.5017248462846204
28.590947981084962,2.507340811390213
28.594780877929185,2.512956861613635
28.598612018704536,2.518574368983328
28.602443179917525,2.5241927147346077
28.606276077797606,2.529810349079252
28.610110243098898,2.5354266704179502
28.613944347526587,2.5410424491992005
28.617776942454714,2.5466587802252283
28.621608259181226,2.5522762678321422
28.625439489792452,2.557894435754648
28.629272267315724,2.563512094307661
28.633106425282676,2.5691285090815046
28.636941137097487,2.5747443334955595
28.640776141298492,2.5803597796615447
28.644610015163295,2.585975300799448
28.64844226186324,2.591592042460829
28.65227434446324,2.5972096233235935
28.656108102455292,2.6028266751464884
28.659943264003093,2.6084423421194316
28.663778343657846,2.6140574470690985
28.667611940373053,2.6196731020776385
28.671444198096093,2.6252899973587556
28.67527643260761,2.630907506534417
28.679110192327013,2.6365245009748266
28.682945281079594,2.642140274588465
28.68678042907678,2.6477553650511725
28.690614532129942,2.653371036952642
28.694449685833337,2.6589870717875423
28.698286858355154,2.664601707882762
28.70212419005134,2.6702152410538225
28.70595956572195,2.6758295431744137
28.709793631190177,2.6814452632046324
28.713627885110625,2.6870614301134492
28.71746357519862,2.6926770377768463
28.721300536983428,2.698291470402828
28.72513757448197,2.703905310575106
28.728973165660136,2.709519582388796
28.732807313063937,2.715135152273873
28.73664144803336,2.720751383219356
28.74047716282829,2.7263670572504424
28.744314185365624,2.731981493394071
28.748151758650152,2.7375953374286053
28.7519896447207,2.7432087666810525
28.755826389455095,2.7488223111625407
28.759661536122547,2.7544370610539213
28.76349649627617,2.7600527214017267
28.767333191042276,2.765667795581771
28.771171263063323,2.77128150670618
28.77500922845401,2.776894626462367
28.77884570277593,2.7825083087581093
28.782680833800175,2.78812319855556
28.786515964823575,2.793738697291464
28.790352562640788,2.799353749834535
28.794190579814305,2.8049675291990175
28.798028617412257,2.810580667717247
28.8018651020531,2.816194349601258
28.805700243440562,2.821809257319071
28.809535336658385,2.8274248166070564
28.81337199684154,2.833039784948738
28.81720997770039,2.8386535597143827
28.821048513084826,2.8442667248742146
28.824887374465582,2.849879497536758
28.828725078437575,2.8554923898510935
28.832561187244156,2.861106494315419
28.836397119203156,2.8667215032147095
28.840234788487106,2.8723359207965595
28.844073822835636,2.877948984434142
28.84791277972196,2.8835614522417496
28.85175021708241,2.8891744840912708
28.85558630981818,2.89478871914726
28.85942238024453,2.9004035755329216
28.863259969272555,2.9060178917057446
28.86709890944044,2.9116310168465365
28.8709379117067,2.9172434694623814
28.87477534984027,2.922856475081913
28.878611439808463,2.928470730691613
28.88244753138188,2.934085621327001
28.886285161234248,2.9396999880403327
28.890124127200323,2.945313147510494
28.893963109287025,2.950925639230124
28.897800577518982,2.956538640472534
28.901636664726105,2.9621528803021495
28.905472730041968,2.9677677500614155
28.909310308588903,2.9733820988213884
28.91314927657502,2.978995186757673
28.916988253382605,2.9846076523148204
28.920825699436254,2.9902206564398965
28.924661801845577,2.9958349043162187
28.92849790162033,3.0014497873636357
28.932335494676412,3.0070641940823295
28.936174472984323,3.0126772966293935
28.94001345788385,3.018289771796646
28.94385091910686,3.023902758116761
28.947686983919247,3.0295169951426004
28.951523056366902,3.0351318637883584
28.95536064262803,3.0407462252644835
28.959199614600447,3.0463593286589608
28.963038598648144,3.051971808965771
28.966876052829953,3.0575848297846253
28.970712166912655,3.0631990899733044
28.9745482511626,3.068813989560944
28.97838584429409,3.074428363540255
28.98222481664651,3.0800414494742454
28.98606380840492,3.085653911756815
28.98990122367497,3.0912669112181725
28.99373732225032,3.0968811402467766
28.997573380665077,3.1024960392848215
29.00141100076313,3.108110394769405
29.005249976888596,3.1137235137397985
29.009088958632038,3.119336010646789
29.012926425742215,3.1249490117304224
29.016762518065235,3.1305632551571976
29.02059858490898,3.1361781135267615
29.024436191434983,3.141792456119443
29.02827462730443,3.1474055223996094
29.032111221364733,3.1530188966135357
29.035946093828173,3.1586339325280757
29.039781224765633,3.1642496078647193
29.043617995018693,3.169864534737304
29.0474559482917,3.1754782570524056
29.051293878182765,3.1810914468313105
29.055130393466406,3.1867051207539703
29.05896556901774,3.1923199682024066
29.062800126359665,3.197935468206332
29.066634378237314,3.2035514024497176
29.07046983133967,3.2091671876959764
29.0743068690479,3.214781763191375
29.078144073039475,3.2203954446412797
29.081979517204665,3.2260097260226774
29.08583544556375,3.231628774933428
29.089795877052012,3.237208560086791
29.093882318371076,3.242691302905056
29.098046555940574,3.2480979379320547
29.102289136378754,3.253451157200599
29.106633464382792,3.2587298789712045
29.11107059804398,3.263924443941436
29.115588272073797,3.269046350098452
29.120192160461347,3.274095287707654
29.12488490382115,3.279062235627053
29.12966052451698,3.283946992252181
29.134516397995874,3.2887522921846615
29.139454345312075,3.2934746921849127
29.14447253808473,3.2981111681366633
